﻿<?xml version="1.0" encoding="UTF-8" ?>
<string_table>	
	<string id="flame_reload_1">
		<text>你曾经说过你能够给火焰喷射器补充燃料。你会那么做的对吗？我认为我需要你这么做。</text>
	</string>
	<string id="flame_reload_2">
		<text>是的、没有问题的，兄弟~你有燃料么？天哪，千万不要跟我说我还要自己去找！听好了，虽然这对我不是什么大事，但是你需要给我30000卢布才可以。给我一杯可以喝的，我的意思是真正的酒，明白吗？</text>
	</string>
	<string id="flame_reload_3">
        <text>更多的伏特加是吗?除非你想要变异区那种蒸馏酒。没有我你是找不到的。你知道的，30000卢布甚至是拿去买喷火器都不值。见你的鬼去吧。</text>
	</string>
	<string id="flame_reload_4">
		<text>这个玩意儿可是会要了你的命。这个是你要的燃料，哦还包括全变异区里最好的酒。赶紧帮我弄好就成。</text>
	</string>
	<string id="flame_reload_5">
		<text>嘿，我可不是机器！给我半小时吧。</text>
	</string>
	<string id="flame_reload_6">
        <text>好吧，但是你要记住我很快就会用到他。</text>
	</string>
	<string id="flame_reload_7">
		<text>我这没有任何的燃料啊。我只给你30000卢布和一些伏特加酒。那你必须先工作，之后才能喝酒，懂了吗？</text>
	</string>
	<string id="flame_reload_8">
		<text>好的，好的，多谢了。不用担心，给我一天足够了。</text>
	</string>
	<string id="flame_reload_9">
		<text>啥玩意儿？一整天？这就是狗屁专家的速度吗？也许我先喝点酒呢，哈哈，等会再见吧哥们。</text>
	</string>
	<string id="flame_reload_10">
        <text>加油站怎么去？</text>
	</string>
	<string id="flame_reload_11">
		<text>干的漂亮！简直就是我生命中的一部分~拿去吧。</text>
	</string>
	<string id="flame_reload_12">
		<text>好的，谢谢你!好哥们！</text>
	</string>
	<string id="flame_reload_13">
		<text>嘿，可别说的这么草率。这可不是那么简单的好吗。下次再挑个时候来吧。</text>
	</string>
	<string id="flame_reload_14">
		<text>好吧，但是兄弟你能快点吗！</text>
	</string>
</string_table>