﻿<?xml version="1.0" encoding="UTF-8" ?>
<string_table>
<string id="mil_freedom_commander_7000">
    <text>多谢了，史特列洛克！看来我们做到了...该死的疯子!不过那帮黑石疯子还不是这儿的主要威胁，最近，变异怪物已经开始从雷达站那边向这儿入侵了。所以现在这儿是一团糟！它们的移动速度相当的快，没人能射中移动得如此快的目标！我们有一具火焰喷射器，对付那些混蛋东西简直就是神器，但它现在已经坏了。也许我们的技师吝啬鬼[Screw]能修好它。但我们根本没办法从这鬼地方腾出人手来？！看来现在你是不二人选了！嗯，也该给你一些小奖励了。现金可以吗？</text>
</string>

<string id="mil_freedom_commander_7001">
    <text>当然了，只要货币不是美元，那么听起来就不错。</text>
</string>

<string id="mil_freedom_commander_7002">
    <text>你还有别的什么吗？</text>
</string>

<string id="mil_freedom_commander_7003">
    <text>嗯，你也清楚我们目前资金紧张。这样吧，我给你1000卢布，还有那具坏掉的火焰喷射器。它现在反正也不顶用，正如我之前说的，我们没人会修。我想你是个聪明人。把它带到吝啬鬼那儿。我想他一定有办法修好它。相信我，只要它能用了，它的价值可不是用钱能衡量的。红烧史诺克可是相当可口的哦。</text>
</string>

<string id="mil_freedom_commander_7004">
    <text>不，谢谢!我不需要那块垃圾。</text>
</string>

<string id="mil_freedom_commander_7005">
    <text>我认为这个火焰喷射器以后会更有用的。</text>
</string>

<string id="mil_screw_flamethrower_1000">
    <text>嗨，吝啬鬼，给你，看看这物件。坏得不能再坏的火焰喷射器。别用这种眼神看我好吧，是你的朋友们搞坏的。我帮了他们些小忙，于是他们用这个作为报酬给了我。还说只有你能修好它。你觉得呢？还能修吗？</text>
</string>

<string id="mil_screw_flamethrower_1001">
    <text>老天爷的天啊...老子费了不少工夫做这个火焰喷射器啊！败家玩意！要多蠢的货才能把它搞成这德性！燃油软管都不见了，他妈的！难道那帮蠢货用它对着整个变异区的变异点都扔了一遍？要不然就是被奇美拉啃过了？好吧，我的朋友，现在有活干了。我已经为了它累死累活地熬了很多个通宵了。但既然你帮了我的基友们，那我也帮你吧。但我先声明，我帮你绝不是贪图你的美色。我会列一份需要更换的配件清单。有很多配件我手上已经有了，有些我也可以从这附近搞到。但想清楚先，你真想为了这玩意跑遍整个变异区吗？</text>
</string>

<string id="mil_screw_flamethrower_1002">
    <text>绝对不行！让这块狗屎见鬼去吧！还是说你愿意花2,500卢布从我手中换这种玩意儿？</text>
</string>

<string id="mil_screw_flamethrower_1003">
    <text>要是这个东西可以在整个特异区运作呢？呃，我在这儿还有的别的事要做吗？告诉我你需要什么。</text>
</string>

<string id="mil_screw_flamethrower_1004">
    <text>随你便，这个归我了。</text>
</string>

<string id="mil_screw_flamethrower_1005">
    <text>很好...我们需要这些: \n\n 
    首先，一个“火球”神器。这个喷火器上的破洞多得就像瑞士奶酪上的。我可以把大部分的破洞给焊上，但这工作只有等冬天过去了才能干。但是，如果有火球这神器的话，就不用等了。相信我，那球体有一种未知的属性。确实是很有用的属性。嗯 \n\n 
    第二步，我们要准备一些管子和油管。现在我手上的用在厕所马桶上正合适，在火焰喷射器上没办法用。所以要搞些管子来。去找封锁线的西德洛维奇。他们经常成吨成吨的往他那运垃圾...从...嗯...从垃圾场。帮我给他带个好。 \n\n
    第三步，搞个新的压力计来，如果你不想被当人油蜡烛给点了的话。老天，他们难道用这个（旧的压力计）开过罐头吗。那帮该死的白痴，好了，去找吧。去农业研究所找找看。那有一个研究所，你知道吧，也许在那里能找到些有用的。  \n\n
    第四步，还要一个点火装置。重要的零件。原先的喷嘴可是用钛金属做的。我真的很想知道，哪个王八居然能把钛合金的喷嘴搞坏？！从我们的人那里搞喷嘴是想都别想的。没人会给你的。这玩意可是熏制香肠的神器啊。当然喽，你也可以去营房里随手偷一个。不过，我有个更好的办法。去找酒保，他是个收集狂。所以他很可能会有这玩意。从他那买一个，但别提是我要用啊。要是让纪律团的人知道我在这儿造武器，他们不逮到我的话，恐怕连觉都会睡不着了。我怎么会惹上这么难搞的麻烦呢？ \n\n
    最后，对于这项小小的维修工程来说，也是最重要的一样配件，伏特加，必须是蒸馏过的。这个非常重要。它的用处可多了。可以清洗零件，也可以让我的头脑保持清醒。能搞到吧？你会带伏特加给我吧？你应该理解吧，做这样的工作，我需要很强的动力。我想五瓶就好。还是七瓶吧!哈，要是能有十瓶，让我跪都行。 \n\n 我也说过了，要做的事太多了。就这样吧。
    我想你会搞齐这些的。你可是史特列洛克，对吧?然后，你就会有一台自己的火焰喷射器了。 我看好你哟，如果你能先找到伏特加，那就完美了。</text>
</string>

<string id="mil_screw_flamethrower_1006">
    <text>看起来我就要做个很严肃的交易了啊，希望那东西值得这么做。</text>
</string>

<string id="mil_screw_flamethrower_1007">
    <text>相信我，这肯定很值的。另外，这东西要花掉你5000卢布。不是很多，因为我看你还不挺错的。</text>
</string>

<string id="mil_screw_flamethrower_1008">
    <text>等等，你没说过关于钱的事!</text>
</string>

<string id="mil_screw_flamethrower_1009">
    <text>嘿，讲点道理啊。我给你准备的这东西可以轻松给我弄来100万好吗!但我是个好人，史特列洛克。好啦好啦，就别这么一毛不拔了嘛!</text>
</string>

<string id="mil_screw_flamethrower_1010">
    <text>你这该死的家伙。好吧，我同意。我没回来之前可别因为没伏特加喝而挂了。</text>
</string>

<string id="escape_trader_flamethrower_dialog_0">
    <text>嘿西德洛维奇!我从吝啬鬼那儿带了些消息过来。他想知道你还记不记得他。</text>
</string>

<string id="escape_trader_flamethrower_dialog_1000">
    <text>吝啬鬼，呵呵，吝啬鬼，我吝你妈!史特列洛克我记性已经没年轻时那么好了。但我仍记得一个叫吝啬鬼的潜行者。他就是一个真-喝伏特加的恶魔!如果我不看着的话那家伙都能喝掉我所有的库存!我还想着如果他一直喝着的话到现在应该喝死了。嗯。不过他年轻的时候倒是给我带了一些很值钱的东西，那时候他的那双手啊，你也知道的，大师之手。他能修好任何坏掉的东西，所有的，无论是电视还是辐射测量器难道说那家伙还活着?</text>
</string>

<string id="escape_trader_flamethrower_dialog_1001">
    <text>对，就是他。是他让我找你的，还说你可能会有一些我需要的东西。我正在找一根铁管子，不用太大的。不要问为什么或是做什么用的，只是我让吝啬鬼帮我修点东西。你这有这样的玩意吗？</text>
</string>

<string id="escape_trader_flamethrower_dialog_1002">
    <text>什么我要铁管子有个鸟用？我才不会收不实用或没人要的东西！</text>
</string>

<string id="escape_trader_flamethrower_dialog_1003">
    <text>那么这些管子多少钱？</text>
</string>

<string id="escape_trader_flamethrower_dialog_1004">
    <text>史特列洛克，你是脑袋中了辐射吗？我跟说过了，这里没有任何该死的铁管子！我给你个小小的提示吧。听到你说吝啬鬼还活着，我真的很高兴。所以我建议你去找阿列克谢-坦堡斯基[Alexey Tambovsky]。他一真收集各式各样的破烂。他现在正在垃圾场翻找某些生命探测仪寻找零配件呢。我把他的坐标位置给你吧。</text>
</string>

<string id="escape_trader_flamethrower_dialog_1005">
    <text>谢谢哈，你的意思是要免费提供建议给我？太不可思议了吧。</text>
</string>

<string id="escape_trader_flamethrower_dialog_1006">
    <text>你说什么？看来我不仅仅是记忆有问题。</text>
</string>

<string id="escape_trader_flamethrower_dialog_1007">
    <text>我说非常感谢！感谢你提供的信息。另外保重身体啊，西德洛维奇。</text>
</string>

<string id="escape_trader_flamethrower_dialog_1008">
    <text>是啊，我的健康状况大不如前了。</text>
</string>

<string id="gar_flamethrower_0">
    <text>嘿，你好，你需要什么？</text>
</string>

<string id="gar_flamethrower_1000">
    <text>西德洛维奇告诉我说你可能有些铁管。</text>
</string>

<string id="gar_flamethrower_1001">
    <text>呃，铁管?嗯，我曾在那些充满辐射的小山上看到过一些。但我没法接近那儿。因为我没有有效的防护装备。不过我倒是把坐标记了下来。如果你真要它们，那我能用便宜价格卖给你。在山上我还曾计划搜寻会其他的玩意，但却因此吸收了不少辐射，之前我才刚清干净我的鼻血。仔细听我说，你给我搞点抗辐射剂，我就告诉你坐标，好么?</text>
</string>

<string id="gar_flamethrower_1002">
    <text>哦哦当然。但我没有抗辐射剂。所以你得靠你自己解决问题了。我自己去找位置。</text>
</string>

<string id="gar_flamethrower_1003">
    <text>嗯，到了辐射地带时照顾好自己吧。就这样了。</text>
</string>

<string id="gar_flamethrower_1004">
    <text>把你PDA给我，看，我在那做了一个标记。我很肯定铁管就在那儿，没人能偷走他。去吧!</text>
</string>

<string id="gar_flamethrower_1005">
    <text>真是谢谢你了。祝你用那新设备后运气更好啦。</text>
</string>

<string id="barmen_flamethrower_task_0">
    <text>你好！听着，你能卖给我一个完整的喷嘴吗？</text>
</string>

<string id="barmen_flamethrower_task_1000">
    <text>一个喷嘴？有趣的问题。问这个问题可能不太合适，但是你为什么需要它？</text>
</string>

<string id="barmen_flamethrower_task_1001">
    <text>我已经吃够了烟熏的史诺克的脚了！</text>
</string>

<string id="barmen_flamethrower_task_1002">
    <text>噢，真的吗？好吧，这确实不是我的事。我有一个，而且看起来它还能正常工作。支付250卢布你就可以买下来。</text>
</string>

<string id="barmen_flamethrower_task_1003">
    <text>250卢布？算了吧，我自己去别的地方找。</text>
</string>

<string id="barmen_flamethrower_task_1004">
    <text>价格不错，来，钱拿着。</text>
</string>

<string id="parts_completed_0">
    <text>零件都拿来了？我希望你可没忘了伏特加。</text>
</string>

<string id="parts_completed_1000">
    <text>都拿来了，伏特加也是。开工吧！我等着火焰喷射器，我的钱等着你。</text>
</string>
<string id="parts_completed_1001">
    <text>放心吧兄台！我说了我会修好这鬼东西的。给我一天时间，你会拿到它的。</text>
</string>

<string id="parts_completed_1002">
    <text>就这么说定了。我会等你的。</text>
</string>

<string id="parts_completed_10111">
    <text>呃，修理进展如何？是不是快完了？</text>
</string>

<string id="parts_completed_1003">
    <text>噢，呃...呃...史特列洛克，嘿嘿，最近怎么样，伙计？你想从我这儿得到什么？啊，啊，对了！火焰喷射器！你真的以为它已经被修好了？噢，抱歉伙计，我觉得我可能喝的有点太多了所以没能抓住时间修理。</text>
</string>

<string id="parts_completed_1004">
    <text>你是在耍我？你说过喝酒可以让你集中注意力。要是你工作的时候不喝酒的话，火焰喷射器本来是可以完全修好的，真见鬼，等你清醒点了我会回来的。</text>
</string>

<string id="parts_completed_1013">
    <text>好吧，你现在清醒了吗？我的火焰喷射器怎么样了？</text>
</string>

<string id="parts_completed_1005">
    <text>是的，我现在好了，真抱歉，这是你的火焰喷射器！</text>
</string>

<string id="parts_completed_1006">
    <text>真的吗？！我还以为你根本就修不好呢。看起来不错，让我试试。</text>
</string>

<string id="parts_completed_1007">
    <text>嘿，先别急，我今天可没喝醉。我们有言在先，修理费10000卢布，还记得吧？</text>
</string>

<string id="parts_completed_1008">
    <text>什么？！你的脑子让伏特加烧坏了吗？是5000卢布。或许我该给你提个醒，纪律团的人会多有兴趣知道你在这里搞东搞西吗？</text>
</string>

<string id="parts_completed_1009">
    <text>好了，别激动，就5000卢布吧。给你喷火器。现在你的日子会好过些了。哦，对了，还有。那个燃料罐里的燃料可以连续喷射燃烧差不多一分钟。然后就会耗尽。用完回这儿，花点钱我给你重新加满。你要记住，这可不容易。我还要一只汽油罐还要一罐喷火器用的瓦斯。当然，我可以帮你搞到，但会让你破费不少钱。</text>
</string>

<string id="parts_completed_1010">
    <text>一个罐装瓦斯？我要去哪找？</text>
</string>

<string id="parts_completed_1011">
    <text>罐装瓦斯!我给你说过了!那些知识分子为了做试验，带了很多东西进了变异区。用他们的东西做燃料再合适不过了。你可以在诸如农业研究所或是军方仓库的地方找到这些东西，很多地方都有。如果现在就去搜寻它们的话就最好么，好吗?别忘了，是一罐燃料桶和一罐那该死的罐装瓦斯。</text>
</string>

<string id="parts_completed_1012">
    <text>好咯，我明白了。谢谢你。好好享受你还有的伏特加吧!</text>
</string>

<string id="mil_screw_flamethrower_text">
    <text>我需要找到吝啬鬼给我列的清单上的玩意: \n\n
1。一个火球神器。 \n 
2。铁管。吝啬鬼说西德洛维奇可能还有些这玩意。 \n 
3。压力计。去农业研究所找找吧。 \n 
4。点火喷嘴。找酒保要个。 \n 
5。十瓶伏特加。这酒鬼。 \n\n
看来今天会很忙啊。 </text>
</string>

<string id="trubka_descr">
    <text>铁管。。。虽然有点小弯，不过看起来还结实。这应该可以用在火焰喷射器上。</text>
</string>

<string id="gorelka_descr">
    <text>中号点火喷嘴。潜行者都说，用这玩意熏过的香肠更棒。这玩意是用来点燃火焰喷射器里那些高温混合物的。</text>
</string>

<string id="manometr_descr">
    <text>一个简单的压力测试装置，从苏联时期的工业设备上弄下来的。它的玻璃有些脏但是整体情况不错。这个东西应该能在火焰喷射器上正常工作。</text>
</string>

<string id="flama_descr">
    <text>可怜的东西。谁知道它工作时能展现怎样美妙的能力。或许一个专业人员能够修理好。我在哪里能够找到这么一个人？</text>
</string>

<string id="flame_descr">
    <text>基于军队模型的手工制作的火焰喷射器是由吝啬鬼制造的。它是一个令人绝望的毁灭性近战武器。火焰喷射器的最佳使用方法就是一群一群地烧烤变异怪物。完整充气之后火焰喷射器能够工作一分钟或更久。</text>
</string>

<string id="flame_no_parts_0">
    <text>该死的，我忘记了一些东西，我等会儿回来。</text>
</string>

<string id="item_flamethrower_bad_name">
    <text>损坏的火焰喷射器。</text>
</string>

<string id="manometr">
    <text>压力计</text>
</string>

<string id="trubka">
    <text>铁管</text>
</string>

<string id="gorelka">
    <text>点火喷嘴</text>
</string>

<string id="flamethrower_basic">
    <text>纯手工打造的火焰喷射器，人类工程技术的结晶。自由团基地里的吝啬鬼全程提供加油续杯服务。业内核心机密科技产物，所以燃料稀少。燃料组成包括：标准无铅汽油（存储在普通罐体）、特制凝固气体（用印有红色标记的罐体存储）。吝啬鬼说在农业研究有很多这种燃料，当然，除了吝啬鬼，别人也找不到。所以价格不菲。而且还得额外给他一瓶伏特加。</text>
</string>
</string_table>