﻿<?xml version="1.0" encoding="UTF-8"?>
<string_table>
 <string id="mil_lukash_healing_armor_01">
    <text>结果呢，史特列洛克！这身套装真是太神奇了！我们想把他们的科技引进到我们的服装里。我们会给你些秘方做为奖励。悄悄告诉你吧，我们这儿有个家伙，他就是个天才，他叫大厨[Cook]，你以前可能也听说过他。他能把没什么价值的神器转化成实用的新神器，虽然他的工作方式有点奇怪，他重击自己的头，之后就一幅很惬意的样子，尽量去理解，好吗？?</text>
</string>

 <string id="mil_lukash_healing_armor_02">
    <text>是的。</text>
</string>

 <string id="mil_lukash_healing_armor_03">
    <text>还有件事，史特列洛克，我希望关于这些能带来好处和善行的事不要让纪律团的人知道，好吗？</text>
</string>

 <string id="mil_lukash_healing_armor_04">
    <text>保证不会。</text>
</string>

 <string id="trader_beads_1">
    <text>作为奖励，我会给你一个很有价值的秘方，你很快就能体会到把一个神器转化成另一个的好处了。这是完全可能的。不相信我说的吗？看下你的PDA，我把信息传给你。</text>
</string>

 <string id="trader_beads_2">
    <text>这么说你永远不会告诉我你从哪得到的消息咯？</text>
</string>

 <string id="trader_beads_3">
    <text>是的，没错，但是拿到神器配方你也够满意了吧？</text>
</string>

 <string id="ecolog_prizrak_outfit_reward_1">
    <text>我可得为了这件护甲好好谢谢你！不光光是性能好，对于我们的调查也有帮助啊。看看你的PDA吧，我要给你一些值钱的信息了。奇美拉的眼泪[Chimera Tears]可以帮你抵抗脑残怪的精神影响，也许能帮你通过普里皮亚季！保重，史特列洛克。希望我们的合作能持续下去！</text>
</string>

<string id="drunk_dolg_reward_phr_1">
    <text>嘿！史特列洛克！我们纪律团从来都是有债必偿。拿着这个配方，它会向你显示怎么修改神器。相信我，这种讯息可不常见！好好使用。</text>
</string>

<string id="val_sos_dialog_21_amk_1">
    <text>谢了朋友，你可帮了我不少啊。有机会我一定要报答你，只要我还活着。不过现在我有个消息可以告诉你：往南边有个牧场，里面有一队独行者。他们中有一个在低价卖高斯枪；我没记错的话大概是800卢布。我想去买来着，不过那个它妈的吸血怪攻击了我，把我丢到这儿来了。你要是有钱的话我们一起去吧。我实在是想不到有什么能比这条消息更能报答你的救命之恩了。说实话，我还有件事能跟你说。你听说过“酸性皮卡丘”[Acidic Porcupine]？</text>
</string>

<string id="val_sos_dialog_21_amk_2">
    <text>你们聊的是变异怪物吗?我从未听说过有这么个怪物。</text>
</string>

<string id="val_sos_dialog_21_amk_3">
    <text>不不不，是一个改良的神器!它充满着一股浓烈的酸臭味，里面的液体是分层的所有没法把它拴在腰带上。所以你得用一个袋子，或者塑胶制的容器来装它。另外，还得有个适用的盖子盖着它。当你创造过这种神器后你就懂了。</text>
</string>

<string id="val_sos_dialog_21_amk_4">
    <text>你怎么搞到这个配方的。看起来你来变异区的时间并不长，怎么，你杀了谁?</text>
</string>

<string id="val_sos_dialog_21_amk_5">
    <text>不不不!我是在一个死掉的纪律团潜行者身上找到的，我，我可没有杀他!在他面前我连一招都撑不下去，他可是有着装甲外骨骼的!我绝无可能杀掉他!他是被什么强大的东西杀掉的。那外骨骼架看起来被什么东西咬过，装甲也破烂不堪。基本不可能修好了。但他的PDA还完好无损，这配方就是我在里面找到的。让我传到你PDA上，你自己读读吧。</text>
</string>

<string id="val_sos_dialog_21_amk_6">
    <text>那就谢谢你了!祝你好运!</text>
</string>

 <string id="amk_zapiska">
    <text>潦草地写在一张纸上。</text>
</string>

 <string id="amk_zapiska_s">
    <text>便条。</text>
</string>

 <string id="mil_freedom_commander_3001_amk">
    <text>谢谢你，史特列洛克，感谢你的帮助。我的家伙们都已经筋疲力尽了。两个小时前，他们曾与一个脑波怪以及脑波怪控制的一群脑死亡潜行者们大干了一场。这真是一场艰苦的战斗。我失去了三个好兄弟而且剩下的所有人一直在抱怨说响声还在脑袋里环绕。你只需要告诉我他们是如何射击的，他们中的大多数通常枪法都很不错，但是是在没有脑波怪油炸他们的脑子的时候。为了感谢你及时的帮助，我会给你一份转化配方。卡利夏-祖克[Grisha Zvuk]最近从某个检查点回来了，就在那儿他的队伍参与了一项肮脏的业务，他们杀掉了一些纪律团潜行者。而在纪律团之中某个人的PDA中，他发现了一些有趣的信息。我想一旦你阅读了这些信息你就会明白的。祝你好运，我希望我们能再见面！</text>
</string>

 <string id="bar_dolg_leader_quest_rg6_finish_1_amk">
    <text>干的好，史特列洛克。你帮了我大忙。作为回报你可以拿走这套衣服。我想它会对你有用的。还有另一件事，科学家们为了感谢我们所做的某些工作所以给了我们一份转化配方。你帮了我，所以你赢得了这份配方。自由团不会知道这件事的，对吧？看一看你的PDA，我已经把信息上传到里面了。</text>
</string>

 <string id="amk_hud_disabled">
    <text>互动抬头显示器－关</text>
</string>

 <string id="amk_hud_enabled">
    <text>互动抬头显示器－开</text>
</string>

 <string id="amk_hud_and_steam_enabled">
    <text>互动抬头显示器－开＋呼吸</text>
</string>

 <string id="amk_mat_disabled">
    <text>坏消息－关</text>
</string>

 <string id="amk_mat_enabled">
    <text>坏消息－开</text>
</string>

 <string id="amk_rad_disabled">
    <text>辐射剂量表－关</text>
</string>

 <string id="amk_rad_enabled">
    <text>辐射剂量表－开</text>
</string>

 <string id="amk_mus_disabled">
    <text>动态战斗音乐－关</text>
</string>

 <string id="amk_mus_enabled">
    <text>动态战斗音乐－开</text>
</string>

 <string id="amk_treasure_old">
    <text>物品藏匿处－普通模式</text>
</string>

 <string id="amk_treasure_new">
    <text>物品藏匿处－内容随机模式</text>
</string>

 <string id="amk_treasure_rare">
    <text>物品藏匿处－随机罕见模式</text>
</string>

<string id="amk_options">
    <text>AMK 选项</text>
</string>

 <string id="amk_rkd0">
    <text>酷。</text>
</string>

 <string id="amk_rkd1">
    <text>嗨，有你的好消息和坏消息。我先从坏消息开始。我不知道你做了什么，不过看起来都不是一些好事情。我被派来做掉你。</text>
</string>

 <string id="amk_rkd2">
    <text>啥？</text>
</string>

 <string id="amk_rkd3">
    <text>好消息是我并不是真的想这样做。为什么？我不知道，不过你有一个救自己的好机会。你应该知道在这特异区所有东西都有自己的价值。</text>
</string>

 <string id="amk_rkd4">
    <text>操你妈！</text>
</string>

 <string id="amk_rkd5">
    <text>你知道吗，我相信这样的事情迟早都会发生。</text>
</string>

 <string id="amk_rkd6">
    <text>用你的脑袋好好想想！想一下！</text>
</string>

 <string id="amk_rkd8">
    <text>谢谢了老兄，我现在就离开。祝你好运！</text>
</string>

<string id="amk_recipt_stone_dikoobraz_1_text" >
    <text>记录1：“...我们目睹了从开始到结束的整个过程，尽管黑石士兵把跳板变异点[Springboard]围得水泄不通，不想让任何人看到神器的转化过程和神器的真容。但阿童木[Artiom]当时靠得很近，所以他用望远镜就能看到神器，很清楚的看到它被扔进了变异点。那是个酸性豪猪（非常奇怪的名字，但创造它的那个潜行者是这么叫的，大家也就跟着这么叫了）。9小时后，天黑了，那神器被变异点抛了出来。现在我们要从黑石士兵那把它偷出来。阿童木[Artiom]主动请缨等他们黑石士兵下次向黑石祷告时就去偷。整个过程有40分钟左右。等我回来后，我要去关心下那个聪明的家伙，我想，佛兰德赛维-李昂德维奇[Vladislav Leonidovitch]，你也会支持我的。” \n 记录2：“...我要把数据分段上传到一个记忆卡里，复制它。我们干净利落的解决掉了黑石士兵。”当时他们正围着个背包嚎叫（刚开始我以为是个背包，但实际上是个便携式的祭坛！我想莫斯科的外国同行们对它会有兴趣， 佛兰德赛维-李昂德维奇[Vladislav Leonidovitch]）他们当时处于视线盲区, 阿童木[Artiom]举起他的VSS狙击步枪首先发难，与此同时我也帮他甩了几枚手榴弹过去。之前我们还很担心，不过改造后的神器还是完好无损。探险行动结束两天后，我无意中发现了豪猪神石的以又一个属性，这个神器能消减掉每小时60megazivert的辐射量！不仅如此，豪猪神石还能降低电对人体的伤害，同时增强耐力值..." \n 记录3：“...我们正被大概十五名黑石战士追捕。他们对追踪很在行，我们曾试着甩掉他们，却没成功。他们慢慢地朝我们围了过来。我把装有数据的记忆棒交给了阿童木-硬金[Artiom Inkin]，然后试着托拖住他们...”"</text>
</string>

<string id="amk_recipt_stone_dikoobraz_2_text" >
    <text>记录1：“...在逃出村庄的路上，我被捉住了...他们有五个人...我们来不及报告坐标，后援队只能等待...他们当着我的面射伤了安德瑞-西门诺维奇[Andrey Semionovitch]的腿，狗养的！他们押着我们走了很久，我背着安德瑞-西门诺维奇[Andrey Semionovitch]...我以前还不知道他们在这有个地下秘密基地。安德瑞-西门诺维奇[Andrey Semionovitch]很痛苦，那帮混蛋给他包扎了一下，然后告诉我，我们会因为杀死他们的弟兄而遭到报复...安德瑞-西门诺维奇[Andrey Semionovitch]关在了我旁边的一间牢房里，他已经失去知觉了...他们给我松了绑，只是拿走了我的武器和弹药，但留下了我的PDA和背包...”" \n 记录2：“...这是什么...我不知道...不是吸血怪，也不是奇美拉...也不是...当它爬出坑洞时，他们开始歌唱！他们打开了关押[Andrey Semionovitch]的牢门...它没有理会他们，只是径直朝牢房走去...它进去了...然后...它在吃他！当它咬下去时，他仍然活着，他尖叫着！！！它啃食他的脸，他喘息着，试图...” \n 记录3："...它还会回来的...他们离开了，它坐回了坑洞里...我知道它的想法...他们离开了，却让我的牢门开着...它爬回了坑洞，它把它的思想传到我的大脑里，然后...它跟我说...然后[Andrey Semionovitch]跟我说...也在我的头脑里...我会离开...我只能带着[Andrey Semionovitch]的手...他说即使只是一只手，也很好了...这手...很重要，非常重要...但它...没有爬出来...照射到这...洞里...像一条彩虹...在我脑海里说不要离开，但我要离开...他们甚至连门都不关...他们说它不会让我出去的...但它一吃完[Andrey Semionovitch]就离开了...只剩下一只手...[Andrey Semionovitch]告诉我现在就走...当它在那思考时...带着那只手...因为这对他很重要...” \n 记录4：“我骗了它...它很蠢...我带着[Andrey Semionovitch]的手和背包...开始走...它发出咆哮声，爬出来...它传递它的想法给我...它很愤怒，也很惊讶...它搞不懂我为什么会走开...因为我没有...然后我传递想法给它，我必须离开...[Andrey Semionovitch]也想要离开，他已经离开了！它相信了我，然后不再出来了！它只是咆哮，在黑暗中闪着光...我居然骗过它了！我骗过它了...”</text>
</string>

<string id="amk_recipt_steel_kolobok_text" >
    <text>记录1：“我搜了一具潜行者的尸体，已经死了，真的，在一个跳板变异点[Springboard]变异点附近。他的背包里有一只姜饼小人，真是奇了怪了，他妈的亮晶晶的。我当时冒出个想法，决定把姜饼小人扔进蚊子的秃头变异点，看看会发生什么。说实话，真的很遗憾，我本来可以用它换些酒喝的，但是...不说了，我只想试下这把戏” \n记录2：“我等了足足三个小时，杀了一只落单的僵尸。现在我开始后悔把姜饼小人丢进变异点了，他妈的！” \n 记录3：“真的！像只软木塞一样蹦了出来！五小时后它出来了，亮晶晶的！我得喝点庆祝一下！” \n 记录4：“哎呀！关闭了！我喝醉后总是在变异区到处走动，如果我清醒的话早就挂了！碰上个强盗，他用手枪向我射击，然后他的枪就卡膛了。于是这名强盗拔刀子朝我砍来！我用猎枪杀死他。” \n 记录5：“这可太难了，当时我努力想保持清醒，但根本提不起精神来，于是，他用PM手枪没有干掉我，但我清楚记得他的刀子的利刃轻易的刺破了我的皮夹克，但只是擦伤了我的腹部。或许是我的幸运姜饼小人帮的忙？钢制的姜饼小人...亮晶晶，好杀成性的强盗们，无论无何，来些小钢球会更酷...”</text>
</string>

<string id="amk_recipt_titan_kolobok_text" >
    <text>撒瑞汀[Saratsing]领着帮菜鸟抓住了他。他说他当时没有马上结果了他，因为那人用一种很奇怪的方式环顾四周，虽然他身上带着些值钱的东西。固执的蠢货！我们在他的背包里找到一个有趣的姜饼小人。嗯，它看起来像是个姜饼小人，但...却还是有些不同之处。当我们问他这鬼东西为什么会在他的包里时，他沉默不语。我有些欣赏他的表现！特别是，当时他看上去就是一副孬种相。夏德[Shved]打断了他的几根手指后他终于交待了。他说，这个钢制姜饼小人是在一个旋转特异点里转化的。还说，把它扔进去，过五个小时，它就会变得不一样了。他还说，它能防弹，削弱火焰和砍刺所造成的伤害，但它就是它妈的一个放射源。我给它取了个很酷的名字，泰坦姜饼人！现在我要验证一下他的说法，看看他有没有说真话。但是首先，我得打到一个钢制姜饼小人....</text>
</string>

<string id="amk_recipt_almaz_kolobok_text" >
    <text>这个令人即兴奋又紧张的转化是通过水果酒变异点[Fruit Punch]变异点获得一个泰坦姜饼人。它能让它的主人的皮肤免疫刀伤，减少火焰和化学物质伤害。而且有趣的是它还能在它的配带者周围形成某种气场。这种气场能改变射向配带者的子弹的轨迹。这种让人又爱又怕的转化物唯一的缺点就是带有辐射。</text>
</string>

<string id="amk_recipt_controller_skalp_text" >
    <text>愿他永恒!愿他能改变世界!维克托导师告诉了我们又一个由他属下的博物学家们创造的成就。导师啊。我们所有人都坚信，他，又给与了他的追随者们一个礼物，来坚定我们的信念。在与一伙保护科学家的士兵的战斗后，小队队长奥斯塔赫从尸体和洒落一地的杂物间拿出了一个钢铁鳞片。他为了他的信念，和钢铁鳞片一同投入了火焰变异点。但"哨兵"，阿基姆和里奥克找到了这个钢铁鳞片，但它被扔到火炉变异点里超过6个小时了。那个神器散发着不寻常的光亮，而"哨兵"证实那是他的印记。这个被改良的钢铁鳞片在两场战斗中一直被一个名为罗曼的博物学家佩戴。当他返回他的队伍时，他们遭遇了四个小矮人并展开了战斗。据罗曼兄所说，这个钢铁鳞片创造了奇迹 - 他几乎感觉不到一丝来自小矮人的精神冲击。他还注意到，佩戴钢铁鳞片神器的那段时间他几乎感觉不到饿。这是当然!即使是现在上神大人依然给予了我们以永恒的象征。更深入的实验表明，这个名为"脑波怪头皮"的神器拥有提神之效，并可防御化学腐蚀。我们的信念在不断成长并越发坚定，因为他还记得我们!愿他永恒!愿他能改变世界!</text>
</string>


<string id="amk_recipt_souls_text" >
    <text>大概半个月前，七月七日晚上，一个移动的火炉变异点出现在了三号区域。当我看到火焰穿过墙壁后我才意识到那时什么玩意，但那已经太晚了 - 虽然我能抢出我挂在墙上的G36，但不可能拿到那个放有灵魂神器的包。我两天前才找到的啊!我心灰意冷，然后灌了自己很多酒。但四个小时后，我发现我的灵魂神器竟然没有被火焰伤到，毫发无损!但那的确有些诡异，当时那灵魂就跟灯盏一样散发着光芒。然后我一把抢过来装进容器里。第二天早上，我醒来时却看见一群人在火炉变异点那儿烤野猪吃。我一个激灵想起了我的灵魂神器。我警示了一下马克思，然后找科学家去了。我去他们实验室的路不是最好走的那天路，当然，这与主题无关。我找到他们并把灵魂神器给他们测试。撒哈拉想了很久。。。"这个神器可以恢复佩戴者的健康。"撒哈拉说"还可以吸收辐射从而使佩戴者更为舒适。同时这个神器(我管它叫灵魂液滴，酷炫!)会使佩戴者更容易疲劳。撒哈拉还求我把这个神奇卖给他，但我有个更好的主意 - 我要再把它丢进火炉变异点看看还会发生什么，并再带回来给科学家测试一下。撒哈拉迟疑了一下，但还是同意了。所以我又带着那个神器去了隧道。那儿火炉变异点的数量令人发麻。我把神器丢进去，然后静下心等，大概六个小时后，它跳了出来。我小心地躲开火炉然后把它拿了出来，不然我就真成了"撒哈拉"了。把它带回去测量后，我明白了，我是对的!这个被我称为火焰之灵的神器具有两倍于原有的抗辐射效力。我甚至后悔为啥我们去读个大学，不然我现在就应该成了教授或什么的了。所以，我又去可那一趟，又把神器丢了进去。路上我还干掉了几个僵尸化，其中一个是米卡·卡梅隆，愿他安息。哎，生活是如此让人局促不安，以至于一个月前一起畅饮美酒的兄弟，现在却死在了我的枪下。。。愿他安息。。。总之，后来我把火焰之灵扔进了火炉变异点，然后按往常一样等着。不过唯一不正常的是-等得太久了。10个小时后那神器才跑出来。我甚至还有时间打了个瞌睡，直到听见了几声低吼我才醒过来。那神器还是那么闪亮，不过感觉像是在开心的诉说着什么。照例，我把它带给了科学家。他们来了一大群人等我过来，直接塞给我一些咖啡和白兰地并开始做他们的工作了。那轩尼诗牌的酒和咖啡让我的思绪飘然飞扬。这让我冒出了一个新的想法 - 给它起名为水晶之灵吧。那群教授就疯了一样兴奋地眼泪都流了出来，还胡言乱语道，超。。。超级!。。。这个水晶之灵有益健康并有着令人难以置信的辐射抗性!第二天早上我又去了一趟火炉变异点。但这次等了我好久!当它再次出现时，我还有点诧异，因为它的光亮，样子看上去根本没变。 所以我想，还成，虽然啥都没变。回来的路上我被一个移动的电击变异点拦住了，根本过不去。我坐下来想了会儿，决定把那个灵魂丢进电镀里!这次和第一次丢进火炉变异点是一样的状况，一个小时就跳了出来。散发着异于之前的光芒。当电击变异点飞走后，我便继续赶路。我把这个灵魂带到杨塔实验室并交给了撒哈拉。他离开了很久，但最终当他回到他的实验室时，他看起来就跟重症精神病患者一样。他说，那个东西某种程度上说，属于Absolute。在转换前，改良版的灵魂可以减少佩戴者的耐力，增加健康度，并防护辐射侵扰。但这次，它的作用却像反了一样，可以大幅增加人的耐力。通过这系列的实验我从科学家那儿拿到了一大笔钱。</text>
</string>

<string id="amk_recipt_tears_electra_text" >
    <text>需要把水滴神器放到电击变异点里进行改良。改良产物叫厄勒克特拉的眼泪[Tears of Electra]，可以加快从身体排出辐射的速度(当吸入辐射低于10Rads/hour时，佩戴者就辐射免疫了。)同时可以让佩戴者精力充沛一点。目前为止还未发现有何负面影响。</text>
</string>

<string id="amk_recipt_tears_fire_text" >
    <text>改良厄勒克特拉的眼泪[Tears of Electra]需要将其放置于火焰变异点里。改良产物为火焰之泪[Tears of Fire]，可加快排出辐射的速度，最快排出速度为每小时18到20Rads。目前为止还未发现有何负面影响</text>
</string>

<string id="amk_recipt_tears_chimaera_text" >
    <text>中度改良火焰之泪需要将其放置于水果酒变异点中。这个超强的改良产物不仅可以防辐射，还可屏蔽掉近乎一半的由电磁风暴产生的影响。这个奇美拉之泪的负面作用有，危害人体健康，妨碍伤口复原。</text>
</string>

<string id="amk_recipt_grandmother_glassbeards_text" >
    <text>这些消信息对每个纪律团士兵来说都是很必要的。\n士兵们！我们的同伴，科学家们给了我们关于有可能将“妈妈的项链”神器转化为拥有更好性能的神器的信息。这个神器只可能在异常静电现象中发生转化，为了转化需要让这个神器在“静电”变异点放置五个小时。在那之后，它就有很高的几率获得新的性能。这是从科学家的文件中摘录的信息：\n转化后的神器，我们称之为“老旧的玻璃项链”，它可以增加穿戴者的耐力，并且可以在穿戴者的周围产生领域场来减缓所有子弹的射入从而使穿戴者免受重伤。它带有轻微的放射性而且会减少穿戴者的阻电效果。\n我建议所有的士兵都将这个文件备份到他们的PDA，并且，如果遇到了四位队长，那么把这些信息发送给他们...</text>
</string>

<string id="amk_recipt_pra_grandmother_glassbeards_text" >
    <text>我在村庄里发现了凡亚[Vanya]的4只手指。当时我正在那儿躲避盲狗群，突然我听到从地下室传来盖革计数器的响声。我马上就拔出了枪，谁知道呢，可能有一个强盗或者雇佣兵就在那下面。但当我朝下看时，我发现了他，他的脸倒在一个“水果酒”变异点中，我都只是通过他带有镰刀和锤子标志的红军帽子才认出了他。距我上次见他还不过四小时——他先行离开了，而我为了把包裹交给瓦迪克[Vadik]因此就在那一直等待着瓦迪克[Vadik]。我为凡亚[Vanya]感到难过...尽管如此，为了接近他我还是戴上防毒面具下去了。他是一个经验丰富的潜行者，在特异区呆了四年，因此我弄不清楚他是怎么下去的，直到我看到他的脖子被扭断了。自然地，我马上就打消了掩埋他的想法，鬼知道会有什么怪物会把他做为今天的晚餐，尤其是在怪物可能就在附近的当头。所以我很快地搜查了他的尸体。尽量不去摸索他的衣物；而是拿走了背包和神器。我没有拿到他最爱的TOZ—因为“水果酒”变异点几乎没有留下这把枪的任何部件，于是我尽可能快的逃离了那儿。他只有三个神器：“一个水滴”[ Droplets]，一个“海胆”[Sea Urchin]，一个“祖母的项链”[Grandmother's Beads]。“水滴”和“海胆”就挂在他的皮带上，但“祖母的项链”却掉在了“水果酒”变异点。一开始我以为那个神器损毁了，但它竟然完好无损，只是很奇怪地在闪着光。在我能够安然脱身的前提下我测试了这个神器。它已经变得不同了。我称它为“防弹项链”[Resistance's Beads]。在我遭遇某个僵尸士兵的当头，它能够防弹，止血并且回复耐力。尽管，它发出的辐射比“祖母的项链”[Grandmother's Beads]更多。我想我会卖掉它然后用来买一些新的护甲。</text>
</string>

<string id="amk_recipt_burer_grandmother_glassbeards_text" >
    <text>记录：“菲修偶[Phew]，老实说，一开始我以为我不会再见到我的爱琳萝娜[Aliona]了。你知道的，在基地里我是个书记员，我的时间都花在坐在电脑前，和各种各样的文件和报告打交道。然而，自从我们的家伙开始每天杀害潜行者们，我就再也忍受不了了！我感到反感...总之，我不是想跟你谈这些事情—我不经意地阅读了一个文件...嗯，我的意思是无意之间..你知道的，我不得不花些时间和密码电报打交道，直到我终于没法应付这些该死的事情...我没做备份，但我依然清楚地记得那份密码电报—那是一篇关于神器的科学报告，关于神器在变异现象中的转化行为的报告！你知道那意味着什么吗？在那份文件中如此说道，如果你拿一些中间物...中间物品...被称为“防弹项链”的那个玩意儿—愚蠢的名字，不要问我，那是什么，我什么都不知道—就是这样，如果你把其中一个“防弹项链”在“旋转”变异点放置，我想是十个小时，然后你就能得到一个不同的神器！嗯，多少有些不同...它的外表实际上没发生变化，但是性能改变了。它能产生某种领域，飞入该领域场的一切事物都会由快而变得非常缓慢。而且我想那对子弹来说一定也同样适用！这个神器具有放射性。就是这样。我想，这些消息会对你而言会对我而言更加有用”。</text>
</string>

<string id="amk_recipt_dikoobraz_text" >
    <text>为了获得所需的转化产物需要将一个“海胆”神器放置在一个“燃烧”变异点。如果转化成功了，三个小时后神器就有拥有一个非常不错的阻辐性能。唯一的不良特性是它会加剧穿戴者的疲劳程度。我们的进一步实验表明被称为“皮卡丘”的改良神器在“燃烧”变异点中不可能发生转化。</text>
</string>

<string id="amk_recipt_electra_dikoobraz_text" >
    <text>不提供给一般大众！只提供给“自由团”成员！这是一个该死的绝密信息！\n凡泰亚-鲁迪[Vitya Ruddy]创造了一个新的神器！首先你需要带上一个“皮卡丘”，然后把它扔进一个“静电”变异点，五个小时后你就会得到一个新的神器。鲁迪[Ruddy]称它为“电击皮卡丘”，但它的外表并没什么不同。最主要的不同的是这个神器可以消除穿戴者的辐射并且提升穿戴者的耐力上限。弱鸡，我知道你会向我打听姑娘，你个下流胚子，但如果你还真的向我发送一个与之相关的信息，我就会杀了你！哦，我忘了告诉你！如果你带上神器，步行靠近一个“静电”变异点，那么你会受到严重的打击—这个神器会吸引电流。所以要留心插槽，现在这些事情变得真他妈的烦！\n斯特潘媒体中心，简讯服务。</text>
</string>

<string id="amk_recipt_sopl_dikoobraz_text" >
    <text>先生们！阿列克谢·天象家（Alexy Astronomer）先生的队伍帮了我们研究所一个大忙。我们研究所的庭院本来被野猪跟豚兽占领了，就是上次电磁风暴之后的第二波怪物，我们的员工中已经开始出现伤亡了。阿列克谢的队伍回应了我们的求救讯息并且杀光了所有变异怪物！我们一致认为金钱已经不够表示我们的谢意了，同时为了我们将来的合作，我们将向你提供制造究极体神器“酸性皮卡丘”的方法。名字虽然不好听，但毕竟是它的创造者亲自取得，而且也能最好的展现它的特性。我希望纪律团的士兵们能冷静的接受这个名称！为了得到一个“酸性皮卡丘”[Acidic Porcupine]，你需要将“电击皮卡丘”[Electro Porcupine]放置在“水果酒变异点”中两个小时。我希望你能注意到它的稀有属性：辐射阻抗——将它佩戴在身上会将你的辐射吸收量下降到45%。此外，这个神器还能止血加耐力。缺点呢就是它会降低佩戴者的抗电能力，而且这玩意满是粘液也不好带着。这粘液虽说无害但也略恶心。总的来说，我们这种小的不便不会让你的士兵们不想佩戴这种究极体神器的。此致敬礼，俄罗斯科学院，撒哈拉教授。</text>
</string>

<string id="amk_recipt_giant_small_brother_text" >
    <text>记录1：“刚从黑暗山谷出来我们失去了 尤拉 不言-他被旋转变异点撕碎了，战斗中我们根本就没注意到，他是被一个狂暴侏儒推进去的愿他安息...?的太惨了缺了他队伍就不完整了，这就意味着我们将这份有趣的文件带回酒吧的机会减少了看起来那些狂暴侏儒把几个可怜的科学家拖进地洞当午餐了在他的PDA里写道他找到了一种将神器转变成新神器的方法，带有不同的特性...变形什么的，管他怎么说的...对头，看起来不错...这么一来，你就得到一个拥有一些“绝对”种类的神器，写的什么鬼东西这种神器叫做“球体”[Sphere]，是在一个炉子里用钻石姜饼人[Diamond Gingerbread Man]做成的。这个科学家写了：这神器绝对能降低佩戴者皮肤的敏感度。很有意思的信息我觉得我们得把它带给撒哈拉跟他的团队，就是还得找些人跟我们一起，至少要两队人。 \n 记录2：“它妈的自由团挡我们的路三个我们的人干掉了他们五个正当我们拿着他们的枪时——很不错的枪啊，有人射中了萨沙-酷乐[Sasha Cooler]的手，估计是拿德拉贡洛夫干的。我们丢了些手榴弹，但没有发现那个狙击手，也不知道干掉他没。里纳特[Rinat]让我先走他来掩护...毕竟消息太重要了，操他妈的狙击手，还在躲着。不管了，我必须走了..."</text>
</string>

<string id="amk_recipt_shkura_text" >
    <text>嗨，沃瓦[Vova]。你个白痴！干嘛总是问“变异区怎么样？”。这里一点都没意思。说实话太他妈的无聊。我们要是不抓住那些疯子，谁还会去那找神器呢。我估计真会无聊死。当然了，有时候也很吓人，这我不瞎说...尤其是当该死的动物或者更可怕的东西在岗哨附近嚎叫时—我当然不会拉一裤子，但的确也是汗毛竖起来。甚至肛毛也是...就是考虑到这些，我跟我的卡拉什尼科夫[Kalashnikov]形影不离。最近有些乐子—我们抓住一个从变异区出来的人。呐，我们逮住了他。他带着一个宝石，就跟你那改装车的底盘在夜里一样亮。所以呢，我们“友好的”询问了他带的那是什么东西，他说他那石头不是一般的神器—他说那玩意能减少化学烧蚀，而且你要是佩戴了还会有防弹效果。当然了，这不是全部。我们用盖革计数器测了一下—狗东西有辐射。我们抓住的这个人说他要把这东西带到科学家那里去造福人类。然后他告诉我们你要往“跳板变异点”[Springboard]里丢几个“皮肤”[Skin]神器，过五个小时你就能得到这个东西了！他话可多了。他看起来真像吸血鬼：脸色苍白，满是伤疤，鬼知道还有些什么。我们把他送到了军队哨所，他们会处理他的。就这样吧，再见沃瓦[Vova]，我要集合去了，顺便说一句，告诉尤利娅[Yulia]我爱她我还记着她。你了解得。再见！</text>
</string>

<string id="amk_recipt_cheshya_text" >
    <text>先生们，很高兴能通知你们，一个新的转变方式被发现了需要将“皮肤”[Skin]神器放置在“旋转变异点”5个小时得到的变型物暂时命名为“鳞片”[Scale]，它有以下特性：降低化学伤害，增加健康值而且可以让使用者皮肤对于枪伤不再敏感。但是注意！千万注意！鳞片神器[Scale]有辐射而且会增加流血，谁会戴这玩意啊。我们希望这个信息能够帮到你们神圣的工作，希望这个小礼物能让我们的友谊跟合作更加紧密。此致敬礼，俄罗斯科学院，撒哈拉教授。</text>
</string>

<string id="amk_recipt_pancir_text" >
    <text>少校先生研究中心传来一份关于“鳞片”[Scale ]神器的报告。根据收集到的数据，“钢铁鳞片”[Steel Scale]（鳞片神器在水果酒变异点细化重生的产物），佩戴者流血减少了，更加健康了，子弹伤害也减少了，而且可以抵御大部分化学伤害。唯一的缺点是轻微辐射。转化时间也没有那么长了，只要两个半小时。中心的人说他们想得到更多神器来实验收集关于转化的数据，让我们有权使用5级数据。基于这些原因我请求批准继续拷问我们最近抓住的那些潜行者。上尉 M.卢比延京[M. Lubyankin.]</text>
</string>

<string id="amk_recipt_simbion_text" >
    <text>我得赶紧告诉你，B部门通知我们说，他们的实验结果充满变数！他们发现如果把四种神器（水母，水滴，血石和棘刺）放进水果酒变异点，变异区标准时间4小时21分18秒后，能得到一种具有神奇特性的全新神器！这种转化被称做“共生”可降低45%的精神辐射！我们在俘虏身上做了实验，我们先用缴获到的Archibald对他们进行了精神攻击。我必须说的是，我们带着这个操制器已经很长时间了，没有能量的补充，已经变得很弱了。但这个神器的精神防御力效果还是惊人的！我已经写好了一份报告准备上交中央，但我要先征求你的意见和同意再发送这些数据。B部门首席教授席格艾若夫[Sneghiriov]</text>
</string>

<string id="amk_recipt_dummy_text" >
    <text>报告编号第14/7 "骗子"计划送交K-32研究部门主任致Sazonov Nickolay Dmitriyevitch教授，亲爱的Nickolay Dmitriyevitch!今天我们完成了针对神器“壳”的系列实验。整个实验共损耗7个壳神器，另有5个性能退化，只有1个壳神器在系列转化中获得有效的成果。壳神器如果放入闪电变异点经过3小时1分43秒得到以下特性：火焰伤害免疫增强，耐力增加，电击伤害免疫增强。该神器的暂用名是伪火焰[Fire Dummy]。如果将伪火焰再次放入闪电变异点，6小时3分12秒后，该神器特性如下：主要是增强了对火焰的伤害免疫力，耐力增强，对电击伤害敏感性增加。二次转化后的神器暂时命名为伪闪光[Shining Dummy]。如果再次放入闪电变异点，8小时零4分后，该神器特性如下：大幅增强对火焰的伤害免疫力，大幅增强耐力，对电击伤害敏感性大幅增加。该神器暂用名为伪月光[Moonshine Dummy]。之后我们在相同的变异点继续实验。比如用'Scrap', 'Sister', 'Invisible' 和 'Lord of Flies' 进行该实验最终都以失败告终。但我们在其它的变异点试验后，发现伪月光[Moonshine Dummy]超级转化物被放入水果酒变异点后，它被变异点“接纳”。经过12小时零3分56秒，该神器获得“终极”属性：几乎完全免疫火焰伤害，耐力值增强到极致，最大值的电击伤害免疫。该神器暂用名为“布丁”[Pudding]进一步的实验没有任何进展，变异点不再接纳该神器。我相信，我们的团队对壳神器的系列实验获得了巨大的成果。因此我认为“骗子”项目圆满结束。你可以在服务器上年到该实验的所有记录。“7”研究小组主管 V. Avakyan</text>
</string>

<string id="amk_recipt_fake_text" >
    <text>月光[Moonlight]神器为入燃烧器变异点后得到阳光[Sunshine]神器。经过变异区标准时间4小时后，阳光神器得到以下属性：大幅强化耐力,降低了对高温的耐受力，电击敏感性小幅下降。</text>
</string>

<string id="enc_amk_recipt_dikoobraz_text" >
    <text>“皮卡丘”（抗辐射转化物） \n 神器“海胆”放入“燃烧”特异点进行转化 \n 该转化耗时变异区标准时间3小时。得到的转化物属性如下： \n 减65辐射值 \n 转化成功率65% \n 消失概率20% \n 排斥概率15%</text>
</string>

<string id="enc_amk_recipt_electra_dikoobraz_text" >
    <text>“电击皮卡丘”主要修改耐力值和抗辐射性 \n 转化物“皮卡丘”放入“电击”特异点进行转化 \n 转化耗时变异区标准时间5小时 \n 得到主要产物特性如下： \n 减63辐射值 \n 耐力值加100 \n 电击伤害减10 \n转化成功率72% \n 消失概率：25% \n 排斥机率：3%</text>
</string>

<string id="enc_amk_recipt_sopl_dikoobraz_text" >
    <text>“流鼻涕的皮卡丘”（改良提高高耐力，对辐射以及流血有抗性）\n 将“电击皮卡丘”放入“水果酒”特异点进行转化 \n 转化耗时变异区标准时间2小时 \n 得到的改良神器有以下特性： \n 减55辐射值 \n 耐力值加90 \n 减电击抗性抗性7 \n －400％流血 \n 转化成功率：74% \n 消失率：10% 排斥几率：16%</text>
</string>

<string id="enc_amk_recipt_stone_dikoobraz_text" >
    <text>“石头的皮卡丘”（绝对耐力，对辐射，流血以及电击有抗性）\n 将“流鼻涕的皮卡丘”放入“跳板”特异点进行转化 \n 转化耗时变异区标准时间9小时 \n 获得神器有一下特性：\n 减50辐射值 \n 耐力值加85 \n 加电击抗性抗性25 \n 流血减350％ \n 成功概率：70% \n 消失概率：20%\n 排斥概率：10%</text>
</string>

<string id="enc_amk_recipt_steel_kolobok_text" >
    <text>“钢铁姜饼小人（Steel Gingerbread Man）”（防弹以及放撕裂） \n 将“姜饼小人”放入“跳板”特异点进行转化\n 转化耗时变异区标准时间2小时 \n 获得的神器有以下能力：\n 加5抗撕裂 \n 加5防弹 \n 加7辐射值 \n 转化成功率70% \n 消失率：25% \n 排斥率：5%</text>
</string>

<string id="enc_amk_recipt_titan_kolobok_text" >
    <text>“泰坦姜饼小人（Titanium Gingerbread Man）”（防弹，防撕裂以及防火）\n 将“钢铁姜饼小人”放入“旋转”特异点进行转化\n 转化耗时变异区标准时间5小时 \n 获得的神器有以下能力：\n 加7抗撕裂 \n 加10防弹 \n 加15辐射值 \n 加25抗火 \n 转化成功率：50% \n 消失率：35% \n 排斥率：15%</text>
</string>

<string id="enc_amk_recipt_almaz_kolobok_text" >
    <text>“钻石姜饼小人（Diamond Gingerbread Man）”（防弹，防撕裂，防火以及化学灼伤）\n 将“泰坦姜饼小人”放入“水果酒”特异点进行转化 \n 转化耗时变异区标准时间8小时 \n 获得的神器有以下能力：\n 加6抗撕裂 \n 加8防弹 \n 加15辐射值 \n 加25抗火 \n 加15抗化学灼伤 \n 转化成功率：78% \n 消失率：17% \n 排斥率：5%</text>
</string>

<string id="enc_amk_recipt_soul_bengal_text" >
    <text>“孟加拉晶魄（Crystal Soul Bengal）”（增加健康，增加耐力，抗辐射），究极体神器 \n 将“晶魄（Crystal Soul）”放入“电击”特异点进行转化 \n 转换时间1小时。获得的神器有以下能力： \n 加600健康 \n 减30辐射值 \n 加18耐力 \n 成功几率：50% \n 消失几率：30% \n 排斥几率：20%。</text>
</string>

<string id="enc_amk_recipt_soul_drops_text" >
    <text>“降灵（Drop of Soul）”（增加健康，抗辐射） \n 将“灵魂”神器放入“燃烧”特异点进行转化 \n 转化耗时变异区标准时间4小时 \n 获得的神器有以下能力：\n 加600健康 \n 减10辐射 \n 减18耐力 \n 成功率：70% \n 消失率：25% \n 排斥率：5%。</text>
</string>
 
<string id="enc_amk_recipt_soul_fire_text" >
    <text>“炽热灵魂（Fiery Soul）”（大幅改变健康，抗辐射） \n 将“降灵”神器放入“燃烧”特异点进行转化 \n 转化耗时变异区标准时间6小时 \n 得到特性： \n 加600健康 \n 减20辐射 \n 减18耐力 \n 成功率：60% \n 消失率：20% \n 排斥率20%。</text>
</string>

<string id="enc_amk_recipt_soul_cristal_text" >
    <text>“晶魄（Crystal Soul）”（超进化，健康，抗辐射） \n 将“炽热灵魂”放入“火焰”特异点进行转化 \n 转化耗时变异区标准时间10小时 \n 得到特性： \n 加600健康 \n 减30辐射 \n 减18耐力 \n 成功率：50% \n 消失率：35% \n 排斥几率：15%。</text>
</string>
 
<string id="enc_amk_recipt_tears_electra_text" >
    <text>“伊莱克特拉之泪（Tears Electra）” \n （改变抗辐射，耐力） \n 将“水滴”神器放入“电击”特异点进行转化。转化耗时变异区标准时间5小时 \n 得到特性： \n 减10辐射 \n 加18耐力 \n 成功率：75% \n 消失率：10% \n 排斥率：15%。</text>
</string>

<string id="enc_amk_recipt_tears_fire_text" >
    <text>“火之泪（Tears of Fire）” （主要升级抗辐射） \n 将“伊莱克特拉之泪”神器放入“燃烧”特异点进行转化。转化耗时变异区标准时间6小时 \n 得到特性： \n -30辐射值 \n 成功率：65% \n 消失率：20% \n 排斥率：15%。</text>
</string>

<string id="enc_amk_recipt_tears_chimaera_text" >
    <text>“奇美拉之泪（Tears Chimera）” （升级精神保护和抗辐射） \n 将“火之泪”神器放入“水果酒”特异点进行转化。转化耗时变异区标准时间2小时 \n 得到特性： \n -40辐射值 \n +45 心灵感应抵抗 \n +140 出血量 \n -150 健康值 \n 成功率：55% \n 消失率：25% \n 排斥率：20%。</text>
</string>

<string id="enc_amk_recipt_grandmother_glassbeards_text" >
    <text>“祖母的项链（Grandmother Beads）” （升级防弹和耐力值） \n 将“妈妈的项链”神器放入“电击”特异点进行转化。转化耗时变异区标准时间5小时 \n 得到特性： \n +5防弹 \n +250 耐力值 \n +5辐射值 \n 15 电击 \n 成功率：85% \n 消失率：10% \n 排斥率：5%。</text>
</string>

<string id="enc_amk_recipt_pra_grandmother_glassbeards_text" >
    <text>“曾祖母的项链（Beads Great-Grandmother）” （升级防弹,耐力值和止血） \n 将“祖母的项链”神器放入“水果酒”特异点进行转化。转化耗时变异区标准时间3小时 \n 得到特性： \n +3防弹 \n +150 健康值 \n +7辐射值 \n -380 失血 \n 成功率：72% \n 消失率：12% \n 排斥率：16%。</text>
</string>

<string id="enc_amk_recipt_burer_grandmother_glassbeards_text" >
    <text>“矮人小姐项链（Beads Ladies Burer）” （升级防弹,健康值和止血） \n 将“曾祖母的项链”神器放入“旋转”特异点进行转化。转化耗时变异区标准时间10分钟 \n 得到特性： \n +20防弹 \n +200 健康值 \n +10辐射值 \n -450 失血 \n 成功率：85% \n 消失率：10% \n 排斥率：5%。</text>
</string>

<string id="enc_amk_recipt_giant_small_brother_text" >
    <text>“巨人的老二（Younger Brother of the Giant）” （彻底防弹,耐饥饿,防破裂,烧伤,化学烧伤和辐射值） \n 将“钻石姜饼人”神器放入“燃烧器”特异点进行转化。转化耗时变异区标准时间3小时 \n 得到特性： \n +12 防破裂 \n+10防弹 \n -15辐射值 \n+25烧伤 \n -45 饥饿 \n +20 化学烧伤 \n 成功率：59% \n 消失率：20% \n 排斥率：21%。</text>
</string>

<string id="enc_amk_recipt_shkura_text" >
    <text>“皮肤（Skin）” （彻底防弹,防化学烧伤） \n 将“胶片”神器放入“跳板”特异点进行转化。转化耗时变异区标准时间5小时 \n 得到特性： \n +7防弹 \n +3辐射值 \n +35 化学烧伤 \n 成功率：70% \n 消失率：25% \n 排斥率：5%。</text>
</string>

<string id="enc_amk_recipt_cheshya_text" >
    <text>“鳞片（Scale）” （升级防弹,健康值和防化学烧伤） \n 将“皮肤”神器放入“旋转”特异点进行转化。转化耗时变异区标准时间5小时 \n 得到特性：\n +42 化学烧伤 \n +7防弹 \n +150 健康值 \n +5辐射值 \n +100失血 \n 成功率：80% \n 消失率：10% \n 排斥率：10%。</text>
</string>

<string id="enc_amk_recipt_pancir_text" >
    <text>“壳（Shell）”（大幅提升健康值，防弹，防化学燃烧，止血）\n 将“鳞片（Scales）”神器放入“水果酒”变异点进行转化。 \n 转化耗时变异区标准时间2小时。得到特性：\n +45抗化学燃烧 \n +10防弹 \n +50健康 \n +2辐射 \n -130流血 \n 成功率：70% \n 消失率：20% \n 排斥率10%。</text>
</string>

<string id="enc_amk_recipt_simbion_text" >
    <text>“共生（Simbion）”（升级抗psi辐射）\n 将“水母（Jellyfish）”，“水滴（Drop）”，“血石（Blood of Stone）”和“刺果（Bur）”神器放入“水果酒”变异点进行转化。 \n 转化耗时变异区标准时间4小时。得到特性： \n +50抗PSI辐射 \n +50 流血 \n -25 破裂 \n -20耐力 \n 成功率：70% \n 消失率：20% \n 排斥率：10%。
</text>
</string>

<string id="enc_amk_recipt_dummy_puding_text" >
    <text>“布丁（Pudding）” (增加耐力，防火，防电) \n 将“伪月光（MoonLight Dummy）”放入“水果酒”变异点进行转化。 \n 转化耗时变异区标准时机12小时。得到特性： \n +45 防火 \n -20 耐力 \n +50 防电 \n +2 辐射 \n 成功率: 80% \n 消失率: 10% \n 排斥率: 10%。</text>
</string>

<string id="enc_amk_recipt_dummy_fire_text" >
    <text>“伪火焰（Fire Dummy）” (增加耐力，防火能力) \n 将“傀儡（Dummy）”神器放入“电击”变异点。 \n 转化耗时变异区标准时间3小时。得到特性: \n +30 防火 \n +36 耐力\n -10 防电 \n 成功率: 70% \n 消失率: 25% \n 排斥率: 5%。</text>
</string>

<string id="enc_amk_recipt_dummy_bright_text" >
    <text>“伪光辉（Bright Dummy）” (增加耐力跟防火能力) \n 将“伪火焰（Fire Dummy）”放入“电击”变异点。 \n 转化耗时变异区标准时间6小时。得到特性: \n +30 防火 \n +73 耐力\n -15 防电 \n 成功率: 59% \n 消失率: 20% \n 排斥率: 21%。</text>
</string>

<string id="enc_amk_recipt_dummy_moon_text" >
    <text>“伪月光（Moonlight Dummy）”(增加耐力和防火能力) \n 将“伪光辉（Bright Dummy）”放入“电击”变异点。 \n 转化耗时变异区标准时间8小时。得到特性: \n +30 防火\n +109 耐力\n -20 防电 \n 成功率： 50% \n 消失率: 35% \n 排斥率: 15%。</text>
</string>

<string id="enc_amk_recipt_controller_skalp_text" >
    <text>“脑波怪头皮（Scalp Controller）”(增加抗PSI辐射能力,增加健康值, 抗饥饿, 防化学燃烧和辐射) \n 将“钢铁鳞片（Steel Scale）”神器放入“火焰”变异点。 \n 转化耗时变异区标准时间6小时。得到特性: \n +30 防化学燃烧 \n +10 防弹 \n -20 饥饿 \n +100 健康\n +75 抗PSI辐射 \n 成功率: 65% \n 消失率: 20% \n 排斥率: 15%。</text>
</string>

 <string id="blowout_not_sleep">
    <text>没时间睡觉</text>
</string>

 <string id="not_need_sleep">
    <text>你不需要睡觉</text>
</string>

 <string id="not_need_sleep_nrg">
    <text>你没法睡着是因为你喝了能量饮料</text>
</string>

 <string id="not_need_sleep_enemy">
    <text>不能睡，敌人在附近。</text>
</string>

 <string id="trans_finished_title">
    <text>神器转换的结果 - </text>
</string>

 <string id="trans_finished_msg">
    <text>神器转换的结果 - </text>
</string>

 <string id="stalker_died">
    <text>潜行者死亡：</text>
</string>

 <string id="alc_too_much_die">
    <text>呕……喝太多了，我现在要死了！</text>
</string>

 <string id="alc_too_much">
    <text>我喝醉了……喝了这么多……</text>
</string>

 <string id="alc_todo_alcoholic">
    <text>哈，我是一个酒鬼。</text>
</string>

 <string id="alc_need_drink">
    <text>我想要喝酒……</text>
</string>

 <string id="alc_need_drink_big">
    <text>哦...我难受极了！我需要一些酒！</text>
</string>

 <string id="alc_coded">
    <text>终于，我摆脱了酒精中毒。</text>
</string>

 <string id="alc_no_more_need">
    <text>现在我不需要如此之多的酒...好多了。我需要挺过一个星期左右来摆脱酒精中毒。</text>
</string>

 <string id="amk_warn_trans">
    <text>警告！！！缓存中！转化数据未保存！等待转化结束并尝试再次保存。</text>
</string>

 <string id="amk_warn_trans_critical">
    <text>警告！！！缓存中！转化无法完成。建议加载此前存档。</text>
</string>

 <string id="amk_warn_attention">
    <text>注意！存储数据量即将超过允许上限！正在完成剩余任务。请等待直至所有转化结束。请勿实施新的任务。请勿开启新的转化。</text>
</string>

 <string id="amk_sleep_title">
    <text>睡眠</text>
</string>

 <string id="amk_sleep_one_hour">
    <text>睡眠 3 小时</text>
</string>

 <string id="amk_sleep_three_hours">
    <text>睡眠 5 小时</text>
</string>

 <string id="amk_sleep_five_hours">
    <text>睡眠 8 小时</text>
</string>

 <string id="amk_sleep_until_full_health">
    <text>睡到自然醒</text>
</string>

 <string id="amk_dots_title">
    <text>输入标签</text>
</string>

 <string id="amk_dots_done">
    <text>发送</text>
</string>

 <string id="amk_welcome_title">
    <text>你好啊，潜行者！</text>
</string>

 <string id="amk_welcome_msg">
    <text>%c[255,255,0,0]欢迎来到 Secret Paths with Autumn Aurora 2. 祝你狩猎愉快，潜行者……</text>
</string>

<string id="rep_no_weapon_in_slot_1">
    <text>无武器在主要武器口袋</text>
</string>

<string id="rep_no_weapon_in_slot_2">
    <text>无武器在副武器口袋</text>
</string>

<string id="rep_no_weapon_in_slot_6">
    <text>无穿着护甲</text>
</string>

<string id="rep_not_need_1">
    <text>主要武器口袋中的武器不需要修理。</text>
</string>

<string id="rep_not_need_2">
    <text>副武器口袋中的武器不需要修理。</text>
</string>

<string id="rep_not_need_6">
    <text>你所穿戴的装甲不需要进行修理。</text>
</string>

<string id="rep_watched_weapon_6">
    <text>修理服装需要花些时间。</text>
</string>

<string id="rep_watched_weapon_1">
    <text>隔段时间对武器进行清洁和维修是十分必要的。</text>
</string>

<string id="rep_watched_weapon_2">
    <text>隔段时间对武器进行清洁和维修是十分必要的。</text>
</string>

<string id="rep_need_big">
    <text>必须好好修理一番了，你应该找最近的技工看一下。</text>
</string>
 
<string id="st_time_repbox">
    <text>该是修理的时候了。</text>
</string>

<string id="nano_mod_complete_w">
    <text>服装升级完成，负重增加250公斤。</text>
</string>

<string id="nano_mod_complete_h">
    <text>服装升级完成，力量和健康恢复率增加10%</text>
</string>

<string id="nano_mod_warning">
    <text>在你的背包里共有5个或更多的“鹅卵石-Cobblestones”和“孟加拉水晶之灵-Crystal Souls Bengal”。Nano服装会尝试与神器融合。暂时把“灵魂-Soul”和“鹅卵石-Cobblestones”从背包中取出，获得设想中的升级效果。</text>
</string>

</string_table>
