﻿<?xml version="1.0" encoding="windows-1252" ?>
<string_table>
<string id="ars-ak47">
    <text>AK-47</text>
</string>
<string id="ars-ak47_camo1">
    <text>迷彩 AK-47</text>
</string>
<string id="ars-ak47_m1">
    <text>AK-47 迷你龙骑兵</text>
</string>
<string id="ars-aks47">
    <text>AKS-47</text>
</string>
<string id="ars-ak74">
    <text>AK-74</text>
</string>
<string id="ars-aks74">
    <text>AKS-74</text>
</string>
<string id="ars-aks74_m1">
    <text>AKS-74 Kobra</text>
</string>
<string id="ars-aks74_m1_camo1">
    <text>AKS-74 Kobra (迷彩)</text>
</string>
<string id="ars-ak74m">
    <text>AK-74M</text>
</string>
<string id="ars-ak101">
    <text>AK-101</text>
</string>
<string id="ars-ak102">
    <text>AK-102</text>
</string>
<string id="ars-ak103">
    <text>AK-103</text>
</string>
<string id="ars-ak104">
    <text>AK-104</text>
</string>
<string id="ars-ak105">
    <text>AK-105</text>
</string>
<string id="ars-ak107">
    <text>AK-107</text>
</string>
<string id="ars-ak108">
    <text>AK-108</text>
</string>
<string id="ars-akm">
    <text>AKM</text>
</string>
<string id="ars-akms">
    <text>AKMS</text>
</string>
<string id="ars-aks74u">
    <text>AKS-74U</text>
</string>
<string id="ars-aks74u_m1_camo1">
    <text>AKS-74U 突击版</text>
</string>
<string id="ars-an94">
    <text>AN-94 Abakan</text>
</string>
<string id="ars-ak5">
    <text>Bofors AK5</text>
</string>
<string id="ars-aug_a1">
    <text>Steyr AUG A1 (AUG-77)</text>
</string>
<string id="ars-aug_a2">
    <text>Steyr AUG A2</text>
</string>
<string id="ars-famas_f1">
    <text>FAMAS F1</text>
</string>
<string id="ars-famas_g2">
    <text>FAMAS G2</text>
</string>
<string id="ars-famas_p3">
    <text>FAMAS Prototype-3</text>
</string>
<string id="ars-fnc">
    <text>FN FNC</text>
</string>
<string id="ars-g36">
    <text>HK G36</text>
</string>
<string id="ars-g36c">
    <text>HK G36C (小巧\特种兵)</text>
</string>
<string id="ars-g36e">
    <text>HK G36E (对外输出波兰)</text>
</string>
<string id="ars-g36k">
    <text>HK G36K (对外输出短型Kurz)</text>
</string>
<string id="ars-galil_ar">
    <text>IMI Galil AR</text>
</string>
<string id="ars-galil_arm">
    <text>IMI Galil ARM</text>
</string>
<string id="ars-galil_mar">
    <text>IMI Galil MAR</text>
</string>
<string id="ars-hk416">
    <text>HK 416</text>
</string>
<string id="ars-lr300ml">
    <text>Z-M LR300 ML</text>
</string>
<string id="ars-m4a1">
    <text>Colt M4A1</text>
</string>
<string id="ars-m16a1">
    <text>Colt M16A1</text>
</string>
<string id="ars-m16a2">
    <text>Colt M16A2</text>
</string>
<string id="ars-m16a3">
    <text>Colt M16A3</text>
</string>
<string id="ars-m16a4">
    <text>Colt M16A4</text>
</string>
<string id="ars-vz58">
    <text>CZ SA vz.58</text>
</string>
<string id="ars-rk95">
    <text>Valmet RK.95</text>
</string>
<string id="ars-rk95_camo1">
    <text>Valmet RK.95 迷彩</text>
</string>
<string id="ars-sg550">
    <text>SIG SG550</text>
</string>
<string id="ars-sg551">
    <text>SIG SG551</text>
</string>
<string id="ars-sg552">
    <text>SIG SG552 特种兵</text>
</string>
<string id="ars-xm8">
    <text>HK XM8</text>
</string>
<string id="ars-xm177e2">
    <text>Colt XM177E2</text>
</string>
<string id="ars-mg36">
    <text>HK MG36</text>
</string>
<string id="ars-rpk74">
    <text>RPK-74</text>
</string>
<string id="ars-xm8_para">
    <text>HK XM8 Para-military</text>
</string>
<string id="ars-aps">
    <text>APS</text>
</string>
<string id="ars-beretta92">
    <text>Beretta 92</text>
</string>
<string id="ars-cz52">
    <text>CZ-52</text>
</string>
<string id="ars-deagle">
    <text>Desert Eagle .50AE</text>
</string>
<string id="ars-fort12">
    <text>Fort 12</text>
</string>
<string id="ars-glock18c_sk1">
    <text>Glock 18C</text>
</string>
<string id="ars-glock18c_sk2">
    <text>Glock 18C 对外出口型</text>
</string>
<string id="ars-gsh18">
    <text>GSH 18</text>
</string>
<string id="ars-m1911a1">
    <text>Colt M1911A1</text>
</string>
<string id="ars-m1935hp_mk3">
    <text>FN Browning M1935 high powered MKIII</text>
</string>
<string id="ars-mp444-9x18">
    <text>MP-444 Bagheera 9x18</text>
</string>
<string id="ars-mp444-9x19">
    <text>MP-444 Bagheera 9x19</text>
</string>
<string id="ars-oc33">
    <text>OC 33 Pernach</text>
</string>
<string id="ars-p38">
    <text>Walther P38</text>
</string>
<string id="ars-p99">
    <text>Walther P99</text>
</string>
<string id="ars-p220">
    <text>SIG-SAUER P220</text>
</string>
<string id="ars-pb">
    <text>PB</text>
</string>
<string id="ars-pm">
    <text>PM</text>
</string>
<string id="ars-tt33">
    <text>TT-33</text>
</string>
<string id="ars-usp45c">
    <text>HK USP-45 紧密型</text>
</string>
<string id="ars-sayga12k">
    <text>Saiga 12K</text>
</string>
<string id="ars-ppd40">
    <text>PPD-40</text>
</string>
<string id="ars-ppsh41">
    <text>PPSH-41</text>
</string>
<string id="ars-sr25_mk11_mod0">
    <text>SR25 mk.11 mod.0</text>
</string>
<string id="ars-hk417">
    <text>HK 417 Sniper</text>
</string>
<string id="ars-galatz">
    <text>IMI GALATZ</text>
</string>
<string id="ars-svd">
    <text>SVD</text>
</string>
<string id="ars-acog">
    <text>Scope ACOG</text>
</string>
<string id="ars-aug_a1_scope">
    <text>Scope AUG-77</text>
</string>
<string id="ars-g36_scope">
    <text>Scope G36</text>
</string>
<string id="ars-scope1">
    <text>Scope M16</text>
</string>
<string id="ars-sil_9_p">
    <text>Silencer M9-P</text>
</string>
<string id="ars-sil_762_p">
    <text>Silencer M7.62-P</text>
</string>
<string id="ars-sil_9_pb">
    <text>Silencer 6P9</text>
</string>
<string id="ars-sil_545_ar">
    <text>Silencer M5.45-A</text>
</string>
<string id="ars-sil_556_ar">
    <text>Silencer M5.56-A</text>
</string>
<string id="ars-sil_762_ar">
    <text>Silencer M7.62-A</text>
</string>
<string id="ars-sil_762_pms">
    <text>Silencer M7.62-PMS</text>
</string>
<string id="ars-sil_1143_p">
    <text>Silencer M11.43-P</text>
</string>
<string id="ars-50_ae">
    <text>.50 AE</text>
</string>
<string id="ammo-7.62x25-p">
    <text>7.62x25mm P</text>
</string>
<string id="ammo-7.62x25-ps">
    <text>7.62x25mm PS</text>
</string>
<string id="ars-7.62x39_fmj">
    <text>7.62x39mm FMJ</text>
</string>
<string id="ars-7.62x39_ap">
    <text>7.62x39mm AP</text>
</string>
<string id="ars-7.62x51_fmj">
    <text>7.62x51mm NATO</text>
</string>
<string id="ars-7.62x51_ap">
    <text>7.62x51mm NATO AP</text>
</string>
<string id="enc_arsenal_ak47">
    <text>1946年，卡拉什尼科夫基于二次大战时期德国MP44中间型威力枪弹的半自动步枪的构想，设计了一种采用回转式闭锁枪机、可连发射击的样枪（称为AK-46），成为此后AK系列枪械的原型。经过一系列试验，包括在风沙泥水等恶劣环境中严格测试，改进了导气装置与活塞系统，终而完成AK-47。 AK-47发射7.62 × 39毫米中间型威力枪弹，由容量为30发子弹的弧形弹匣供弹，保险／快慢机柄在机匣右侧，可以选择半自动或者全自动的发射方式，拉机柄位于机匣右侧。AK-47的枪机动作可靠，即使在连续射击时或有灰尘等异物进入枪内时，它的机械结构仍能保证继续正常运作，并可以在沙漠、热带雨林、严寒等极度恶劣的环境下保持相当好的效能，而且它的结构简单，分解容易、易于清洁和维修、操作简便。</text>
</string>
<string id="enc_arsenal_ak47_camo1">
    <text>AK-47迷彩，依靠这让你更加的不起眼的涂装，能放倒被它攻击到的整组人。</text>
</string>
<string id="enc_arsenal_ak47_m1">
    <text>AK-47 迷你龙骑兵 -罗马尼亚军械设计， 以AK-47为构想设计，以狙击枪为目标的自动武器。</text>
</string>
<string id="enc_arsenal_aks47">
    <text>AK-47的衍生型，发射7.62 × 39毫米中间型威力枪弹，AKS-47亦被称为AK-47S，是AK-47的金属摺叠枪托版本。</text>
</string>
<string id="enc_arsenal_ak74">
    <text>AK-74是前苏联装备的第一种小口径突击步枪使用5.45×39毫米（M74）小口径步枪弹，机匣由模压金属片制成，极其耐用。在外形上基本与AK-47一致，最大的区别是采用结构复杂的圆柱形枪口制退器，利用火药气体具有制退和减震的作用，以利于提高射击精度。AK-74亦保留AK-47的机匣外型，同样可以在依靠专用导轨上加装各类瞄准镜及加挂GP-25榴弹发射器。 </text>
</string>
<string id="enc_arsenal_aks74">
    <text>AK-74S用于装备空降部队的AK-74的摺叠枪托版本。</text>
</string>
<string id="enc_arsenal_aks74_m1">
    <text>以AKS-74为主体加上开放式准直瞄准具'Kobra EKP-8-02</text>
</string>
<string id="enc_arsenal_aks74_m1_camo1">
    <text>以AKS-74为主体加上开放式准直瞄准具'Kobra EKP-8-02,枪身漆上迷彩。</text>
</string>
<string id="enc_arsenal_ak74m">
    <text>AK-74的最后一种衍生型号，AK-74M在1987年开始研制，1991年起生产。1991年，伊兹马什Izhmash工厂在伊热夫斯克市开始全面生产AK-74的改进变种的AK-74M突击步枪。除了​​些小的改进以外，生产的步枪也采用了新的黑色合成枪托。玻璃纤维填充聚醯胺外形形如AK - 74固定的枪托，而且枪托凹槽也像AKS-74。另外，AK-74M采用了加固的枪口装置和防尘罩。每支AK-74M均配有用于安装光学器材的侧道轨托架。AK-74M已经在苏联时代成为标准制式步枪，并也被俄罗斯联邦采纳为制式步枪。改为玻璃纤维塑料护木及摺叠枪托（深棕色，可装置附品）配有新型刺刀。</text>
</string>
<string id="enc_arsenal_ak101">
    <text>这是把自动武器，是卡拉什尼科夫自动武器的100型系列，是用于出口的型号。它是以AK-74M为主体而改变弹药系统为北约的NATO5.56x45。</text>
</string>
<string id="enc_arsenal_ak102">
    <text>比起AK-101更短，更轻，,更方便可靠，是更好的选择。</text>
</string>
<string id="enc_arsenal_ak103">
    <text>这是把自动武器，是卡拉什尼科夫自动武器的100型系列，是用于出口的型号。它是以AK-74M为主体而改变弹药口径为7.62x39。</text>
</string>
<string id="enc_arsenal_ak104">
    <text>比起AK-103更短，更轻，,更方便可靠，是更好的选择。</text>
</string>
<string id="enc_arsenal_ak105">
    <text>比起AK-74M更短，更轻，,更方便可靠，是更好的选择。</text>
</string>
<string id="enc_arsenal_ak107">
    <text>自动武器,根据图纸制造的，对于开枪后坐力做了平衡。开枪频率很快，连续射击精度和准确性都很高。它被设计于使用通用的5.45x39口径的子弹。</text>
</string>
<string id="enc_arsenal_ak108">
    <text>自动武器，根据图纸制造的，对于开枪后坐力做了平衡。开枪频率很快，连续射击精度和准确性都很高。它被设计于使用NATO5.56x45口径的子弹。</text>
</string>
<string id="enc_arsenal_akm">
    <text>现代化升级版卡拉什尼科夫自动步枪，弹药口径7.62x39mm，在变异区大受欢迎，即使是在最恶劣的环境下也性能依然可靠，而且维护操作简单。无论你是刚来变异区的潜行者，还是身经百战的老兵。都值得拥有。</text>
</string>
<string id="enc_arsenal_akms">
    <text>现代化升级版可拆叠式卡拉什尼科夫自动步枪，弹药口径7.62x39mm，在变异区大受欢迎，即使是在最恶劣的环境下性能也依然可靠，而且维护操作简单。无论你是刚来变异区的潜行者，还是身经百战的老兵。都值得拥有。</text>
</string>
<string id="enc_arsenal_aks74u">
    <text>1974型短身卡拉什尼科夫自动步枪，弹药口径5.45x39mm，质量和尺寸都更接近于冲锋枪，然而，该武器的机械结构原理和所用弹药口径，使它成为自动类武器的典型。该枪的优势包括：尺寸更小，特别适用于城市巷战，子弹的穿透力非常强。主要缺点：瞄准具较短，连续射击后，很快枪身就会过热。</text>
</string>
<string id="enc_arsenal_aks74u_m1_camo1">
    <text>改进型AKS－74U。配准直式库巴EKP-8-02反射瞄准镜，可选迷彩涂装。枪管更长，可配“篝火”GP-25型枪挂榴弹发射器。</text>
</string>
<string id="enc_arsenal_an94">
    <text>1994型尼科诺夫自动式武器。利用反冲动能原理设计。使得该枪的头两发子弹极其精准。</text>
</string>
<string id="enc_arsenal_ak5">
    <text>这款步枪是瑞士部队专配的。它的设计灵感来源于比利时的FNC步枪。</text>
</string>
<string id="enc_arsenal_aug_a1">
    <text>奥地利的自动步枪，配备有1.5x的光学瞄准镜并且曾经参与过“斗牛犬计划”。</text>
</string>
<string id="enc_arsenal_aug_a2">
    <text>奥地利的自动步枪，配备通用皮卡汀尼瞄准导轨并且曾经参与过“斗牛犬计划”。</text>
</string>
<string id="enc_arsenal_famas_f1">
    <text>第一款模具是由法国的FAMAS那把枪发展而来的。强大的火力以及参与过“斗牛犬计划”使得它名声大噪并成为最受欢迎的国外枪型。</text>
</string>
<string id="enc_arsenal_famas_g2">
    <text>FAMAS F1自动步枪是根据北约的情报杂志上30发装的M16改装而成的。超强火力以及参与“斗牛犬计划”使得它在便携式武器中很受欢迎。</text>
</string>
<string id="enc_arsenal_famas_p3">
    <text>一种由FAMAS枪族衍生的新型自动武器原型。在变异区，此枪极其罕见。</text>
</string>
<string id="enc_arsenal_fnc">
    <text>一把来源于比利时的枪，1980年前专供国外警察部队，其中就有美国的。使用反射表面，FNC方便使用，可靠性极高，且开火手感非常好。在基础枪械属性上，FNC绝不低于同时期其他枪械，但它上市时其他型号的枪械已经占据了枪械市场的大片江山，这就是它并没有被广泛运用的原因。</text>
</string>
<string id="enc_arsenal_g36">
    <text>G36突击步枪由德国企业赫克勒-科赫公司于九十年代初期开发，由内部设计型号HK50发展而来。1995年G36被德国国防军采用，又1999年被西班牙军方采用。它是一个优秀枪械的典范 - 有着良好的人体工程学设计，精密又可靠的枪械。</text>
</string>
<string id="enc_arsenal_g36c">
    <text>一把德国突击步枪G36的改造版本，变短了，且带有通用皮卡汀尼瞄准导轨。</text>
</string>
<string id="enc_arsenal_g36e">
    <text>德国突击步枪G36的出口版本，删去了内置的瞄准镜。</text>
</string>
<string id="enc_arsenal_g36k">
    <text>德国突击步枪G36的改装套件，包括通用皮卡汀尼导轨护木和板机。</text>
</string>
<string id="enc_arsenal_galil_ar">
    <text>izrailky自动武器，它的模型创建借鉴了著名的卡拉什尼科夫自动步枪。这是一种可靠而朴实的武器。</text>
</string>
<string id="enc_arsenal_galil_arm">
    <text>izrailky 自动武器，它的模型创建借鉴了著名的卡拉什尼科夫自动步枪。它是在带有可折叠支架的轻武器版本之前进行的项目。这是一种可靠而且朴实的武器。</text>
</string>
<string id="enc_arsenal_galil_mar">
    <text>以色列自动武器IMI Galil AR的缩短版。</text>
</string>
<string id="enc_arsenal_hk416">
    <text>HK-416突击步枪（自动武器）外表类似于AR15\ M16\ M4系列自动步枪，但它是在通过位于枪身上部分短行程导气活塞系统实现导气自动化的基础上来被构造的，这种借鉴基于德国的G36步枪。Blyagodarya在这个方面上有可能实现更高的可靠性以及模型的无故障性。</text>
</string>
<string id="enc_arsenal_lr300ml">
    <text>AR15\M16枪族的改进发展型。特点是合理的战术技术性能。这种弹簧扣是1996年在M16A3的基础上出现的，用来在特殊行动中控制枪械，M16A3是AR15\M16枪族的异类由于它重新使用了全自动射击来替代3点射。</text>
</string>
<string id="enc_arsenal_m4a1">
    <text>在20世纪70年代初，M16步枪倍受瞩目的战场武器，在各项基本指标上具有明显的优势。（当然，这也是仁者见仁，智者见智了。）与M16在全球战场上的主要对手卡拉什尼科夫自动步枪（AKM）相比较，M16在射击精度，点射命中率方面更具优势，而且操作手感和实用性也更出色。至于缺点吗，M16步枪对日常维护、弹药品质的要求较为苛刻。</text>
</string>
<string id="enc_arsenal_m16a1">
    <text>在20世纪70年代初，M16步枪倍受瞩目的战场武器，在各项基本指标上具有明显的优势。（当然，这也是仁者见仁，智者见智了。）与M16在全球战场上的主要对手卡拉什尼科夫自动步枪（AKM）相比较，M16在射击精度，点射命中率方面更具优势，而且操作手感和实用性也更出色。至于缺点吗，M16步枪对日常维护、弹药品质的要求较为苛刻。</text>
</string>
<string id="enc_arsenal_m16a2">
    <text>另一种M16A1的改进型。拥有3连发模式，不能全自动射击，也拥有更大的30发弹匣。</text>
</string>
<string id="enc_arsenal_m16a3">
    <text>另一种M16A1的改进型。拥有3连发模式，不能全自动射击，也拥有更大的30发弹匣。.</text>
</string>
<string id="enc_arsenal_m16a4">
    <text>另一种M16A1的改进型。拥有3连发模式，不能全自动射击，也拥有更大的30发弹匣。</text>
</string>
<string id="enc_arsenal_vz58">
    <text>这件武器，外表上看起来很像卡拉什尼科夫，这其实是捷克军工人员自己发展的武器。跟AK比起来射速更快。</text>
</string>
<string id="enc_arsenal_rk95">
    <text>从AK-47改良而来的芬兰自动武器瓦尔梅特RK62的改进型，改善了人体工学。</text>
</string>
<string id="enc_arsenal_rk95_camo1">
    <text>从AK-47改良而来的芬兰自动武器瓦尔梅特RK62的改进型，改善了人体工学，使用了迷彩涂装。</text>
</string>
<string id="enc_arsenal_sg550">
    <text>瑞士步枪，研究生产于1980年。方便携带、可靠又精准的武器。</text>
</string>
<string id="enc_arsenal_sg551">
    <text>短版的瑞士步枪，型号 SIG550。</text>
</string>
<string id="enc_arsenal_sg552">
    <text>短版 SIG550自动武器系列。</text>
</string>
<string id="enc_arsenal_xm8">
    <text>面向美国陆军的步枪，曾多次作为M16A2的替代品。轻武器中非常罕见的型号，具有良好的作战特性。</text>
</string>
<string id="enc_arsenal_xm177e2">
    <text>弹簧保险钩，用于部分美国陆军下属军队之中相应的使自动武器CAR-15变得紧凑。</text>
</string>
<string id="enc_arsenal_mg36">
    <text>T轻武器，在德国突击步枪G36的基础上被设计。使用装有100枚子弹的弹鼓。</text>
</string>
<string id="enc_arsenal_rpk74">
    <text>1974轻型机枪-卡拉什尼科夫 轻机枪，他可以装备75发子弹的弹鼓。</text>
</string>
<string id="enc_arsenal_xm8_para">
    <text>这款带有自动填弹又很重的XM-8自动步枪，简直就是轻步枪里面的大炮。</text>
</string>
<string id="enc_arsenal_aps">
    <text>APS手枪于20世纪40年代末，50年代初被雅斯捷奇金设计出来，并于1951年在苏联军队开始服役，与此同时，马卡罗夫的PM手枪也诞生了。APS（斯捷奇金设计的自动手枪）这种手枪是在自动武器还没有安全开关以及说明书的情况下被用作军官或士兵随身携带的手枪种。</text>
</string>
<string id="enc_arsenal_beretta92">
    <text>意大利手枪的发展，是在配备了美国军队的装备后才有所发展。一般来说贝瑞塔92V系列的手枪受到很高的赞誉，尽管它是一款很笨重的手枪。</text>
</string>
<string id="enc_arsenal_cz52">
    <text>手枪这种武器，最早是捷克斯洛伐克的军队所配备的。</text>
</string>
<string id="enc_arsenal_deagle">
    <text>十分的小巧便携，在这之前很多的电影和话剧中手枪这种东西非常受人欢迎。沙漠之鹰手枪的枪栓的设计以及他对于火药所排出气体的释放的程度在自动手枪设计史上是罕见的。越有威力的手枪，产量就越多。</text>
</string>
<string id="enc_arsenal_fort12">
    <text>乌克兰产手枪，用于替换军方现役的老旧苏联马卡洛夫手枪。因该枪的弹药可使用普通的9x18PM手枪弹；不过，该型新枪在射击精度和杀伤力方面较老旧的马卡洛夫手枪也毫不逊色。（归功于更大容量的弹匣）该枪以捷克cz83式手枪为原型设计，CZ83是捷克共和国军方的量产制式手枪。</text>
</string>
<string id="enc_arsenal_glock18c_sk1">
    <text>克拉克18手枪（18代表，该枪弹匣容弹量是18颗子弹）是奥地利克拉克公司为奥地利军方设计的，其实这款手枪是克拉克公司设计开发的第一款实验性的手枪不过，该枪仍是一款十分成功的作品，可靠而实用，后来被奥地利军方选为制式装备。这个型号有切换成三发连射模式的功能键。</text>
</string>
<string id="enc_arsenal_glock18c_sk2">
    <text>克拉克18手枪（18代表，该枪弹匣容弹量是18颗子弹）是奥地利克拉克公司为奥地利军方设计的，其实这款手枪是克拉克公司设计开发的第一款实验性的手枪。不过，该枪仍是一款十分成功的作品，可靠而实用，后来被奥地利军方选为制式装备。这个型号弹匣容弹量达到31发，有切换全自动开火模式的功能键。</text>
</string>
<string id="enc_arsenal_gsh18">
    <text>GSh-18手枪是20世纪90年代未期图拉的KB仪器制造厂在著名的废材武器设计师希普诺夫（主要是设计飞机火炮）的领导下设计开发的。数字18代表的是该枪的弹容量。GSH-18手枪的优点是枪身重量极轻，出色的弹容量，相对史特列洛克能搞到的低档手枪，优秀的射击精度。</text>
</string>
<string id="enc_arsenal_m1911a1">
    <text>传奇神枪“柯尔特”，直到现在还是很多国家军队的制式装备。值得一提的是，现如今，该枪已不仅仅只有柯尔特公司被授权生产。相较之前的最初的Brauningovskom型号，又由全球数百家公司先后推出了总共不下十种改进型号。</text>
</string>
<string id="enc_arsenal_m1935hp_mk3">
    <text>最新改造版的1935年在比利时制造FN白朗宁大威力手枪。</text>
</string>
<string id="enc_arsenal_mp444-9x18">
    <text>MR-444手枪是为警方和军方设计的，此手枪的工作原理为枪管短后座。设计使用国内使用的9X18mm。</text>
</string>
<string id="enc_arsenal_mp444-9x19">
    <text>MR-444手枪是为警方和军方设计的，此手枪的工作原理为枪管短后座。设计使用国内使用的9X18mm。</text>
</string>
<string id="enc_arsenal_oc33">
    <text>OC-33手枪于90年代中期由中TsKIB GSS(中央设计局-运动和狩猎武器)推出，由IY 斯捷奇金带领下设计的手枪，用于替代他本人在很久之前设计的APS冲锋手枪(已淘汰)。OC-33手枪是一把全自动武器，采用自由式枪机工作原理。此枪一般自由挂着以减少抽枪的不便。</text>
</string>
<string id="enc_arsenal_p38">
    <text>R38手枪早在十九世纪三十年代中期前就以军用手枪的身份现世。瑞典首先采用了它，他还在1938年存储了少量瓦尔特NP(由Heeres Pistole设计，军用手枪。)1940年，它被当时的纳粹国防军采用，官方定名P38。此枪在二次大战中被广泛使用。瓦尔特R38 - 采用击锤待发扳机的半自动手枪(双动)。此枪的自动原理是利用枪管短后座的能量而实现的。</text>
</string>
<string id="enc_arsenal_p99">
    <text>R.99 是由卡尔沃尔特运动枪械有限责任公司于1994年开始研制的。当时的基础要求是制造一款新式的警用、自卫手枪，而且在商业上要比它的前辈R.88成功，R.88 虽然性能优越，但是太贵了。P99在1996年研制完成，结果也证明这把枪很成功。它的人机工程卓越，可靠性强，它的一大特点是运用了超声加工技术。</text>
</string>
<string id="enc_arsenal_p220">
    <text>为了为瑞士军队替换性能良好但极其昂贵的老式手枪SIG P210，新式军用手枪的开发工作始于1970年初。根据军方要求，新手枪要求继承瑞士武器的传统：可靠性高，精度高，重量轻，射速快，机械故障率低。更重要的是，还要便宜。知名瑞士公司SIG推出了这款手枪。1970年代中期之前，这把枪的代号是75式。P220手枪属于短冲程枪械，利用后坐能量再装填。</text>
</string>
<string id="enc_arsenal_pb">
    <text>无声PB手枪（指代6P9）是在马卡洛夫PM基础上发展来的，PM广泛用于军方侦察队和前苏联克格勃人员，列装于1967年。该手枪使用整体的灭声器，与此同时大多数类似武器系统的灭音器都是可拆卸的两个部分。这就让枪械在携带跟贮藏时可以与前半部分灭音器分离开，也使其在使用时可以迅速装配灭音器。这样使得史特列洛克在不安装灭音器时也可以安全开火，这在遇到紧急情况时是非常重要的。</text>
</string>
<string id="enc_arsenal_pm">
    <text>马卡洛夫系列手枪是在苏联军队的要求下设计完成的，可用于军官的自卫，首先要比托卡列夫TT手枪更安全更紧凑，同时子弹的阻滞力也要强大。</text>
</string>
<string id="enc_arsenal_tt33">
    <text>TT手枪（图拉，托卡列夫），由名字就能看出，它是由传奇般的俄罗斯武器设计师“菲多 托卡列夫”设计并在图拉军工厂生产的。作为制式武器在1933年装备苏联工农红军。在当时TT手枪是一款相当完美的武器，强大又可靠，维护跟修理简单。它最大的失败在于缺少保护装置导致的安全性差，使用较轻的7.62mm子弹导致其阻滞力较低，同时拿着也不舒服。</text>
</string>
<string id="enc_arsenal_usp45c">
    <text>德国研制的USP-45的紧凑版本。总的来说USP系列特点在于可靠寿命长，但它的高精度为其增添了不少色彩。撇开其他小缺陷，很容易注意到这款武器较大的尺寸，就算是紧凑版，由于重心较高，枪栓巨大，携带隐藏也是较为不便。</text>
</string>
<string id="enc_arsenal_sayga12k">
    <text>滑膛的SAIGA几乎继承了所有卡拉什尼科夫自动武器的设计跟结构，排气装置跟闭锁装置在枪栓处。当然，为了适应猎枪弹，重新设计了枪机跟枪匣，快速复位装置被取消，排气系统之前的气体调节器用来保证可靠地射击动作。跟AK-74M一样，SAIGA12K也有塑料枪把和可折叠的塑料枪托。瞄准装置在导气管上方。特殊的可移除环形弹匣来保证不同的容弹量。保险装置跟卡拉什尼科夫枪族的自动武器差不多。</text>
</string>
<string id="enc_arsenal_ppd40">
    <text>迪格托夫冲锋枪在1930年代初就出现了，1935年被命名为PPD-34，第一代冲锋枪的经典设计，木质底座和大量金属材料的运用。不幸的是，当时苏联工农红军的领导人并不能理解冲锋枪的作用，所以PPD-34和其之后的型号PPD-34\38装备量很少，只装备了前线少数部队。在伟大的卫国战争之前，1940年PPD进行了改进；但是它的结构被证明是不利于战时大规模生产的。到1941年末，PPD-40被苏联红军用更新更便宜更有效的斯帕金PPSH-41冲锋枪替代了。PPD-40的自动射击采用气体反冲式原理。</text>
</string>
<string id="enc_arsenal_ppsh41">
    <text>PPSH-41冲锋枪（Shpagina建造局出产）1941年出产，为了取代之前造价昂贵的Degtarev MP-40冲锋枪。同年被苏联红军选中。PPSH-41较之前的同类武器更加简单和便宜。因此被大量装备。在整个战争期间，生产大概有5到6百万枝PPSH-41。战后，PPSH41成为了苏联军队的制式装备；而且，它也被大量出口到亲苏的发展中国家，甚至在20世纪80年代的非洲都还在被使用。PPSH冲锋枪的优势在于火力覆盖面大，操作简单，价格还便宜。它的缺点也同样明显：笨重，尺寸偏大，弹药消耗过快，碰撞后很容易走火。</text>
</string>
<string id="enc_arsenal_sr25_mk11_mod0">
    <text>斯通纳SR25式狙击步枪是尤金·斯通纳（ar15和M16步枪的设计师之一）在20世纪90年代初与美国奈特武器公司合作设计的。SR25步枪（斯通纳1925型步枪）是在AR15步枪的基础上发展而来，改进后使用北约7.62x51口径子弹。后来的MK11 Mod 0型狙击步枪和XM110狙击步枪也是以该枪为基础，有效杀伤距离达到800米。从战术角度来看，该枪类似于SVD狙击步枪，但却更胜一筹，因为射击精度更高（得益于高品质的子弹），战术机动性更好。</text>
</string>
<string id="enc_arsenal_hk417">
    <text>HK-417全自动步枪使用北约7.62毫米口径步枪弹，是从黑克勒-科赫HK416全自动步枪（使用北约5.56毫米口径子弹）发展而来。HK-417在设计时吸取了2005年联合国部队在伊拉克和阿富汗的实战经验教训，在某些实战情况下，5.56口径武器在杀伤力不足，侵透力较弱，小口径弹药的击倒力较差。2007年或2088年间生产的HK417系列步枪被装备给军队和警方。HK417步枪使用了模块化设计，也被认为是参照了美国的M16步枪。最显著的区别是，德国HK417步枪运用了活塞短行程导气式自动方式。其实也还有很多的不同之处，然而，所有的基础控件和枪件的拆卸和组装方式都大量继承了M16。它还配备了6X多功能光学瞄准镜。</text>
</string>
<string id="enc_arsenal_galatz">
    <text>该枪从某种意义上说是狙击步枪（曾装备于以色列国防军Tsahal，为世人所知的名字是GALATZ），是IMI军工的加利尔全自动突击步枪的改进型，使用威力更大的北约7.62毫米（.308win口径）弹药。从战术角度来看，GALATZ狙击步枪更接近于“支援型武器（班用狙击枪或精确射击步枪）”类似于苏联的SVD狙击步枪或是德国的G3/SG1狙击步枪。对于“真正的职业狙击手”来说，美国的M24或M40或者德国的毛瑟66和毛瑟86类的武器才是真正意义上的狙击步枪。但GALATZ狙击步枪还是在以色列国防军中被广泛使用。</text>
</string>
<string id="enc_arsenal_svd">
    <text>1958年，苏军总参谋部直属的GRAU（前苏联火箭炮兵装备局）宣布参与竞争，要为苏联红军设计一款半自动狙击步枪。德拉贡诺夫领导的集体最终胜出，在1963年，SVD狙击步枪（德拉贡诺夫狙击步枪）被苏军采用。还为SVD狙击步枪专门生产“狙击手”专用的钢芯弹药。并且，该枪还能使用苏联造的命名为7.62x54R步枪弹。值得注意的是该枪所扮演战术角色，它的用途和苏军所赋予SVD狙击步枪的定位，完全不同于西方所理解的传统意义上的“狙击手用枪”的概念。SVD狙击步枪是为了弥补步兵班所配备的自动武器有效射程盲区，将步兵班的杀伤范围扩大到了600-700米之外。这是一款变异区里最常见的狙击步枪。</text>
</string>
<string id="enc_arsenal_acog">
    <text>NATO四倍瞄准镜。</text>
</string>
<string id="enc_arsenal_aug_a1_scope">
    <text>配备光学瞄准镜的Steyr步枪AUG-77。</text>
</string>
<string id="enc_arsenal_g36_scope">
    <text>G36步枪的瞄准镜。</text>
</string>
<string id="enc_arsenal_scope1">
    <text>为步枪M16A1和A2配备的旧式可移动可拆卸的光学瞄准镜。</text>
</string>
<string id="enc_arsenal_sil_9_p">
    <text>9mm口径手枪灭音器。</text>
</string>
<string id="enc_arsenal_sil_762_p">
    <text>7.622mm口径手枪灭音器。</text>
</string>
<string id="enc_arsenal_sil_9_pb">
    <text>自带灭音器的PB手枪（6P9）。</text>
</string>
<string id="enc_arsenal_sil_545_ar">
    <text>5.45mm自动武器的灭音器。</text>
</string>
<string id="enc_arsenal_sil_556_ar">
    <text>5.56mm口径的自动武器和步枪专属灭音器。</text>
</string>
<string id="enc_arsenal_sil_762_ar">
    <text>7.62mm口径的自动武器和步枪专属灭音器。</text>
</string>
<string id="enc_arsenal_sil_762_pms">
    <text>低噪音、长口径，7.62mm狙击步枪-SVD。</text>
</string>
<string id="enc_arsenal_sil_1143_p">
    <text>11.43mm口径手枪的灭音器。（.45）。</text>
</string>
<string id="enc_arsenal_50_ae">
    <text>和沙漠之鹰同样口径的子弹。</text>
</string>
<string id="enc_weapons1_ammo_ammo-7.62x25-p">
    <text>苏制7.62mm口径手枪子弹，简单又粗暴的全金属子弹。</text>
</string>
<string id="enc_weapons1_ammo_ammo-7.62x25-ps">
    <text>苏制7.62mm口径手枪钢芯子弹，与全金属子弹相比穿甲能力更强。</text>
</string>
<string id="enc_arsenal_7.62x39_fmj">
    <text>苏制7.62mm口径自动步枪的子弹。简单的全金属子弹。</text>
</string>
<string id="enc_arsenal_7.62x39_ap">
    <text>苏联制7.62mm口径步枪的子弹。与钢芯弹相比，穿甲能力更高。</text>
</string>
<string id="enc_arsenal_7.62x51_fmj">
    <text>北约标准步枪NATO弹药。口径为7.62mm。简单又粗暴的全金属子弹。</text>
</string>
<string id="enc_arsenal_7.62x51_ap">
    <text>北约标准步枪NATO弹药。口径为7.62mm。与钢芯弹相比，穿甲能力更高。</text>
</string>
</string_table>
