﻿<?xml version="1.0" encoding="UTF-8" ?>
<string_table>
	<string id="speech_attack">
		<text>攻击！</text>
	</string>
	<string id="speech_covermeartifact">
		<text>我要去拿神器！掩护我。</text>
	</string>
	<string id="speech_followme">
		<text>跟着我！</text>
	</string>
	<string id="speech_guardartifact">
		<text>守护神器，先不要攻击！</text>
	</string>
	<string id="speech_holdingpos">
		<text>我在待命中</text>
	</string>
	<string id="speech_holdpos">
		<text>守住这里！</text>
	</string>
	<string id="speech_icoverartifact">
		<text>去拿神器！我会掩护你。</text>
	</string>
	<string id="speech_needhelp">
		<text>需要帮助</text>
	</string>
	<string id="speech_needmoney">
		<text>没钱，买一些装备？</text>
	</string>
	<string id="speech_no">
		<text>不</text>
	</string>
	<string id="speech_noenemy">
		<text>四周无人</text>
	</string>
	<string id="speech_report">
		<text>回报状况</text>
	</string>
	<string id="speech_retreat">
		<text>撤退！</text>
	</string>
	<string id="speech_roger">
		<text>收到</text>
	</string>
	<string id="speech_silence">
		<text>安静，每一个人！</text>
	</string>
	<string id="speech_sticktogether">
		<text>靠在一起</text>
	</string>
	<string id="speech_takeartifact">
		<text>去拿取神器！</text>
	</string>
</string_table>
