﻿<?xml version="1.0" encoding="UTF-8"?>
<string_table> 
<string id="mp_autostation">
	<text>公车站</text>
</string> 
 
<string id="ui_map_desc_mp_agroprom_large">
	<text>一个陌生的地方，安静。这建筑保护着它的秘密。不过它会攻击潜行者。这个区域蓄藏着丰富的神器。在这你能找到些很不错的样品，但你的生活会被捣乱。你必须保持思绪敏捷，注意观察，然后，好运气就会找上你。</text>
</string> 
 
<string id="ui_map_desc_mp_agroprom_short">
	<text>奇怪的地方，四周静寂无声，那房屋隐藏着秘密。</text>
</string> 
 
<string id="ui_map_desc_mp_atp_large">
	<text>公车和电车的停车场位于更衣室所在的区域。所有的拖拉机，公车和卡车都停泊在这里。据传闻说这里有神器，但这地方经常有劫匪出没，专门射杀和抢劫那些新人。在那些房屋里，你能找到掩蔽，当然还能找到些武器。还要小心房顶上的敌人！</text>
</string> 
 
<string id="ui_map_desc_mp_atp_short">
	<text>公车和电车的停车场位于更衣室所在的区域。</text>
</string> 
 
<string id="ui_map_desc_mp_autostation_large">
	<text>废弃的公车站台。四下里转转，你可能会找到一些剩余的装备和补给。除了那些能撕碎一切的变异点，这里的屋顶上还有狙击手，注意着这里的每一处动静。反正整个区域充满着危险。</text>
</string> 
 
<string id="ui_map_desc_mp_autostation_short">
	<text>废弃的公车站台。四下里转转，你可能会找到一些剩余的装备和补给。.</text>
</string> 
 
<string id="ui_map_desc_mp_bath_large">
	<text>极具诱惑力的诡异所在，一个实验用水池。不知道是谁，又是为什么要修建它。没发现有神器。所以潜行者们只是来这看看奇怪的机器和设备什么的。小心屋顶，同时不要忘记这里的辐射等级也非常的高。</text>
</string> 
 
<string id="ui_map_desc_mp_bath_short">
	<text>极具诱惑力的诡异所在，一个实验用水池。</text>
</string> 
 
<string id="ui_map_desc_mp_darkvalley_large">
	<text>长街和一个废弃的学院。在黑暗山谷，这片危险区域吸引了所有冒险者的关注。之前这个学院是教什么的不得而知，但现在能教你如何生存。还有，小心屋顶。</text>
</string> 
 
<string id="ui_map_desc_mp_darkvalley_short">
	<text>长街和一个废弃的学院。</text>
</string> 
 
<string id="ui_map_desc_mp_factory_large">
	<text>阴森的废弃厂房。也不知道有多少人在这里送了性命。这里有很多稀有神器，这地方就像磁铁一样吸引着潜行者。都是为了稀有的神器。注意辐射啊！</text>
</string> 
 
<string id="ui_map_desc_mp_factory_short">
	<text>阴森的废弃厂房。</text>
</string> 
 
<string id="ui_map_desc_mp_firestation_large">
	<text>一个消防局，在1986年，其所属所有消防员都受命前往车诺比尔核电厂救灾。一个高塔，一个绝佳的战斗位置，视野覆盖整个区域。少有人曾到过这些房子的高层和地下室。也许这样才是最好的状况。争夺这战略地带的派系战争已经持续相当长时间了。</text>
</string> 
 
<string id="ui_map_desc_mp_firestation_short">
	<text>一个消防局，在1986年，其所属所有消防员都受命前往车诺比尔核电厂救灾。</text>
</string> 
 
<string id="ui_map_desc_mp_garbage_large">
	<text>这是一个大型垃圾填埋场的一部分，那儿有着堆积如山的，由1986爆炸所产生的辐射垃圾。在那，除了破烂的大楼，还有很多汽车的架子和大型机库。这区域离封锁线不远，而且找到神器的难度也不大，所以很多潜行者都在这"方便"的地方寻找财富。</text>
</string> 
 
<string id="ui_map_desc_mp_garbage_short">
	<text>这是一个大型垃圾填埋场的一部分。</text>
</string> 
 
<string id="ui_map_desc_mp_limansk_large">
	<text>一小块土地，属于迷城利曼斯克，到处都是废弃房屋。潜行者们不难打听到这地区会产出稀有神器。自从这城市可以进入后，几乎每一分钟都有着枪战发生。</text>
</string> 
 
<string id="ui_map_desc_mp_limansk_short">
	<text>一小块土地，属于迷城利曼斯克，到处都是废弃房屋。</text>
</string> 
 
<string id="ui_map_desc_mp_lost_village_large">
	<text>变异区腹地里的一个被神遗弃的废弃村庄。看上去就跟一个废旧车架组成的锈湖一样。看过去心底里不由得生出一种恐惧之感。虽然不少潜行者都到过这个地区，不过最好还是要小心提防某些可能躲在暗处的人。</text>
</string> 
 
<string id="ui_map_desc_mp_lost_village_short">
	<text>变异区腹地里的一个被神遗弃的废弃村庄。</text>
</string> 
 
<string id="ui_map_desc_mp_military_1_large">
	<text>一个有着一堆永久尘封的卡车和装甲运兵车的废弃军方基地。还有着损毁的总部楼和营房。但不要被它的外表所欺骗，因为这地区有着巨量的神器待人发掘。当然，也有着大量的敌人。</text>
</string> 
 
<string id="ui_map_desc_mp_military_1_short">
	<text>废弃的军队基地里面有一些被永久冻住的卡车和个人武装，夷平总部和兵营。</text>
</string> 
 
<string id="ui_map_desc_mp_military_2_large">
	<text>一个古老的村庄，同时也是一个肮脏不堪的地方。就算是你努力到达了那里休息也太早了。要随时做好额头吃子弹的准备。这不是一个你能感觉安全的地方。希望你的武器永远不要让你失望。-</text>
</string> 
 
<string id="ui_map_desc_mp_military_2_short">
	<text>一个古老的村庄，同时也是一个肮脏不堪的地方。</text>
</string> 
 
<string id="ui_map_desc_mp_pool_large">
	<text>这可不是泳池，而是一个血池。走廊的每一片陶瓷都回响着枪声和爆炸声以及死亡的哭声。没有多少人知道怎么找到这里，更别提只有几个人活着离开了。</text>
</string> 
 
<string id="ui_map_desc_mp_pool_short">
	<text>这可不是泳池，而是一个血池。</text>
</string> 
 
<string id="ui_map_desc_mp_railroad_large">
	<text>一个在“罗斯托克”的小火车站。沼泽里面遍布着生锈的汽车和机车。这里众多的神器诱惑着从特意区各地赶来的渴求的潜行者。
</text>
</string> 

<string id="ui_map_desc_mp_railraod_short">
	<text>一个在“罗斯托克”的小火车站。</text>
</string> 
 
<string id="ui_map_desc_mp_rembasa_large">
	<text>在一个小村子附近的修理中心。那里所有的设备或多或少都被盗走了一些零件。那个区域威胁着你的健康。一个充满了芦苇和辐射的沼泽。但是如果你足够幸运的话你可以在那里发现一些有价值的东西。</text>
</string> 
 
<string id="ui_map_desc_mp_rembasa_short">
	<text>在一个小村子附近的修理中心。</text>
</string> 
 
<string id="ui_map_desc_mp_rostok_large">
	<text>一个到处都是生锈的铁管和损坏的水泥墙的废弃工厂。在上个世纪，那里是一个繁忙的地方，工人们都在努力干活。从扬声器里面还能听到共产主义的口号。现在这个工厂已经完成了它自己的使命。</text>
</string> 
 
<string id="ui_map_desc_mp_rostok_short">
	<text>一座被遗弃的工厂，一堆堆锈蚀的金属，混凝土墙也已破裂。</text>
</string> 
 
<string id="ui_map_desc_mp_sport_center_large">
	<text>普里皮亚季城中一所被遗弃的学校旁的体育中心。各种事件把那里变得面目全非。到现在潜行者还被吸引着去那里找寻神器。</text>
</string> 
 
<string id="ui_map_desc_mp_sport_center_short">
	<text>普里皮亚季城中一所被遗弃的学校旁的体育中心。</text>
</string> 
 
<string id="ui_map_desc_mp_training_camp_large">
	<text>一个非常奇怪的地方。声称那里真实存在的潜行者都被人嘲笑奚落。重力变异点破坏了地表。地形看起来轻飘飘的。有三座巨大的塔，军队装备的残骸，东西都飘在天上，就像浮空岛。</text>
</string> 
 
<string id="ui_map_desc_mp_training_camp_short">
	<text>一个非常奇怪的地方。声称那里真实存在的潜行者都被人嘲笑奚落。</text>
</string> 
 
<string id="ui_map_desc_mp_workshop_large">
	<text>“罗斯托克（Rostok）”工厂周边。一个“纪录团”驻扎点。那里富含神器。空旷的机库跟仓库往往是危险的象征。要及其小心，别走到看不见白塔（white tower）的地方！</text>
</string> 
 
<string id="ui_map_desc_mp_workshop_short">
	<text>“罗斯托克（Rostok）”工厂周边。</text>
</string> 
 
<string id="ui_map_desc_mp_pripyat_large">
	<text>很少有人敢进入荒废的普里皮亚季。曾经是车诺比尔核电厂工人的城市。但是现在只剩下破烂的围墙。城市中位于“普罗米修斯”剧院、码头跟沿街的建筑这一块区域，成为了交火最为激烈的地方。</text>
</string> 
 
<string id="ui_map_desc_mp_pripyat_short">
	<text>很少有人敢进入荒废的普里皮亚季。</text>
</string>
 
</string_table> 
