﻿<?xml version="1.0" encoding="UTF-8" ?>
<string_table>
<string id="gar_dolg_blokpost_11">
		<text>站住，潜行者，你不能再往前走！</text>
	</string>
	<string id="gar_dolg_blokpost_111">
		<text>为什么？</text>
	</string>
	<string id="gar_dolg_blokpost_1111">
		<text>因为这里是我们的地盘，纪律团的地盘。\n对于想经过我们基地的人，我们可是很挑剔的。\n如果你没有什么重要的事情跟我们的商谈，你就别想通过这里。\n</text>
	</string>
	<string id="gar_dolg_blokpost_11111">
		<text>我懂了。\n</text>
	</string>
	<string id="gar_dolg_blokpost_111111">
		<text>规矩是那样的。\n</text>
	</string>
	<string id="gar_dolg_blokpost_11112">
		<text>我需要通过，我有些生意要跟酒保谈谈。\n</text>
	</string>
	<string id="gar_dolg_blokpost_111121">
		<text>是的，酒保有跟我们提过你，你可以通过。\n</text>
	</string>
	<string id="gar_dolg_blokpost_1111211">
		<text>我会付钱的，这里，</text>
	</string>
	<string id="gar_dolg_blokpost_11112111">
		<text>很好！你可以通过，但你跟酒保最好有重要的事情要谈。\n你听到了吗？小心点--前面有一堆的怪物。\n</text>
	</string>
	<string id="gar_dolg_blokpost_1111212">
		<text>要帮什么忙？</text>
	</string>
	<string id="gar_dolg_blokpost_11112121">
		<text>不多。\n在附近有一群野猪在嫌晃，得把它们都杀光。\n干掉它们，这就当作是你的通行费吧。\n</text>
	</string>
	<string id="gar_dolg_blokpost_111121211">
		<text>成交。\n</text>
	</string>
	<string id="gar_dolg_blokpost_1111212111">
		<text>祝好运，潜行者。\n</text>
	</string>
	<string id="gar_dolg_blokpost_111121212">
		<text>我没钱。\n</text>
	</string>
	<string id="gar_dolg_blokpost_1111212121">
		<text>好吧，那你最好开始去找了。\n</text>
	</string>
	<string id="gar_dolg_blokpost_111122">
		<text>我没钱。\n</text>
	</string>
	<string id="gar_dolg_blokpost_111123">
		<text>好吧，那么你就不能去酒吧。\n</text>
	</string>
	<string id="gar_dolg_blokpost_1231">
		<text>谢谢你帮我们对抗野猪，收下酬劳吧。\n</text>
	</string>
	<string id="gar_dolg_blokpost_12311">
		<text>谢谢！</text>
	</string>
	<string id="gar_dolg_blokpost_22">
		<text>那么，你杀死野猪了吗？</text>
	</string>
	<string id="gar_dolg_blokpost_221">
		<text>还没。\n</text>
	</string>
	<string id="gar_dolg_blokpost_2211">
		<text>丢脸。\n当你开始在割猪下巴时，记得帮我带一个回来，好吗？</text>
	</string>
	<string id="gar_dolg_blokpost_222">
		<text>耶，我会把它们都杀光的。\n</text>
	</string>
	<string id="gar_dolg_blokpost_2221">
		<text>好的，继续前进吧。\n帮我跟酒保打声招呼，好吗？</text>
	</string>
	<string id="gar_dolg_blokpost_33">
		<text>当你看到酒保时帮我跟他打声招呼。\n喔，别忘了--路上有一堆的怪物，小心一点。\n</text>
	</string>
	<string id="gar_dramm_novice_start_0">
		<text>谢啦--你真的帮了我的忙，我不会忘记的。\n</text>
	</string>
	<string id="gar_dramm_novice_start_1">
		<text>这里是怎么回事？</text>
	</string>
	<string id="gar_dramm_novice_start_11">
		<text>好的。\n</text>
	</string>
	<string id="gar_dramm_novice_start_2">
		<text>我们正试着清除废弃区中的强盗，我的朋友在附近对一个强盗小队进行伏击。\n如果我们不阻止他们，他们就会控制废弃区，那就再也没有人可以进入变异区了。\n跟我们的指挥官谈谈，他跟他的手下在这附近，就在机械废料场中。\n我正要过去那边--如果你愿意的话我们也可以一起过去。\n</text>
	</string>
	<string id="gar_dramm_novice_start_21">
		<text>让我们出发吧。\n</text>
	</string>
	<string id="gar_dramm_novice_start_3">
		<text>你可以跟我说说任何关于废弃区的事情吗？</text>
	</string>
	<string id="gar_dramm_novice_start_31">
		<text>这没什么好说的，朋友。\n废弃区是...垃圾场。\n纪律团的战士守卫着北方通往酒吧的道路。\n你或许会想要避开他们--纪律团里可是有一堆下流龌龊的人。\n在右方是通往黑暗山谷的道路，但那边的辐射污染指数可是非常的高。\n再靠近一点的地方是葛林潘沼泽--一个充满的怪物的恶劣湿地。\n有人说那里可以找到一些道地的神器，但是在那边找麻烦可能会更容易一些。\n喔，好吧，至少在沼泽那边没有受到诅咒的巴斯克维家的幽灵猎犬。\n</text>
	</string>
	<string id="gar_dramm_novice_start_311">
		<text>继续。\n</text>
</string>
<string id="gar_dramm_novice_start_3111">
		<text>在沼泽地的右边，有个秘密的隐蔽处，你会看到在泥潭上方一个金属制的结构物。\n我藏东西的地方就在那下面…我放在那边有段时间了，但你救了我的命，或许你会比我更需要它。\n自己去拿吧。\n</text>
	</string>
	<string id="gar_dramm_novice_start_31111">
		<text>谢了朋友，这些讯息真的很有用。\n</text>
	</string>
	<string id="gar_dramm_novice_start_312">
		<text>那真是有趣，谢谢。\n</text>
	</string>
	<string id="gar_hellcar_start_11">
		<text>嘿，潜行者，你来的真是时候！我们真的需要你的帮助。\n那些混蛋强盗想要控制废弃区，我们在一个半小时前有一次交火，试着想要干掉那三只狗。\n其他的人都撤退了，如果他们带着援军回来，我可是死定了。\n我们没有太多人留下，而其他人都受伤了。\n</text>
	</string>
	<string id="gar_hellcar_start_111">
		<text>继续。\n</text>
	</string>
	<string id="gar_hellcar_start_1111">
		<text>我们要在这里对他们伏击。\n他忙将会从西方过来，从农会的研究机构。\n帮助我们击败他们的援军，我们不会忘记你的恩情的。\n</text>
	</string>
	<string id="gar_hellcar_start_11111">
		<text>好的，我会帮助你们。\n</text>
	</string>
	<string id="gar_hellcar_start_111111">
		<text>太好了。\n</text>
	</string>
	<string id="gar_hellcar_start_11112">
		<text>这跟我无关，我可不想被牵涉进去。\n</text>
	</string>
	<string id="gar_hellcar_start_111121">
		<text>随你吧。\n你这个该死的笨蛋，以后你每次要进入变异区都要负给那些家伙过路费的。\n</text>
	</string>
	<string id="gar_hellcar_start_11113">
		<text>我会杀光他们。\n</text>
	</string>
	<string id="gar_hellcar_start_111131">
		<text>你真是条汉子！不过我会小心一点的。\n</text>
	</string>
	<string id="gar_hellcar_start_21">
		<text>我们没什么好谈的。\n</text>
	</string>
	<string id="gar_hellcar_start_3111">
		<text>谢了，你真的保我们弄出那里了。\n你收现金吗？这是一点我们小小的谢意。\n</text>
	</string>
	<string id="gar_hellcar_start_31111">
		<text>当然。\n</text>
	</string>
	<string id="gar_hellcar_start_311111">
		<text>这里，这应该可以帮助你回复你的健康状态。\n</text>
	</string>
	<string id="gar_hellcar_start_3111111">
		<text>谢谢你。\n</text>
	</string>
	<string id="gar_hellcar_start_31113">
		<text>告诉我关于你的事情。\n</text>
	</string>
	<string id="gar_hellcar_start_311131">
		<text>我的名字是贝斯，我在三年前来到这边。\n我跟其他来到变异区的人一样是个逃亡者，之前我因为谋杀两个人跟重伤害罪而遭到通缉。\n几年前我的一个朋友被打的很惨--他们狠狠将他打进了医院，所以我跟那群家伙作了一个小小的“会面”。\n当警察出现时，我开枪打了其中一个，然后从三楼的窗子跳了出来--然后我就来到这里了。\n我在这里过的很好，但我犯的罪也已经过一段时间了。\n我在这里对抗无序的事情就跟我之前在外面作的是一样的。\n我训练新人、然后教授他们在变异区生存的技巧。\n</text>
	</string>
	<string id="gar_hellcar_start_3111311">
		<text>那么，如果你有这样的想法，你为什么不加入纪律团呢？</text>
	</string>
	<string id="gar_hellcar_start_31113111">
		<text>纪律团与变异区对抗，我则是为了人们而战。\n此外，他们跟政府和军队走的太近了，我可不想有一天是在冰冷的牢房中醒来。\n</text>
	</string>
	<string id="gar_hellcar_start_311131111">
		<text>祝你好运。\n</text>
	</string>
	<string id="gar_hellcar_start_31114">
		<text>这是哪里？</text>
	</string>
	<string id="gar_hellcar_start_311141">
		<text>废弃区，我们就住在这里。\n你看到一堆垃圾了吗？相信我，你不会想去那里的。\n一堆充满了辐射的废料，辐射剂量表在那可是会破表的。\n那边是最方便进入变异区的地方，而强盗最近在那边的活动变频繁了。\n他们胆小到不敢进入变异区，直入纪律团的领域，就像个有经验的潜行者一般。\n可是这些土狼却很爱在这边洗劫菜鸟。\n那么，如果没人在乎这些事，那么我们就必须站起来自己保卫自己的土地。\n</text>
	</string>
	<string id="gar_hellcar_start_3111411">
		<text>继续。\n</text>
	</string>
	<string id="gar_hellcar_start_31114111">
		<text>到处都是，尤其是这里，你必须像个人一样，别像那些被贪婪驱使的野兽。\n那就是我的生活写照。\n</text>
	</string>
	<string id="gar_hellcar_start_311141112">
		<text>在废弃区中有任何大型的建筑物吗？</text>
	</string>
	<string id="gar_hellcar_start_31114111211">
		<text>谢谢你。\n</text>
	</string>
	<string id="gar_hellcar_start_31115">
		<text>谢谢你，我不需要任何你的东西。\n</text>
	</string>
	<string id="gar_hellcar_start_3112">
		<text>我知道不少，我可以跟你分享些讯息。\n</text>
	</string>
	<string id="gar_hellcar_start_41">
		<text>工作还没完成，让我们先解决再来聊聊。\n</text>
	</string>
	<string id="gar_hellcar_start_51">
		<text>嘿，史特列洛克。\n</text>
	</string>
	<string id="gar_seriy_start_11">
		<text>该死，现在不是聊天的时候！再过几秒唯一重要的事就只有枪了。\n帮我打败他们，我们晚点再聊。\n</text>
</string>
<string id="gar_seriy_start_22">
		<text>谢谢你的帮助，事情可是越来越令人讨厌了。\n你来这边要作什么？</text>
	</string>
	<string id="gar_seriy_start_221">
		<text>我在寻找关于史特列洛克的讯息。\n狐狸跟我提过你，所以我来跟你谈谈。\n</text>
	</string>
	<string id="gar_seriy_start_2211">
		<text>好吧，你帮我解脱，我就会跟你说的。\n这些家伙的其中一个人，一个叫"莫尔"的前"挖宝者"在等着我。\n他一直在挖掘史特列洛克的藏匿物，但我不知道他有没有找到什么东西。\n这是我跟他会面地点的座标，告诉他是我派你去的，这样我就可以消失一阵子。\n这边还有一些现金会对你有帮助的。\n</text>
	</string>
	<string id="gar_seriy_start_2212">
		<text>谢谢你的讯息。\n</text>
	</string>
	<string id="gar_seriy_start_222">
		<text>我正在寻找关于史特列洛克的讯息，或许你知道些什么东西？</text>
	</string>
	<string id="gar_seriy_start_2221">
		<text>好吧，你帮我解脱，我就会跟你说的。\n这些家伙的其中一个人，一个叫"莫尔"的前"挖宝者"在等着我。\n他一直在挖掘史特列洛克的藏匿物，找到了文件可以解释一些事情。\n因为有一些强盗一直在追着他，所以他把文件藏了起来，不过他还记得藏在什么地方。\n他们现在一直在找我，我得先消失一阵子。\n这里是我跟他会面地点的座标，告诉他是我派你去的。\n我会上传一些资讯到你的PDA，还有这些现金也会对你有帮助的。\n</text>
	</string>
	<string id="gar_seriy_start_2222">
		<text>谢谢你的讯息。\n</text>
	</string>
	<string id="gar_seriy_start_33">
		<text>嘿！我必须说，事情在刚刚变得更烦人了。\n你到这边来作什么？</text>
	</string>
	<string id="gar_seriy_start_44">
		<text>一条安全的通路，潜行者。\n一条经过怪物和直接通往神器的道路。\n</text>
	</string>
	<string id="gar_seriy_start_441">
		<text>一个人可以在废弃区中找到什么？</text>
	</string>
	<string id="gar_seriy_start_4411">
		<text>你可以很快的找到一堆麻烦，这可是真的。\n但既然你是个探险家，那我会跟你说我知道的事情。\n往东边有一个小小的森林，没有什么有趣的东西，不过有一大群的狗，所以小心一点。\n这条铁路会带你到一个隧道，那边会有一大堆怪物，或许是什么其它的东西，我不是很清楚的--我从来就没仔细看过。\n你或许知道纪律团在北边有一个检查点。\n这些就是我知道的东西。\n</text>
	</string>
	<string id="gar_seriy_start_44112">
		<text>谢谢你的讯息。\n</text>
	</string>
	<string id="gar_seryi_about_garbage_0">
		<text>听着，我可以在废弃区中找到什么东西？</text>
	</string>
	<string id="gar_seryi_about_garbage_1">
		<text>你可以很快的找到一堆麻烦，这可是真的。\n但既然你是个探险家，那我会跟你说我知道的事情。\n往东边有一个小小的森林，没有什么有趣的东西，不过有一大群的狗，所以小心一点。\n这条铁路会带你到一个隧道，那边会有一大堆怪物，或许是什么其它的东西，我不是很清楚的--我从来就没仔细看过。\n你或许知道纪律团在北边有一个检查点。\n这些就是我知道的东西。\n</text>
	</string>
	<string id="gar_seryi_about_garbage_11">
		<text>谢谢你的讯息，我会记下来的。\n</text>
	</string>
	<string id="gar_stalker_about_level_0">
		<text>你可以跟我说关于这边的任何事情吗？</text>
	</string>
	<string id="gar_stalker_about_level_1">
		<text>好吧，听着，这里你能看到的东西都是垃圾。\n在1986年的灾难事件之后，他们带来了一堆辐射废料、起重机和一些毁坏的机具。\n基本上，这边都是没用的垃圾，而到处都是怪物。\n你可以找到一些神器。\n但都不是很特别，所以你在这边能找到的大概是一群菜鸟。\n一群菜鸟后面就代表了一群强盗，所以最好不要在附近闲晃。\n在东方有一堆辐射废料储藏器，没有防护的话你没办法到那里去。\n往南会通往变异区的边界。\n往北你最后会到达罗斯托克工厂，和潜行者酒吧。\n往东是黑暗山谷，一个阴暗的、神秘的地区。\n往西是农会的研究机构，我会在你的地图上标示好安全的通道。\n</text>
	</string>
	<string id="gar_hellcar_start_3111411121">
		<text>在中央有个大型的机库，那边通常都很平静，大不了你就整晚待在那里。\n如果你往西走，往农会的方向，那边会有个强盗营地，也是不久前我们杀掉一些怪物的地方，我有预感在那边会有更多怪物。\n</text>
</string>
<string id="gar_seriy_story_0">
    <text>有什么有意思的事吗？</text>
</string>
<string id="gar_seriy_story_1">
    <text>我昨天找到个稀有神器，听着，当时是这样的：我当时在军方仓库闲晃，穿过一座村庄。\n像往常一样丢着螺钉，盯着探测器抽着烟。\n突然我看见我刚才丢的一颗螺钉没有落地，而是浮在了空中。\n当时我就震惊了！我来特异区大概一年了，还从没见过这种事情！我猜当时我自己太震惊，脑子都不转了，直接把手伸了进去。\n</text>
</string>
<string id="gar_seriy_story_2">
    <text>你感觉如何？</text>
</string>
<string id="gar_seriy_story_3">
    <text>就跟把手伸进什么粘液里一样....而且我还拔不出我的手来。\n所以当时我站在那里伸出手就跟个乞丐似得。\n</text>
</string>
<string id="gar_seriy_story_4">
    <text>那你是怎么把手弄出来的？</text>
</string>
<string id="gar_seriy_story_5">
    <text>这就是整个故事！我注意到一个很奇怪的东西，这个东西离我的手约有30厘米的距离。\n它是个螺旋形物体。\n在那上面有蓝色的液滴。\n此外它还是光亮的...就像是会发光的东西...所以我开始尝试触碰那个东西，但是真的很难...我就一直拖着我的手朝它靠近可能弄了半小时左右。\n</text>
</string>
<string id="gar_seriy_story_6">
    <text>吸血怪看你或许就像是看戏一样。\n</text>
</string>
<string id="gar_seriy_story_7">
    <text>有可能。\n而脑波怪则在售票。\n</text>
</string>
<string id="gar_seriy_story_8">
    <text>那么接下来发生了什么事情？</text>
</string>
<string id="gar_seriy_story_9">
    <text>什么都没发生。\n我一抓住了那个东西一切就都停下来了。\n并没有粘液。\n但现在我有了我自己的便携模型。\n</text>
</string>
<string id="gar_seriy_story_10">
    <text>嗯，这就对了。\n那个物品是叫什么来着？</text>
</string>
<string id="gar_seriy_story_11">
    <text>我已经找到了有关的资料了。\n是酒保告诉了我。\n他对那些异常的事情一概不知，但他说那个东西叫做'玻璃珠[Glass Beads]'。\n</text>
</string>
<string id="gar_seriy_story_12">
    <text>酷。\n</text>
</string>
 <string id="gar_dolg_blokpost_story_0">
    <text>在这附近还有什么新发现么？</text>
</string>
<string id="gar_dolg_blokpost_story_1">
    <text>真的没有了。\n嘿，史特列洛克你见过刚来的特种部队吗？</text>
</string>
<string id="gar_dolg_blokpost_story_2">
    <text>没见过，你见过么？</text>
</string>
<string id="gar_dolg_blokpost_story_3">
    <text>是啊！最近我听到一个很浪漫很惊心的故事。\n因为科学家要只地狱犬的狗头，所以我去地牢附近走了一趟。\n我到地方以后，藏身在几辆汽车旁，举起望远镜四下里观察。\n突然身后传来一声咆哮。\n我的心猛地一沉，浑身毛发倒竖了起来。\n我转过身，就看到一头巨型地狱犬正死死盯着我。\n估计这家伙杀过我们很多人了。\n于是我想今天该轮到老子归位了。\n我的整个人生片断开始在脑海中闪过，能理解吧，就在这时，呯的一声响。\n它的头骨瞬间开花，该死的脑浆崩了一地都是。\n我惊呆了，傻站在原地，眨着眼。\n是谁救了我？我看到有人从垃圾箱后面走了出来。\n是一名士兵！装备也非常精良。\n穿一身外骨骼，手持一把德拉贡诺夫狙击步枪（ＳＶＤ）。\n他走到我面前，用电脑语音问道“你是什么谁？”当时我很紧张，赶紧如实相告，“受科学家的委派，得帮他们找只死的地狱犬”。\n接着他摘下了头盔，我发现，居然是个女的！而且还相当漂亮！</text>
</string>
<string id="gar_dolg_blokpost_story_4">
    <text>*大笑道*你应该向她要个电话。\n</text>
</string>
<string id="gar_hellcar_story_0">
    <text>这儿实在是太无聊了。\n</text>
</string>
<string id="gar_hellcar_story_1">
    <text>你觉得无聊吗?!那听听这个吧，我亲历过的一件怪事。\n有一回，我正从一个废弃的村子经过。\n之前也不止一次从那走过...可能你也去过那吧，那地方差不多这里的每个人都去过。\n天色渐渐变黑。\n突然我注意到有亮光从其中的一所房子的窗户透出来。\n我很好奇那儿有什么，房子似乎还有人住。\n我于是透过一扇窗户向里张望，却什么也没看到。\n还真是奇怪了。\n于是我决定进去瞧瞧。\n我一进屋就被眼前的景象给震惊了。\n屋内干净整洁，家具都是新的，窗台上摆着鲜花，甚至地板上还铺了地毯。\n真是不可思议，我甚至开始怀疑是不是原先的屋主回来了，你也知道，这样的事也不是没发生过。\n我又走进另一个房间，看到一张桌子，桌上摆放着整碟整碟的食物，还有一只盛着清亮液体的玻璃瓶。\n我觉得应该有人在这附近吧。\n于是就等了一会儿。\n但我真的很饿了，桌上的汤闻起来又是那样美味！</text>
</string>
<string id="gar_hellcar_story_2">
    <text>至少给我说个有点可信度的故事吧。\n</text>
</string>
<string id="gar_hellcar_story_3">
    <text>我已经多年未闻到那么甜美的味道了!我心里想:这儿的食物就没人来吃么?我真的想吃啊!我给自己说"就吃一点，住那的人不会介意我吃一点点的。\n当然为以防万一，我还是准备着钱的。\n我坐进扶手椅里，真是松软舒适啊!我把散弹枪放在边上，开始大快朵颐。\n食物真好吃，而且伏特加也很不错。\n根本不像外面卖的那种垃圾。\n然后我记得我睡着了，起来的时候已经是早上了。\n当我看了看周围后。\n。\n。\n我肏!只见我身处一脏乱的小屋，坐在一个木箱上。\n我赶忙拿起我的背包，幸好，枪和战利品都还在。\n当时我被吓坏了，接着我开始回想我是怎样出现到这儿的。\n我走到外面，检查周围情况。\n这房子很小，又破旧，一股随时都会崩塌掉的样子。\n村里其他的房子也都同一个样子。\n我就站在原地，疑虑是不是自己在前些天吸了些什么东西。\n过了一会，我还是上路了。\n你觉得这些怪事到底是怎么回事?你认为这是怎么出现的?</text>
</string>
<string id="gar_hellcar_story_4">
    <text>我认为你那天伏特加喝多了。\n</text>
</string>
<string id="gar_hellcar_story_5">
    <text>你在胡说些什么，我一般喝的很少，而且不吸任何毒品什么的。\n我非常健康。\n但那些事到底是怎么回事呢?</text>
</string>
<string id="gar_hellcar_story_6">
    <text>兄弟，我也搞不懂了。\n我想，是变异区对我们的头脑有很大影响的缘故吧。\n到现在我还是被各种奇怪的梦困扰，一些关于车诺比尔核电厂的梦，就好像我曾去过那儿一样。\n</text>
</string>
<string id="gar_seriy_story2_0">
    <text>你听说过 '许愿石' 吗？</text>
</string>
<string id="gar_seriy_story2_1">
    <text>当然！酒保告诉你这些故事吗？一次我甚至差点找到它。\n</text>
</string>
<string id="gar_seriy_story2_2">
    <text>没办法！</text>
</string>
<string id="gar_seriy_story2_3">
    <text>要是我撒谎就让吸血怪带走我好了。\n都是实话！听好了，故事发生在废弃区。\n当时我正在躲皮欧特[Piotr]，地球人都知道根本没办法跟那个二货一起合作。\n我受够了他的唠叨：“嘿，那是我的，我先看到的！”，然后就四下里乱打枪。\n所以，我一边躲一边喝着伏特加，可能喝多了点，你能理解吧，我必须让自己不受辐射伤害，接下来，我走错了路，误入一片沼泽地。\n在我要沉下去时，胡雪瑞[Rad Hoosher]及时赶到把我救了出来，在回去的路上，他告诉我，布帢[Butcher]找到了许愿石。\n他知道去那儿的路，并邀请我与他同行，因为他没办法孤身一人去那儿。\n那个潜行者胡雪瑞，是“傻子”走路不看路，结果我们还没到哨所就因为他不注意看路导致误入怪物领地，结果被袭击了。\n我逃进了哨所，因为我所有的装备都沉进了沼泽里。\n而瑞逃向了沼泽。\n从那以后，我就再没有见过他，他当时也没时间告诉我去许愿石那的路，太可惜了。\n整个故事就是这样了。\n</text>
</string>
<string id="gar_seriy_story2_4">
    <text>胡说，那是如果我听过的谎言之一。\n</text>
</string>
<string id="gar_seriy_story2_5">
    <text>去你妈的！</text>
</string>
</string_table>
