﻿<?xml version="1.0" encoding="UTF-8"?>
<string id="agr_find_ghost_descr">
    <text>知道鬼魂他们团队有个人名叫天箭星座。\n总之算是个线索吧。\n我只要找到鬼魂，就能找到天箭星座。\n</text>
</string>
<string id="agr_journal_cache">
    <text>他给我了找到这个藏身点的提示。\n我发现了一个小组成员天箭星座用来记录日志的微存储栈。\n这的微存储栈虽不太多，但已经足以让我了解到，在天箭星座的小组里还有另外两个人：鬼魂和方。\n这是另一个朋友说的，但他是其他小组的成员，为天箭星座的小组提供大量的支持。\n此外，按史佩特[specter]的说法，方是死于伏击。\n目前我们知道了一个名字，鬼魂，他认识天箭星座。\n还算是有所收获吧。\n根据一些往来信件提示，我应该去变异区的北部寻找天箭星座。\n</text>
</string>
<string id="agr_journal_krot">
    <text>跟莫尔的会面时富有成效的。\n显然藏身所的位置在农研所地牢的墓穴里。\n谁知道哪里有什么等着我。\n希望那里是天箭星座的秘密藏身处吧。\n</text>
</string>
<string id="agr_krot_secret_info">
    <text>莫尔说：“顺着螺旋梯下到一间有柱子的房间，从出口出去，再进到一间天花板上安装了很多管道的大房间。\n从这里再下到第二个出口，穿过地道后左拐。\n在通道的尽头向右。\n经过一个小房间，再右转。\n能看到左侧的墙上有一个大洞，旁边写着一行字“严禁攀爬，违者死！”。\n那就是通向天箭星座藏身点的通道。\n”</text>
</string>
<string id="agr_krot_secret_info_name">
    <text>天箭星座的存储器</text>
</string>
<string id="agr_military_case">
    <text>\n调查报告。\n\n 官方专用。\n\n 收件者：SBU V.M.克鲁奇尼哥夫将军，“真实”专案负责人。\n\n 发文者：D.F.马辛明科上尉，\n“搜寻者--2”小组指挥官。\n\n\n 纪录。\n\n 我们的小组包含有三个调查员及一个中队的SBU特殊部队，从2012年5月12日到5月25日，负责搜寻农会研究所，这个研究关于辐射对土壤污染的农会研究机构。\n大部分的文件和设施都已经不见了，而我们可以找到的一些东西给了以下的结论：从2005年到2008年，这个机构并未真正研究任何属于它自己的正式工作，而所有送到农会中心的报告都是假造的。\n同时，该单位的管理人佩特 丹尼洛维奇 史特里兹仍持续接收官方的资金、补给和设备，然后使用伪造的文件将这些东西转送到一个称为X18的实验室，作为该实验室的物需之用。\nX18显然是一个代码，这群人跟这个事件有一定程度的牵连，不过在我们的资料库中并没有任何相关的讯息。\n根据我们所找到的文件来判断，这个实验室应该位于该机构约一个小时车程的距离。\n显然的这是个秘密设施，所以我要求我们的分析部门来协助工作。\n我们不清楚这个实验室的研究领域，现有的文件并没有发现任何有用的讯息。\n不过确定的是这里面牵连到了声誉极差的查布可教授、和一些“组织”。\n我确切的相信我们在研究机构的调查已经到一个段落，这里已经没有其他的工作可以作了。\n\n\n 附件的档案包含了将研究机构的物资转送到某些附属设施的运货单，以及一些史特里兹跟的查布可的通信记录。\n\n\n D.F.马辛明科上尉 2012年5月26日\n 收件者： V.M. 查布可教授。\n发文者：P.D.史特里兹，农会研究所负责人，农业研究博士。\n亲爱的瓦丁 米哈依尔，依据约定，我正在运送物资和设备到我们的研究设施，来帮助你重要的农业研究工作。\n我用重要实验的名义来安排了研究资金，这样政府部门那边就不会有什么问题。\n现在实验的进度如何了？你上次给我看的东西到现在还是很令我震惊。\nP.D.史特里兹敬上。\n佩特 丹尼洛维奇，请接受我的致意，我们已经收到了所有的东西了，我们的小组对于雷射分光仪感到印象深刻，如果不是你的帮忙，会让我花上更多的时间来解决。\n当然农业研究学院会很高兴收到我们的研究成果，你真的让一个老头子乐翻了。\n研究工作正常的在进行着，你上次看到的是我们最新的成果。\n你该常常过来看的--你来我会很高兴的，况且你到“研究设施”（如果你是这样叫它的话）这里也不过才一个小时的车程而已：）我忘了我要跟你说个新闻，下个星期我要在组织里讨论你的候选资格，我想他们会支持我的。\nV.M. 查布可教授敬上。\n收件者：V.M. 查布可教授，发文者：P.D.史特里兹，农会研究所负责人，农业研究博士。\n亲爱的瓦丁 米哈依尔，谢谢你的信任，我非常的感动，希望自己不会让你失望。\n我想任何一个科学家都会想在这样的实验中占有一席之地，而我很高兴能被接受进入组织中。\nP.D.史特里兹敬上。\n P.S.我计划跟政府申请两个最新的日本多频示波仪，然后尽快的送到你们那里去。\n</text>
</string>
<string id="agr_military_case_name">
    <text>有关小组调查的报告。\n</text>
</string>
<string id="agr_nii_security_plan">
    <text>这份图表记录了巡逻、哨兵和守卫塔的资料，而总部则位于研究所的第三楼层，那也是文件存放的地方。\n该位置在白天的巡逻严密，但是在晚上11点过后，守卫就会变得宽松，在那段时间该区域的守卫人数会变少。\n如果你想要进去那里，那么你该选择从地下墓穴，想从大门进入是一件不容易的事情。\n</text>
</string>
<string id="agr_nii_security_plan_name">
    <text>农业研究所巡逻表</text>
</string>
<string id="agr_rats_n_soldiers_text">
    <text>军人们很讨厌那些爬出回收处理系统的老鼠。\n有时他们会把军人丢进回收处理系统来惩罚他们。\n</text>
</string>
<string id="agr_task_case">
    <text>贸易商人："你尽快从研究所中窃取公事包，然后将它带给潜行者酒吧的酒保--也就是100辐射的老板，酒吧位于前罗斯托克工厂的旧址。\n"</text>
</string>
<string id="article_agr_krot_sos">
    <text>求救，军队正在杀害一个潜行者同伴！嘿，如果你能停得见我的话--救命！</text>
</string>
<string id="article_agr_krot_sos_name">
    <text>会见莫尔</text>
</string>
<string id="article_agr_krot_sos1">
    <text>莫尔："救我，我要被杀掉了！"</text>
</string>
<string id="st_operation_agroprom">
    <text>农会行动</text>
</string>
<string id="storyline_gunslinger_flash_info">
    <text>消息来自鬼魂：枪手[Shooter]，告诉你一个不好的消息...方死了。\n
我们在军方仓库附近的一个村庄等了很久。\n然而方却不知什么原因认为那里有三个中立者参与了其中。\n你也了解他，经常会有这种直觉。\n我们截住了两个家伙，但显然没什么可疑的。\n但第三个却狡猾得很，他抱着把ＶＳＳ狙击枪坐在一百公尺米以外的地方。\n现在方已经不在了。\n所以下次一起去。\n至于现在...我们描述的那两个。\n我永远不会知道是谁下的令了。\n虽说，对我们不满的人不少。\n我跟丢了第三个家伙。\n我逮住了一个。\n我注意到，其中一个佣兵，大眼睛，脸上有一道很大的疤。\n我会找到他的。\n就目前的局势，保持警惕，祝你好运。\n再会了，鬼魂，我的兄弟。\n我们要分开了，保持联络。\n多加小心啊。\n伙计，我去过北部...在那里我们...我要独自去那。\n很抱歉，我没有时间等你。\n事后我再解释吧。\n至于杀害方的那个混蛋，我们会逮住他的。\n老朋友我们再会吧。\n你知道如何在哪里见的，对吧 :) 。\n好运了，天箭星座。\n你不应该去变异区的中心地带的。\n然而，那地方却是个做买卖的好地方。\n找到鬼魂。\n</text>
</string>