﻿<?xml version="1.0" encoding="UTF-8" ?>
<!-- AMK Dialogs -->
<string_table>
	<!-- Dialogue with the Culinary Specialist -->
	<string id="artem_kulinar_0">
		<text>欢迎您 ！我能提供一些东西，有兴趣吗？	</text>
	</string>
	<string id="artem_kulinar_1">
		  <text>看看这里，你已经建立了一家小吃店。\n夸张的是，离放射尘堆太他妈的近了吧。\n</text>
	</string>
	<string id="artem_kulinar_2">
		<text>对于有些人而言，要到达“废弃区”并不是件容易的事，所以对你的到来表示欢迎。\n似乎这里也快要被人遗忘了。\n</text>
	</string>
	<string id="artem_kulinar_3">
		<text>这里对你有什么特殊意义吗？离这不远就是‘酒吧区’了，潜行者们在那里交易。\n而这里就是强盗和各种人渣的乐园，就连在检查站，都会被强盗敲诈勒索。\n</text>
	</string>
	<string id="artem_kulinar_4">
		<text>酒吧区的气氛总是火药味十足，动不动就爆发冲突。\n所以我奉劝你不要在那找麻烦。\n废弃区嘛，是个可以让菜鸟们知道自己适不适合在变异区混下去的地方。\n打强盗，哈！那根本就不算啥事。\n菜鸟们还是需要让我们这些老家伙好好调教一番，这样他们就不至于连一星期都撑不过。\n那帮傻鸟不是闯入变异点就是被变异怪物当点心。\n</text>
	</string>
	<string id="artem_kulinar_5">
		<text>好了，好了，菜鸟的事我已经听得够多的了。\n说说你从哪来的吧？</text>
	</string>
	<string id="artem_kulinar_6">
		<text>我在森林里长大的，参军后随军队走遍了整个欧洲。\n退伍后，我曾在基辅当过厨子。\n都市的生活让我很不适应。\n朱门酒肉臭，路有冻死骨。\n我向往冒险生活，于是就来变异区了。\n</text>
	</string>
	<string id="artem_kulinar_7">
		<text>如果我想获取武器，弹药和其他的一些补给的话，我该找谁?</text>
	</string>
	<string id="artem_kulinar_8">
		<text>你得去和维特约克-乌鸦[ Vityok 'Raven']聊聊。\n一个神神秘秘的家伙。\n</text>
	</string>
	<string id="artem_kulinar_9">
		<text>跟我聊聊这神神秘秘的家伙?</text>
	</string>
	<string id="artem_kulinar_10">
		<text>你想知道在变异区里谁最神秘吗?乌鸦!如果乌鸦群里有个聪明的家伙，那么它们就能知道哪儿最可能出现死人，然后他们就会在那地方上空盘旋，等待着新鲜的尸体。\n这就是乌鸦这绰号的由来。\n他被在废弃区死掉的菜鸟吸引而来，去搜刮那些死人的东西。\n不过他还是有几把不错的武器供出售。\n你可以在汉格[Hanger]外面找到他。\n</text>
	</string>
	<string id="artem_kulinar_11">
		<text>谢谢你告诉我关于乌鸦的事情。\n</text>
	</string>
	
	<!-- dialogue with Vitko the Raven -->
	<string id="vitek_voron_0">
		<text>我能为你做什么吗？</text>
	</string>
	<string id="vitek_voron_1">
		<text>我在找些更好用的武器，还要些弹药。\n</text>
	</string>
	<string id="vitek_voron_2">
		<text>我有个特殊商品，不过只卖给老练的潜行者。\n</text>
	</string>
	<string id="vitek_voron_3">
		<text>只跟老练的潜行者做生意？这是什么鬼？</text>
	</string>
	<string id="vitek_voron_4">
		<text>也就是说只有少数潜行者能弄到我愿意与其交易的商品。\n</text>
	</string>
	<string id="vitek_voron_5">
		<text>我不是菜鸟，而且如果我有你想要的东西，我们可以做交易。\n</text>
	</string>
	<string id="vitek_voron_6">
		<text>你当然并不缺乏信心。\n我希望我们的交易对双方都是有利可图的。\n</text>
	</string>
	<string id="vitek_voron_7">
		<text>让我们放弃闲聊来谈交易吧，你可以提供些什么东西？</text>
	</string>
</string_table>