﻿<?xml version="1.0" encoding="UTF-8" ?>
<string_table>
<!--********************************-->
<!-- Sidorovich miniquest dialog start -->
<!--********************************-->
	<string id="escape_trader_miniquest_0">
		<text>嘿，你说有人给我留了些战利品，是不是？</text>
	</string>
	<string id="escape_trader_miniquest_1">
		<text>哦....是啊，在这呢。</text>
	</string>
	<string id="escape_trader_miniquest_2">
		<text>太好了。我拿走了。</text>
	</string>
	<string id="escape_trader_miniquest_3">
		<text>嘿，等会儿...不，别误会，我不是要偷你东西，这些肯定都是你的。我帮你安全保管，现在交给你。顺便提一下，当然我是不知道了，或许你这些东西里面有什么不好的玩意，如今我的身体也不大好了，不比当年了....所以，给我100卢布就当保管费吧。挺公平的吧。行不行啊？</text>
	</string>
	<string id="escape_trader_miniquest_5">
		<text>妈的，你可真贪心！拿着，就当是你的保管费。</text>
	</string>
	<string id="escape_trader_miniquest_6">
		<text>不错。拿走你的东西吧。</text>
	</string>
	<string id="escape_trader_miniquest_7">
		<text>你失去你的理智了吗？你现在把它放这儿或者我就揭露你的秘密交易！</text>
	</string>
	<string id="escape_trader_miniquest_4">
		<text>妈的，我现在没钱。我会晚些时间得到它。</text>
	</string>
	<string id="escape_trader_miniquest_8">
		<text>这里，拿着你宝贵的包袱。</text>
	</string>
	<string id="escape_trader_miniquest_9">
		<text>哈哈，害怕是吧？你是在开玩笑么？</text>
	</string>
	<string id="escape_trader_miniquest_10">
		<text>新手菜鸟阵营，你可以肯定他们不会向你买任何东西。</text>
	</string>
	<string id="escape_trader_miniquest_11">
		<text>军队！猜猜看他们会与特异区的非法商人做交易吗？</text>
	</string>
	<string id="escape_trader_miniquest_12">
		<text>如果我说的还不够!那就试试我的拳头吧!你要试试么?!</text>
	</string>
	<string id="escape_trader_miniquest_13">
		<text>我在这有几个朋友，很有权势的那种，你懂的。</text>
	</string>
	<string id="escape_trader_miniquest_14">
		<text>如果他们不买，别人就能买到更多。这就是变异区。他们没法离开变异区。 那些士兵封锁了所有道路。另外，他们需要武器弹药来往变异区深处进发。除了我，你还能从哪弄到那些东西呢?我根本不在乎你跟他们吹什么耳边风，明白么?</text>
	</string>
	<string id="escape_trader_miniquest_15">
		<text>哈哈。你可真是个有趣的家伙。我笑的肚子都疼了。你认为我从哪搞来的这些装备?还有武器弹药?还有，到底是谁从变异区往外运神器?军方比其他势力更需要和我做生意。你可以去军方那，当然，这一定很有趣。我还在想他们干掉你前会不会给你个留遗言的机会。</text>
	</string>
	<string id="escape_trader_miniquest_16">
		<text>小伙子，如果你比我还贪，你直接说就好了。我可不喜欢某种先亮拳头后说话的人。</text>
	</string>
	<string id="escape_trader_miniquest_17">
		<text>记着，友情经不起金钱的考验。我不在乎你的什么朋友。现在他们很有权势，但以后就不一样了。你在变异区里，懂么?</text>
	</string>
	<string id="escape_trader_miniquest_18">
		<text>好吧。一百卢布，你可以拿走你的东西。</text>
	</string>
	<string id="escape_trader_miniquest_19">
		<text>谢谢你！</text>
	</string>
	<string id="escape_trader_miniquest_20">
		<text>明白了！</text>
	</string>

<!--****************************-->
<!-- Barist Repair dialog start -->
<!--****************************-->
	<string id="bar_trader_miniquest_0">
		<text>对我来说你有什么，一个家伙离开它，对吗？</text>
	</string>
	<string id="bar_trader_miniquest_1">
		<text>是的一个小包裹。在这里。我几乎忘了它。你现在需要它吗？</text>
	</string>
	<string id="bar_trader_miniquest_2">
		<text>是的，我现在就需要拿走它。</text>
	</string>
	<string id="bar_trader_miniquest_3">
		<text>没问题，东西在这儿。</text>
	</string>
	<string id="bar_trader_miniquest_4">
		<text>十分感谢。</text>
	</string>
<!--********************-->
<!-- miniquest dialogs end -->
<!--********************-->

</string_table>
