﻿<?xml version="1.0" encoding="UTF-8"?>
<string id="mil_actor_main_quest_descr">
    <text>沃罗宁将军说这把枪自由团看的很紧。\n但我怎么去弄一把呢。\n我觉得跟自由团的大厨成为朋友是一个办法。\n将军说他是个酒鬼。\n所以很有必要带上伏特加。\n估计会起效果吧。\n</text>
</string>
<string id="mil_blockpost_job_descr">
    <text>我们必须抵挡住从焦脑器（Scorcher）来的攻击，守住边界。\n</text>
</string>
<string id="mil_blockpost_job2_descr">
    <text>卢卡许：“你要是够胆，就去通往雷达站（Radar）的入口。\n有迹象表明变异怪物跟黑石试图冲破边界。\n我们必须帮助那里的弟兄们。\n”</text>
</string>
<string id="mil_courier_doc_descr">
    <text>自由团有一款榴弹发射器：RG-6。\n一共两把。\n一把在武器库里，一把在野外里的某个地方。\n</text>
</string>
<string id="mil_courier_job_descr">
    <text>卢卡许：“很可悲，我们中出了一个叛徒.....帕弗里克[Pavlik]。\n他在向另一个势力偷偷报信，我们必须阻止他。\n你的任务是跟踪他到农场然后搞清他跟谁接头。\n他刚离开，你得去追他了。\n在搞清状况之前不要杀了他。\n之后再把跟他另一个人一起做掉。\n</text>
</string>
<string id="mil_crazy_flash_info">
    <text>今天我们去一个村子找神器去了。\n就像平时一样。\n这些鬼生物从哪来的？估计从雷达站溜出来的。\n除了我以外都死了。\n我尽力在夜里赶路。\n我都不记得自己是怎么回来的了、简直就是地狱。\n我的头快爆炸了，还夹杂幻视幻听。\n我不知道这些东西从哪来的。\n还有可恶的辐射。\n我的探测器也坏了。\n我得休息一下，之后估计会好些。\n</text>
</string>
<string id="mil_dolg_kill_lukash_descr">
    <text>进入自由团基地，清除所有狙击手，杀掉卢卡许。\n</text>
</string>
<string id="mil_dolg_kill_sniper_descr">
    <text>杀掉塔上的狙击手。\n我们得小心行事，别吃枪子。\n</text>
</string>
<string id="mil_flash_bandit_descr">
    <text>干!，那群狗娘养的纪律团把我们赶出来了。\n他们驻扎在农场附近。\n我们甚至没有时间把补给从阁楼上拿下来。\n不过自由团基地就在附近，应该没什么事。\n纪律团的人不会待太久的。\n</text>
</string>
<string id="mil_flash_max_descr">
    <text>我们今天把几个去红森林的士兵打死了。\n拿到了RG-6榴弹发射器。\n这玩意棒击了。\n卢卡许拿走一把，赛睿[Seryi]把另一把藏到村子里某栋房子的地窖去了。\n</text>
</string>
<string id="mil_flash_ugrumy_descr">
    <text>魔鬼逼着我去了红森林。\n我差点死在路上。\n再慢一点我就要成为液态脑子展品了。\n \n\n 2：4个坏蛋围住了我。\n我没发现他们的陷阱。\n要不是他们贪婪又话多，我就已经挂了。\n他们没给我喂子弹而是上来扒我衣服-然后就被护甲给勾住了。\n那是他们最后一个错误。\n不过其中一个人还是给了我一发。\n我还是老了。\n \n\n 3：我到那的时候史特列洛克的信使已经没气了。\n3只吸血怪已经够人难以对抗了，不过这小伙子居然弄死4只，甚至还有通向不同方向的几道血迹。\n他能提供的唯一的消息就是个大门密码（19840519）。\n但是找到这密码要开的那道门却不简单。\n \n\n 4：我们截住了几个往红森林去的大兵。\n他们没带文件也不是遵从命令，但却装备良好。\n我觉得还是先把RG-6榴弹发射器留在那个地窖好了，也许以后会用到呢。\n</text>
</string>
<string id="mil_freedom_rg6_task_descr">
    <text>沃罗宁：“自由团弄到了几把RG-6榴弹发射器。\n你要是能溜进去他们地盘给我弄出一个来，那我就给你提供大把的信息。\n要偷RG-6可得有几把刷子。\n我会把纪律团基地的位置提供给你。\n到那你要找到一个叫“大厨”[Chef]，也是自由团一员，他知道RG-6的准确位置。\n这人的弱点的好喝酒，试试能不能套出话来。\n当然如果他不说，我想你也知道该怎么做。\n你不会想搜寻整个区域的吧。\n”</text>
    </string>
<string id="mil_go_to_miser_descr">
    <text>嗯~~！自由团基地的吝啬鬼[Skinflint]会给我报酬的。\n他是个好小伙子。\n没准还能弄到些没过期的罐头。\n他可是个大方人。\n</text>
</string>
<string id="mil_hunters_task_descr">
    <text>杀光村子里的吸血怪。\n小心行事的话它们也许尝不到我的血。\n</text>
</string>
<string id="mil_hunters_task_descr2">
    <text>杀光村子里的吸血怪。\n小心谨慎没准能活下来。\n我可不想把血给它们喝。\n</text>
</string>
<string id="mil_lukash_job_descr">
    <text>卢卡许决定对农场的纪律团武装实施反击。\n行动由麦克斯（Max）领导，他是自由团老兵。\n我的任务是协助他们。\n</text>
</string>
<string id="mil_mad_flash_job_descr">
    <text>我怀疑这个在沼泽地的疯子会知道什么事情，我会弄清楚的。\n重要的是要避开这些所有的老雷区，但--如果把它炸开的话一定是一片荒芜。\n</text>
</string>
