﻿<?xml version="1.0" encoding="UTF-8"?>
<string id="gar_seryi_info">
    <text>摩尔[Mole]和他的同伴在农研所发掘出了一个被标记的藏匿点，就在废弃工厂附近。\n你为何不去那一趟问问看那儿发生了什么?毕竟他还曾邀请我们加入那次搜索行动。\n</text>
</string>
<string id="memuars">
    <text>个人记录。\n</text>
</string>
<string id="sl_beginning">
    <text>我是谁?</text>
</string>
<string id="sl_beginning_text">
    <text>见鬼，现在想什么都一头雾水...。\n我的确记得有这么一辆车。\n他们用它把重伤的我带到了一个很远的地方。\n那时已经很暗了。\n在那之前发生的事我就不知道了，我也很困惑。\n现在这胖子叫我史特列洛克。\n也许是因为我手臂上这个奇怪的纹身的缘故吧。\nPDA上还有一个奇怪的任务让我干掉一个叫史特列洛克的人，但这是不是我PDA我都不知道。\n看这个史特列洛克的照片，我甚至都不确定我认识这么一个家伙。\n靠!真像在做一个永远不能醒来噩梦啊!我该做什么?我该去哪?更糟的是，我到底是谁啊!好了好了，冷静下来，镇静点。\n第一我先得给这个叫西德洛维奇的家伙做点任务，毕竟他说是他救我了一命。\n现在状况还好，我回去走一走来冷静一下，也许我的头脑会清醒一点。\n</text>
</string>
<string id="sl_first_deep_raid">
    <text>第一次深入变异区。\n</text>
</string>
<string id="sl_first_deep_raid_text">
    <text>所以我要踏出深入变异区的第一步了，目标是农研所。\n我需要拿到一些属于一支军方探索队的文档，除此之外，商人还告诉了我一些关于位于北边变异区中心入口的焦脑区的信息。\n虽然更可能是传闻而非事实，但既然那儿肯定有什么东西与我的失忆有关的话，那么我也许要去向潜行者们打探消息并去查看一下。\n也许我到过那儿，不过谁知道呢。\n商人还告诉我，那个史特列洛克发现了一个通过焦脑区域的方法，而他想了解具体是怎样的。\n他们的目的很明确，就是为了那还未探索过的神器产地。\n嗯，看来我会帮他们一把。\n</text>
</string>
<string id="sl_first_opinions">
    <text>第一印象。\n</text>
</string>
<string id="sl_first_opinions_text">
    <text>呃，我呼吸到了新鲜空气并见识到了这儿的野外生活。\n有意思的是，似乎我已经记起了一些东西。\n但依旧说不清楚。\n我体验了一下"游客们"所说的变异点。\n根据我还活着这一点来看，也许我以前曾遇见过这种东西。\n但我脑袋里仍固执的认为没见过。\n西德洛维奇是个聪明的混蛋，他知道他可以免费指使我做任何他想要的事。\n也许他能帮我找到那个该死的"史特列洛克同志"。\n他似乎成了现在与过去之间唯一的联系。\n</text>
</string>
<string id="sl_fox_meet">
    <text>和狐狸见面。\n</text>
</string>
<string id="sl_fox_meet_text">
    <text>和狐狸见面。\n有两个消息-一个是坏消息：天箭星座[Arrow]他知道了一些情况- 另一个是好消息：我了解到他的叫盖瑞[Gray]的兄弟知道的更多。\n瑟利[Seriy]我明白从到北面的那一堆带辐射的垃圾堆的电线架那里有接近两公里的路程。\n所以任务很简单，在他（GARY）到下一个地点之前见到他。\n</text>
</string>
<string id="sl_monolith_off">
    <text>干掉黑石。\n</text>
</string>
<string id="sl_monolith_off_text">
    <text>我离那些在特异区创造了这些该死的Psi射线的人只有几步之遥。\n这些黑石就像是另一种僵尸，除了一些人会在石棺里面投影出那个巨大的晶体状的全息投影。\n当哪个倒霉蛋接近那里时，它会糊弄这些人的脑子。\n或许它甚至会让他们以为自己的愿望实现了。\n谁知道呢？我又没有被这个该死的东西影响过？我不清楚，但是这个东西的幕后很快就会来回答我的问题了。\n他们甚至邀请我（进入石棺）。\n那么，我来了混蛋们！</text>
</string>
<string id="sl_provodnik">
    <text>超导体。\n</text>
</string>
<string id="sl_provodnik_text">
    <text>探险家说医生认为自己被跟踪了，他会呆在史特列洛克的隐藏处，那么，我想我需要去拜访他一下。\n</text>
</string>
<string id="sl_seryi_meet">
    <text>和瑟利[Seriy]见面。\n</text>
</string>
<string id="sl_seryi_meet_text">
    <text>我对于想要更多的了解史特列洛克的计划必须得要延后了。\n瑟利[Seriy]派我过来去见一个叫摩尔[Mole]的潜行者，他据说了解史特列洛克的藏匿闪存。\n我很怀疑这个，但是如果他真是这样我至少会更多地了解史特列洛克。\n谁知道我会不会在这里得到一些有用的信息。\n</text>
</string>
<string id="sl_usefull_info">
    <text>从商人那里得到的有价值的信息。\n</text>
</string>
<string id="sl_usefull_info_text">
    <text>呃……商人并没有让我失望。\n我很感谢他愿意在我寻找天箭星座[Arrow]的时候帮忙。\n就是说他透露了一个叫狐狸的潜行者。\n他然后点了火，寻求帮助（这句话不知道什么意思）。\n西德洛维奇认为他认识天箭星座[Arrow]。\n
</text>
</string>
<string id="sl_wishmaster_legend">
    <text>许愿石的传奇。\n</text>
</string>
<string id="sl_wishmaster_legend_text">
    <text>我记下的一点民间传说：传说变异区深处有一个许愿机。\n具体位置没人知道，不过就是在中心附近。\n据说你只要一走进去，就会升职加薪、当上总经理、出任执行长、迎娶美女、走上人生巅峰。\n嗯....不知道如果找到了却说“我要恢复过去的所有记忆！”会怎样。\n可是我又不想浪费一个愿望。\n假如我记起来了却发现自己过去是个混球该怎么办？那可就太扫兴了！到底能许多少个愿望呢？要是能以愿许愿就好了！</text>
</string>
<string id="storyline_seriy_flash_info">
    <text>毕尤凯[Bugay]写给格雷[Gray]：“莫尔[Mole]）跟他的队伍在农业研究所发掘出了标记的藏物处，去搞清楚是什么，他们怎么弄出来的。\n格雷[Grey]回复：“都一样，他们之后会去酒吧，我最好就在废弃区[Garbage]的路上等着。\n”</text>
</string>
