﻿<?xml version="1.0" encoding="UTF-8"?>
<string id="bar_darklab_documents_txt">
    <text>酒吧老板：“根据你从农业研究所那儿带来的文件，事情开始变得清晰起来，但依然有些数据不见了。\n有证据表明，存在一个焦脑器使得去往北方的道路被阻断了，但没有人知道它到底是什么东西。\n文件中还提到在黑暗山谷有座废弃建筑与某人描述的X18实验室相符合。\n目前那儿的变异活动还不清楚，此外，土匪现已在黑暗山谷建立了他们自己的基地。\n\n近日有几个义务侦察兵去了那里，但至今也没有从他们那儿得到任何消息。\n\n要进入实验室，你需要两把电子钥匙；我会给你一把，但第二把，你得从强盗首领伯罗夫那儿得到它。\n \n\n因此，你首先得从伯罗夫那儿得到第二把钥匙，然后再潜入实验室内拿到文件。\n</text>
</string>
<string id="bar_darklab_documents2_txt">
    <text>必须找到关于X-18实验室所做研究的文件。\n这些文件或许能够阐明[焦脑器]。\n</text>
</string>
<string id="dar_codedoor_1_txt">
    <text>进入实验室的门被一把密码锁锁住了。\n必须找到知道密码的那个人。\n</text>
</string>
<string id="dar_codedoor_2_txt">
    <text>另一扇门，门后确确实实有什么东西。\n必须要找到打开门的密码。\n</text>
</string>
<string id="dar_document1">
    <text>实验初期</text>
</string>
<string id="dar_document2">
    <text>第二阶段的实验</text>
</string>
<string id="dar_document3">
    <text>安全报告</text>
</string>
<string id="dar_document4">
    <text>对工作人员的攻击</text>
</string>
<string id="dar_document5">
    <text>实验完成</text>
</string>
<string id="documents_1">
    <text>一周前他们决定降低实验体的辐射强度。\n最初几天没有发现任何情况。\n但几天后出现了奇怪的巨变:头发没了，变得极具侵略性。\n有些实验体还被另外的实验体蹂躏。\n</text>
</string>
<string id="documents_2">
    <text>实验体状况一切正常。\n现在，他们的头发数量只有初始时的10%那么多，爪子和牙齿相对也长大了很多。\n那些骤然出现的动作似乎可以证明他们不会乱动同类。\n高级实验室技师A.N.布尔诺夫[Burnov]推测这些状况代表他们的智力正在成长。\n然后他们决定用实验体测试一种全新的调制电磁风暴。\n</text>
    </string>
<string id="documents_3">
    <text>保安长官:昨日，保安警卫G.P.格列波夫[Glebov]为了逃生便向实验体投掷了一块肉。\n他们在几秒钟内就把那肉狼吞虎咽了。\n随后几个个体试图打破囚笼。\n由于上述情况的发生，实验室工程师无法获取必要的实验样本。\n尽管G.P.格列波夫的举动极欠妥当。\n我仍提议留守人员应配备气枪以保证最基础的安全保障，以防紧急情况的发生。\n</text>
    </string>
<string id="documents_4">
    <text>保安长官:昨天，实验几近失控。\n两波实验体逃了出来，还破坏了两个实验室。\n幸好实验人员可以把他们自己锁在楼上。\n我们受命去净空主实验室。\n行动过程中三人被咬伤。\n希望他们能安好，我真希望实验能尽快结束。\n</text>
    </string>
<string id="documents_5">
    <text>昨天我们在实验体上测试了一种全新的调制电磁风暴。\n他们看起来就像脑子被烤了一样。\n我无法想像当如此的电磁风暴在人身上作用时是什么状况。\n我们已经测试了所有型号的电磁风暴，所得实验结果和其他实验室获得的数据相匹配。\n现在，此实验已经完全结束了。\n大概一周后我们就能开始在大型生物上进行实验了。\n</text>
    </string>
<string id="LabX18 first key">
    <text>2级安全验证密码</text>
</string>
<string id="LabX18 second key">
    <text>1级安全验证密码</text>
</string>
<string id="LabX18_information">
    <text>源于X-18实验室的资讯。\n</text>
</string>
<string id="pass_to_1st_door">
    <text>好的，我们现在是同事了。\n恭喜你升到2级。\n你最终会搞明白我们的实验室是做什么的。\n你的许可证号是1243主实验室X-18，Piotr Kalugin。\n</text>
</string>
<string id="pass_to_2nd_door">
    <text>同事，必须隔两小时检查一次。\n你直接向我报告工作。\n进入中央实验室的密码：9524主实验室X-18，Piotr Kalugin。\n</text>
</string>
<string id="sl_x18_dream_name">
    <text>一个奇怪的梦。\n</text>
</string>
<string id="sl_x18_dream_text">
    <text>做了个奇怪的梦。\n切尔诺贝利核电站那庞大的身影显现在暮光中，一切看起来都很平静。\n这时，出现了一个孤单的身影。\n我看到他背对着核电厂走了过来。\n这时风刮了起来。\n突然成群的老鼠开始从火车站向各个方向奔逃。\n那人一直背对着我，向鼠群开枪射击。\n一个声音尖声叫道，“史特列洛克！”。\n那人身体一颤，僵住了一小会，然后慢慢的转向了我，但是...电光火石间闪过一张我之前瞥见过的脸，然后我醒了。\n这个梦意味着什么？我不明白，但我觉得有些似曾相识的感觉。\n</text>
</string>
<string id="val_captive_help_txt">
    <text>纪律团成员布列特[Bullet]请求帮助营救被强盗绑架的同伴。\n
他应该被胁持到了一座废弃工厂里。\n</text>
</string>
<string id="val_prisoner_help_art_txt">
    <text>纪律团的人说：“他们也捉了我们的人，席格[Serge]。\n他被关在那所房子的地下室...那里...很大，还没有完全建成。\n”救救他，好吗？于是他们也就做了..."</text>
</string>
<string id="val_x18_conclusion">
    <text>X-18实验室。\n</text>
</string>
<string id="val_x18_conclusion_txt">
    <text>嗯...X18实验室可不好玩...它现在的居民们...我觉得那是不存在的。\n我找到了一些文件。\n上面写的很多东西我都没太看懂，除了关于Kaimanov发射器的某些设备的技术说明书那部分。\n那部分很有意思，提到另一个代号叫做X16的实验室，而且同样是极秘密的所在。\n</text>
</string>
