﻿<?xml version="1.0" encoding="UTF-8"?>
<string id="about_enciclopedia">
    <text>这部分 - 百科全书。\n世上的实用信息都会记录在内并按标题分类。\n</text>
</string>
<string id="about_pda">
    <text>关于百科全书</text>
</string>
<string id="Bandit's flash">
    <text>工厂里的强盗的PDA。\n</text>
</string>
<string id="blokpost_case_text">
    <text>贩子:去检查站偷到那个手提箱，里面储有变异区北部的军方探险队的报告。\n</text>
</string>
<string id="Dead novice's flash">
    <text>一个挂了的菜鸟身上的PDA</text>
</string>
<string id="defend_lager_text">
    <text>狂热者:帮我们挡住那些佣兵，他们来到这想把这些菜鸟赶出村子。\n潜入营地然后按命令攻击他们，小心别被抓到了。\n</text>
</string>
<string id="doctor_meet">
    <text>向导的PDA。\n</text>
</string>
<string id="doctor_meet_2">
    <text>和博士见面。\n</text>
</string>
<string id="doctor_meet_quest_text">
    <text>博士：“我正在等待一个从天箭星座的小队到隐藏点的家伙。\n如果就是这个人的话那么他会发现这个地方。\n</text>
</string>
<string id="doctor_meet_text">
    <text>那么，我会见见鬼魂的旧相识。\n我会在天箭星座的隐藏点等他的，如果他是自己人，他会知道去哪里找到我的。\n博士。\n</text>
</string>
<string id="esc_flash_task_descr">
    <text>商人:"我的兄弟在从一个任务回来的路上失踪了。\n他们其中一个叫林伯（明眼）的家伙带着给我的信息。\n他们一定是消失了因为他们当时已经穿过了废弃的桥。\n我不知道应该想什么，我们决定再派一个人过去。\n猜猜是谁？所以我需要你去找到林伯（明眼）带着的USB储存碟并且带回给我。\n林伯（明眼）是沃夫的斥候（我是按照阴影的第一个任务翻译的，斥候挺好的）而沃夫现在就在营地里面。\n问他：他知道什么。\n他或许会帮你弄一些护甲和弹药。\n</text>
</string>
<string id="esc_fox_info">
    <text>瑟利[Seriy]给狐狸[Fox]：一个朋友想要见见那一群发现了天箭星座的藏匿点的潜行者。\n我会和一些人去垃圾场的电线架。\n你可以在那里找到我。\n</text>
</string>
<string id="esc_kolyan_lost">
    <text>一个兄弟昨天发现了一个废弃的磨坊而他现在还不知所踪。\n我们应该去寻找他。\n</text>
</string>
<string id="factory_dynamit_text">
    <text>沃夫：把在仓库那里的强盗偷的炸药拿回来。\n想要帮忙的话去废弃的桥那里然后说出口令”从地狱来的问候，不然你会被射击的。\nLOL</text>
</string>
<string id="factory_trader_text">
    <text>沃夫：干掉工厂那里的强盗可以帮助我在废弃的桥那里的人，杀光后回来报告我。\n</text>
</string>
<string id="Flash dead stalker">
    <text>从死亡的潜行者身上得到的PDA。\n</text>
</string>
<string id="gunslinger_clan_cache">
    <text>我在一间小屋里醒来，身旁有些充满敌意的家伙。\n我什么也不记得了。\n我有一个ＰＤＡ，上面有个人的照片。\nＰＤＡ上只有一条记录，“杀掉天箭星座”</text>
</string>
<string id="help_to_fox">
    <text>商人：狐狸[Fox]从袭击中生还，请求援助。\n可能他拥有了史特列洛克的知识。\n</text>
</string>
<string id="meet_seryi_text">
    <text>狐狸:瑟利[Seriy]在垃圾场的一个机库里。\n他知道很多事。\n</text>
</string>
<string id="military_case_text">
    <text>商人：去农业研究所的那所学院找到军方的调查报告文件，并把它们交给酒吧区的酒保。\n</text>
</string>
<string id="Seryi flash">
    <text>狐狸的ＰＤＡ</text>
</string>
<string id="storyline_fox_flash_info">
    <text>一个商人让我们监视在农业研究所的军队。\n为了消谴我们干掉了所有人。\n找到了些有意思的东西。\n我找到了一个密码 *abracadabra, type, code*.</text>
</string>
<string id="storyline_seryi_info">
    <text>传讯给狐狸[Fox]：我的一个朋友要求跟一伙找到了天箭星座的藏物处的潜行者见面。\n我会在垃圾场。\n如果你愿意就过来一趟。\n</text>
</string>
<string id="Tolik flash">
    <text>Tolik的ＰＤＡ</text>
</string>
<string id="tutorial_artefact_find">
    <text>商人：这儿附近有一个“旋转”。\n神器就在它的中间。\n去拿吧！
</text>
</string>
<string id="tutorial_moving_anomaly_text">
    <text>这附近有一个很奇怪的变异点，它看起来是在绕圈。\n我会试着总结出它的路线和运行时间的。\n因为我没钱，所以我可以把那份总结桥给附近的士兵当过路费。\n</text>
</string>
<string id="tutorial_secret_place">
    <text>我在废弃农场里留了一个藏匿点。\n里面有少许食物和子弹。\n我现在病的太重不能去拿它。\n连能不能走到那都是个问题。\n</text>
</string>
