﻿<?xml version="1.0" encoding="utf-8"?>
<string_table>
<string id="vas1_dialog_0">
    <text>你好，瓦西里耶夫！</text>
</string>
 <string id="vas1_dialog_1">
    <text>你是谁?你怎么知道我在这？</text>
</string>
<string id="vas1_dialog_2">
    <text>是弗瑞斯特让我来这找你的，他让我把这东西带给你，因为他心脏不好，不能亲自给你送来。\n</text>
</string>
<string id="vas1_dialog_3">
    <text>我明白，但是我现在遇到了很大麻烦，弗瑞斯特可能告诉过你，我给他带来一些专门治疗心脏的药物还有一些补给，以此来跟他交换药草和神器，但是在半路上我遇到了电磁风暴，当我躲避完风暴又遇到了成群的野狗和豚兽，我一路狂奔，最终把我身上的装备和PDA都跑丢了，没办法，我只能躲在这里，想想接下来应该怎么办。\n</text>
</string>
<string id="vas1_dialog_4">
    <text>那么，我们应该怎么办？弗瑞斯特非常需要这些药品。\n</text>
</string>
<string id="vas1_dialog_5">
    <text>我们必须回到扬塔的基地。\n去找萨哈罗夫教授，他那有更多这样的药品，取回一些带给弗瑞斯特。\n不过现在有你保护我，我就不害怕穿过这片森林了。\n你有PDA吧?他可以指引你去扬塔的方向。\n但不过我看你只有一把老旧的霰弹枪。\n我这有一把很不错的手枪和一些装备给你。\n那我们先上路吧。\n </text>
</string>
<string id="vas1_dialog_6">
    <text>好的，走吧。\n</text>
</string> 

<string id="mandra_start_dialog_0">
    <text>我能为你做点什么吗？</text>
</string>
<string id="mandra_start_dialog_1">
    <text>你需要在罕见的森林里找到那种神奇的草药，然后交给维和部队，我之前答应过他们。\n在过去的几天里我病的不轻，心脏太难受，无法去寻找它。\n</text>
</string>
 <string id="mandra_start_dialog_2">
    <text>我很乐意效劳，但是你得告诉我什么是神草？在哪里可以找得到它？</text>
</string>
<string id="mandra_start_dialog_3">
    <text>首先，它是一种叫曼德拉草的植物，当把它拔出地面的时候，它会发出像"野哭"一样尖叫，这会导致暂时的精神错乱，甚至死亡。\n我现在把曼德拉草根的方位发到你的PDA上，那是一个很安静的地方，你要小心点，在拔出它的时候，记得把耳朵堵住。\n</text>
</string>
<string id="mandra_start_dialog_4">
    <text>好吧，我明白，但是你得给我一把像样的霰弹枪和子弹，你总不能让人只拿着一把水果刀去穿越这莽莽的大森林吧？</text>
</string>
 <string id="mandra_start_dialog_5">
    <text>当然可以了，孩子，拿上我这把老式的BM16霰弹枪吧，还有这些子弹，穿上这件黑色的皮夹克吧，这里还有一些装备也都带上吧，我在这里吃点东西，休息一下，等你的好消息了。\n</text>
</string>
 <string id="mandra_start_dialog_6">
    <text>好吧，我去试试运气，找一找吧。\n</text>
</string>

<string id="mandra_est_dialog_0">
    <text>我找到了你所说的曼德拉草了。\n</text>
</string>
<string id="mandra_est_dialog_1">
    <text>孩子，你真行。\n</text>
</string>
 <string id="mandra_est_dialog_2">
<text>不过你所说的"平静"的地方，居然还有一些变异的野猪和豚兽，当我把曼德拉草根拔出来的时候，它们一起向我攻击，我只能用枪杀死它们，但是，还是把我的皮夹克弄坏了。\n</text>
</string>
 <string id="mandra_est_dialog_3">
    <text>很奇怪，那里一直是安静的.....但是你表现的很出色，显然你根本不害怕那些变异的野猪和豚兽，我这里有一些补给和装备都送给你了，还有一些抗辐射药，它能很好的降低核辐射给你带来的伤害。\n</text>
</string>
 <string id="mandra_est_dialog_4">
    <text>谢谢，非常感谢。\n</text>
</string>

<string id="perehod_dialog1_0">
    <text>难道就是这里？</text>
</string>
<string id="perehod_dialog1_1">
    <text>差不多了这是这里了，我们必须进入那片沼泽。\n你要小心了，在后面紧紧跟着我，注意，那边的沼泽地中间的化学变异点，在沼泽中间有一个水下洞穴的入口。\n我们得潜水到达那里。\n好了，走吧，不要落在后面。\n</text>
</string>
 <string id="perehod_dialog1_2">
    <text>走吧，我已经把所有的都解决了。\n</text>
</string>

<string id="perehod_dialog2_0">
    <text>好吧，那么接下来呢？</text>
</string>
<string id="perehod_dialog2_1">
    <text>就是这里了，这是水下洞穴的入口。\n也是去扬塔基地的通道，你需要潜入地下水道。\n你先跳下去，我在后面跟着你，这里很危险，路上小心。\n </text>
</string>
 <string id="perehod_dialog2_2">
    <text>好吧，我先带路。\n</text>
</string>

</string_table>
