﻿<?xml version="1.0" encoding="UTF-8" ?>
<string_table>
<string id="agr_factory_krot_start_0">
    <text>潜行者谢谢你的救命之恩！要不是你及时出现，我现在就是个死人了。\n</text>
</string>
<string id="agr_factory_krot_start_10001">
    <text>我正在打探有关天箭星座[Arrow]的信息，或许你知道一些吧？</text>
</string>
<string id="agr_factory_krot_start_10002">
    <text>我要怎么样才能进到地下室呢？</text>
</string>
<string id="agr_factory_krot_start_15001">
    <text>天箭星座的秘密藏身处？</text>
</string>
<string id="agr_factory_krot_start_15002">
    <text>谢谢你的情报。\n</text>
</string>
<string id="agr_factory_krot_start_1501">
    <text>是的我听说了。\n他们甚至说他曾经在这一片区域工作过，然而天箭星座的藏身点在当地的一处地下室里。\n同样在那里发展起来的鲁门[Rumor]知道相关的事情。\n</text>
</string>
<string id="agr_factory_krot_start_1502">
    <text>这是一条能把你带进一个如细胞般密联的世界的入口。\n当你进去后，你就只能靠你自己了。\n我没有地图，而且里面的通道极多而且复杂。\n</text>
</string>
<string id="agr_factory_krot_start_2">
    <text>我在天箭星座上面查找信息。\n赛理[Seryi]告诉我你了解的有关他的一切。\n</text>
</string>
<string id="agr_factory_krot_start_30001">
    <text>谢谢！</text>
</string>
<string id="agr_factory_krot_start_3001">
    <text>是的，我们也找过它，但没找到。\n我会给你一些关于它的信息。\n这就是在藏身处我们所拥有的一切。\n</text>
</string>
<string id="agr_factory_stalker_about_0">
    <text>这里到底发生了什么？</text>
</string>
<string id="agr_factory_stalker_about_1">
    <text>我们战斗时或者更具体地说像露营一样坐着等死。\n如果你想了解更多那就找摩尔[Mole]谈谈吧，他是队长。\n</text>
</string>
<string id="agr_factory_stalker_start_0">
    <text>老兄，这是个打了一半的战斗，你不会希望那样的事情发生在你最可怕的敌人身上。\n这些部队的小伙子们越来越臭屁 ！！</text>
</string>
<string id="agr_krot_about_agroprom_0">
    <text>请问农业研究所调查中心怎么走？</text>
</string>
<string id="agr_krot_about_agroprom_10">
    <text>离这儿不远，沿着这条向西的路一直走，你就能走到调查中心的大门了。\n</text>
</string>
<string id="agr_krot_about_agroprom_100">
    <text>听说军队在这里建了个基地，对吗？</text>
</string>
<string id="agr_krot_about_agroprom_120">
    <text>谢谢你告诉我这些。\n</text>
</string>
<string id="agr_krot_about_agroprom_20">
    <text>对，这里是有个军事基地，我不太确定有多少个军人在这里，不过我想至少有一个排那么多人。\n你是不会有机会闯进去的，因为他们的装备很精良，他们能在你张嘴问好之前把你放倒了。\n想进去最好的办法就是晚上的时候再进去，因为白天他们的警戒森严，他们在几乎每个地方都设了检查关卡。\n不过话说，我听说有个从基地出来的逃兵躲在沼泽那儿。\n如果你能找到他的话，我保证你能从他嘴里问出不少有用的信息。\n</text>
</string>
<string id="agr_krot_actor_hasnot_met_seriy_0">
    <text>怎么了？</text>
</string>
<string id="agr_krot_actor_hasnot_met_seriy_100">
    <text>我和我的伙计们找到了一个满是神器的区域，但是那些军队杂种们因为一些原因袭击了我们。\n我不止他们倒地想从我们这里要什么。\n</text>
</string>
<string id="agr_krot_actor_hasnot_met_seriy_200">
    <text>耶啊，我听说过他。\n我想他过去是在这一地区生活的。\n事实上这是一块怡人的地方。\n他很久以前就离开了。\n我不知道那究竟是什么时候并且我已经不知道他在哪里了。\n这是我能告诉你的一切。\n</text>
</string>
<string id="agr_krot_actor_hasnot_met_seriy_2000">
    <text>你不会在这里没有理由的等待，是吧？不然为什么军事突击队为什么会出现在这里?</text>
</string>
<string id="agr_krot_actor_hasnot_met_seriy_250">
    <text>好吧，我知道一些关于天箭星座的事情。\n</text>
</string>
<string id="agr_krot_actor_hasnot_met_seriy_2500">
    <text>什么？我真的需要了解这事。\n</text>
</string>
<string id="agr_krot_actor_hasnot_met_seriy_3500">
    <text>如果你敢骗我，我保证会找到你并且用比军队还残酷的方法来弄死你！</text>
</string>
<string id="agr_krot_actor_hasnot_met_seriy_400">
    <text>我保证不说谎。\n我知道在这地方人们总是互相怀疑，所以你确实可以这么对待谎言。\n</text>
</string>
<string id="agr_krot_actor_met_seriy_100">
    <text>赛利[Seryi]？好吧听着，他们说天箭星座曾在这附近偷偷摸摸。\n在那顶上，他的藏匿物地下的某个地方。\n我听说他的团队甚至在这里有个基地。\n我们查过他的藏物处了，除了些破烂啥都没。\n我会给你他藏物处的信息，或许你会幸运一点呢，这是我们仅能掌握到的信息了。\n</text>
</string>
<string id="agr_krot_actor_met_seriy_2000">
    <text>你还知道些什么？</text>
</string>
<string id="agr_krot_actor_met_seriy_250">
    <text>我不知道其他的事情了。\n我告诉过你我所知道的一切，现在你有你的事了，自己去搞定吧。\n祝你好运。\n</text>
</string>
<string id="agr_krot_help_0">
    <text>救救我，伙计！</text>
</string>
<string id="agr_krot_help_10">
    <text>好的。\n</text>
</string>
<string id="agr_ratcatcher_start_0">
    <text>别开枪老兄！</text>
</string>
<string id="agr_stalker_esc_0">
    <text>你在做什么？</text>
</string>
<string id="agr_stalker_esc_20">
    <text>我是沿着那条路从离这儿比较远的那个工厂回来的。\n我不知道那些军队怎么把我们的组织给找出来的。\n我还没有等那些军队的人露面我就以最快的速度溜走了。\n我希望我们的小伙子能逃出来,不然他们迟早会死。\n你看到那些直升机了吧。\n</text>
</string>
<string id="agr_stalker_esc_300">
    <text>看到了[可能是我了解]，谢了。\n</text>
</string>
<string id="agr_stalker_esc_400">
    <text>我明白了，我很感激你的帮助。\n</text>
</string>
<string id="agr_stalker_talk_about_ratcatcher_0">
    <text>我遇到了一堆问题。\n</text>
</string>
<string id="agr_stalker_talk_about_ratcatcher_10">
    <text>你想知道什么？</text>
</string>
<string id="agr_stalker_talk_about_ratcatcher_1000">
    <text>这地方有什么有意思的事情吗?</text>
</string>
<string id="agr_stalker_talk_about_ratcatcher_120">
    <text>你想要多少??</text>
</string>
<string id="agr_stalker_talk_about_ratcatcher_130">
    <text>钱在这。\n说吧，在哪。\n</text>
</string>
<string id="agr_stalker_talk_about_ratcatcher_131">
    <text>滚开!</text>
</string>
<string id="agr_stalker_talk_about_ratcatcher_140">
    <text>谢谢你!</text>
</string>
<string id="agr_stalker_talk_about_ratcatcher_20">
    <text>是的，有这么几处地方，但你得付点钱。\n</text>
</string>
<string id="agr_stalker_talk_about_ratcatcher_21">
    <text>过去这儿一直很平静。\n但现在军队变得很活跃并开始清洗。\n最近他们在收拾强盗们。\n我听一些强盗正商量逃进地下墓穴。\n</text>
</string>
<string id="agr_stalker_talk_about_ratcatcher_30">
    <text>三十，成交？</text>
</string>
<string id="agr_stalker_talk_about_ratcatcher_40">
    <text>铁路遂道的出口就在附近。\n那个死胡同十分地安全。\n至少还没有人在睡着时被吃掉。\n同时，在工厂的西北边，你会看到一个停着辆货车的沼泽。\n小心点，它的周边布满了辐射。\n所以最好的办法就是从西边走。\n哦，还有件事，那里有一名士兵。\n可能是来自研究所里的军事基地。\n那个可怜的家伙可能是个疯子。\n他已经在那几天了，我想他还能活得更久些。\n</text>
</string>
<string id="agr_stalker_talk_about_ratcatcher_9999">
    <text>再见！</text>
</string>
<string id="agr_stalker_talk_about_ratcatcher1_0">
    <text>这周围发生了什么有趣的事情么？</text>
</string>
<string id="agr_stalker_talk_about_ratcatcher1_1">
    <text>你知道老鼠[Rat]吗？想知道这条情报你得出30卢布。\n</text>
</string>
<string id="agr_stalker_talk_about_ratcatcher1_11">
    <text>成交。\n</text>
</string>
<string id="agr_stalker_talk_about_ratcatcher1_111">
    <text>我们这个地方有个英雄叫老鼠。\n他住在沼泽。\n他以前收养了很多老鼠之后他会让那些老鼠去吃那些单独行动的士兵。\n</text>
</string>
<string id="agr_stalker_talk_about_ratcatcher1_1111">
    <text>棒极了，谢谢。\n</text>
</string>
<string id="agr_stalker_talk_about_ratcatcher1_1112">
    <text>再告诉我些关于收集者的事情吧。\n</text>
</string>
<string id="agr_stalker_talk_about_ratcatcher1_11121">
    <text>收集者就是一根标准的下水管道 - 你用来把农业研究所的垃圾塞进附近储水库的不二选择。\n</text>
</string>
<string id="agr_stalker_talk_about_ratcatcher1_111211">
    <text>非常好。\n后会有期，保重。\n</text>
</string>
<string id="agr_stalker_talk_about_ratcatcher1_12">
    <text>这我早就知道了，不过还是谢谢。\n</text>
</string>
<string id="agr_stalker_talk_about_ratcatcher1_121">
    <text>我没什么可以告诉你的了。\n</text>
</string>
<string id="agr_stalker_talk_about_ratcatcher1_13">
    <text>我的钱不够。\n</text>
</string>
<string id="agr_stalker_talk_about_ratcatcher1_14">
    <text>我不感兴趣。\n</text>
</string>
<string id="agr_stalker_talk_about_ratcatcher1_3">
    <text>这发生了什么有趣的事吗？</text>
</string>
<string id="agr_stalker_talk_about_ratcatcher1_31">
    <text>什么事也没有，绝对没有。\n</text>
</string>
<string id="agr_stalker_talk_about_ratcatcher1_311">
    <text>我明白了，再见 ！</text>
</string>
<string id="agr_stalker_talk_level_0">
    <text>跟我说说这地方的故事。\n</text>
</string>
<string id="agr_stalker_talk_level_1">
    <text>这地方是围绕着农研所而建的。\n这个研究所在西南边。\n与研究所配套的工厂区就在北边。\n那些建筑物已经被遗弃很久了，即使你找寻的非常彻底也找不到什么好东西，不过最近一段时间军方一直在搜索那块区域。\n</text>
</string>
<string id="agr_stalker_talk_level_2">
    <text>说说那个研究所的事吧。\n</text>
</string>
<string id="agr_stalker_talk_level_21">
    <text>可是有不少传闻和这个研究所有关哩!在1986年那次核泄漏前那儿只有一个名为"基因与筛选基因"的研究所。\n那片工厂区以前就是一块试验田。\n不过在核泄露后，他们关闭了研究所并烧毁了试验田。\n但后来他们记起了这被遗忘的地方，接着，他们又回来了。\n回来后，他们粉刷了大楼，建立了围墙和营房。\n我不知道他们在那研究所旧址上干啥，但我确定短期内他们是不会有后勤补给问题的。\n</text>
</string>
<string id="agr_stalker_talk_level_3">
    <text>再说说工厂区吧。\n</text>
</string>
<string id="agr_stalker_talk_level_31">
    <text>工厂是80年代末建的。\n据说是专门用来生产和测试降低土壤辐射含量的机器设备的。\n但据我了解没有人见过哪怕一台机器从这工厂下线。\n现在工厂完全空了，所以成了一个潜行者喜欢的地方。\n我听说那地方十分安全，只要你离那些黑暗的角落远点。\n</text>
</string>
<string id="agr_stalker_talk_level_4">
    <text>多谢。\n</text>
</string>
<string id="agr_swamp_ratcatcher_talks_0">
    <text>你在干吗？</text>
</string>
<string id="agr_swamp_ratcatcher_talks_10">
    <text>我要躲在这，我不想惹麻烦。\n</text>
</string>
<string id="agr_swamp_ratcatcher_talks_100">
    <text>你在躲谁呢？</text>
</string>
<string id="agr_swamp_ratcatcher_talks_120">
    <text>地下墓穴?</text>
</string>
<string id="agr_swamp_ratcatcher_talks_130">
    <text>你知道他们在地下墓穴的哪个位置存放了文件么?</text>
</string>
<string id="agr_swamp_ratcatcher_talks_140">
    <text>你现在打算怎么办?</text>
</string>
<string id="agr_swamp_ratcatcher_talks_141">
    <text>你现在打算怎么办?</text>
</string>
<string id="agr_swamp_ratcatcher_talks_20">
    <text>我是侦察兵。\n上级派我进地下墓穴查看下面的基地出了什么事。\n我跟你说那里就是个地狱。\n我是唯一一个活着出来的，其他人可能现在都死翘翘了。\n我不想再去那个基地了，那些狗娘养的总是把我们派到这个该死的变异区帮别人擦屁股。\n</text>
</string>
<string id="agr_swamp_ratcatcher_talks_30">
    <text>地下隧道。\n通向研究所的周边区域。\n我带你去看入口。\n我没有地下墓穴的地图。\n</text>
</string>
<string id="agr_swamp_ratcatcher_talks_40">
    <text>在总部。\n位于研究所的三楼。\n他们把那些该死的文件存放在那了。\n但要进去（总部）非常的麻烦。\n那地方白天到处是巡逻队，到晚上会少一些。\n我无偿奉告你，如果你想进到里面就必须通过地下墓穴，想从大门进是没有任何机会的。\n</text>
</string>
<string id="agr_swamp_ratcatcher_talks_50">
    <text>嗯嗯，我不清楚。\n按军规我是个逃兵，所以我得想办法离开变异区。\n我们刚到这的时候，车库里停着辆几乎还能开的ZAZ-1103型“斯拉乌塔”轿车。\n我花了一个半小时修好了它，但那狗娘养的队长把它占为己，还信誓旦旦地说是他妈的按军规。\n他沿着这公路开着，后来下雨了就把它停在那大门边上了。\n如果我能搞到这辆车。\n开着有轮子的逃跑总会安全的多。\n</text>
</string>
<string id="agr_swamp_ratcatcher_talks1_0">
    <text>你好！</text>
</string>
<string id="agr_swamp_ratcatcher_talks1_01">
    <text>怎么了？</text>
</string>
<string id="agr_swamp_ratcatcher_talks1_011">
    <text>告诉我有关收集者(下水道)。\n我该怎么进去？出口和入口在哪里？</text>
</string>
<string id="agr_swamp_ratcatcher_talks1_0111">
    <text>有六个出入口，其中两个是在农业研究所，在军方建立的基地附近。\n这一地区有军队巡逻，军队指挥官在他的军械库中安排了巡逻路线。\n</text>
</string>
<string id="agr_swamp_ratcatcher_talks1_01111">
    <text>你怎么知道这些的？</text>
</string>
<string id="agr_swamp_ratcatcher_talks1_011111">
    <text>老鼠告诉我的。\n</text>
</string>
<string id="agr_swamp_ratcatcher_talks1_0111111">
    <text>我明白了，再见 ！祝你好运。\n</text>
</string>
<string id="agr_swamp_ratcatcher_talks1_012">
    <text>没什么，再见。\n</text>
</string>
<string id="agr_swamp_ratcatcher_talks1_013">
    <text>你谁呀？</text>
</string>
<string id="agr_swamp_ratcatcher_talks1_0134">
    <text>我住这，如果这也能叫生活的话。\n我在收集者里繁殖老鼠，骚扰设施里的军队。\n</text>
</string>
<string id="agr_swamp_ratcatcher_talks1_0135">
    <text>吾乃“老鼠（Rat）”本尊。\n</text>
</string>
<string id="agr_swamp_ratcatcher_talks1_01351">
    <text>你在这片沼泽里干什么？</text>
</string>
<string id="agr_swamp_ratcatcher_talks1_123">
    <text>哦...我懂了....那个..我是从另一个故事来的？（什么鬼！！！(╯'□')╯（┴═┴）哈哈哈哈..</text>
</string>
<string id="agr_krot_story_0">
    <text>有什么新最新的消息故事吗？</text>
</string>
<string id="agr_krot_story_1">
    <text>对咯，曾有这么一个搞笑的人，有一次我路经黑暗山谷，好吧，是回我们营地的路上。\n当时天已经全黑了，伸手不见五指。\n不过，最后在前方看见了一堆篝火。\n你可以想像一个疲惫的潜行者多么渴望一个友好的怀抱。\n那时我正好在路边的灌木丛里，突然发现了一个稍稍晃动的人影。\n看起来又是一个强盗在暗中监视。\n不久后那强盗就会向他的头儿汇报情况以获取奖励的枪啊，钱啊什么的。\n然后那潜行者营地就会被推平了。\n我急中生智，准备搞他一下。\n必须得给那家伙好好上一课!我悄悄从强盗背后摸过去。\n一把把它捆了起来，在他耳边悄悄说到:"你他妈在这搞什么鬼?小家伙。\n"他只能发出"格呃呃呃呃"的声音。\n他肯定只能发出这声音。\n我的技术可是专业级别的，除非你是超人，不然别想吱出一个字母!哈哈哈哈。\n对了，那家伙闻起来就跟50年陈年老僵尸一样。\n我擦?那家伙不会尿裤子了吧?我稍稍松了一下手劲，并说:"下次我再在这看见你，我就把你的脑袋打爆!当然，如果你还有点脑袋的话。\n听得懂吗?"但这臭熏熏的家伙突然嘶哑地冒出一句:"嘿，你在搞什么呢?放开我!就不能让人好好上个厕所么?"。\n</text>
</string>
<string id="agr_krot_story_2">
    <text>呵,这故事可真有意思...</text>
</string>
</string_table>
