﻿<?xml version="1.0" encoding="UTF-8" ?>
<string_table>
	<string id="dm_general_action_info">
		<text>你在这干啥呢?</text>
	</string>
	<string id="dm_general_cool_info">
		<text>可以跟我说些有趣的事么?</text>
	</string>
	<string id="dm_general_cool_info_no_more">
		<text>现在我没可说的了。问问别人吧。</text>
	</string>
	<string id="dm_general_help_bandage">
		<text>拿着这绷带。</text>
	</string>
	<string id="dm_general_help_medkit">
		<text>拿着这个急救箱。</text>
	</string>
	<string id="dm_general_trade_info">
		<text>有趣的消息。现金交易！</text>
	</string>
	<string id="dm_general_trade_info_caption">
		<text>我可以提供以下内容：</text>
	</string>
	<string id="dm_general_trade_info_hasno">
		<text>我不提供任何东西。</text>
	</string>
	<string id="dm_general_trade_info_nothing">
		<text>下次吧，潜行者。</text>
	</string>
</string_table>
