﻿<?xml version="1.0" encoding="UTF-8"?>
	<string id="chimera_weak">
                <text>奇美拉</text>
	</string>
	<string id="tushkano_normal">
		<text>老鼠</text>
	</string>
	<string id="fracture_weak">
                <text>骨折[手长脚长]</text>
	</string>
	<string id="cat_weak">
                <text>猫</text>
	</string>
	<string id="bandit_experienced">
                <text>强盗，经验丰富</text>
	</string>
	<string id="bandit_master">
                <text>强盗，大师</text>
	</string>
	<string id="bandit_novice">
                <text>强盗，菜鸟</text>
	</string>
	<string id="bandit_veteran">
                <text>强盗，老兵</text>
	</string>
	<string id="bloodsucker_normal">
                <text>地底吸血怪</text>
	</string>
	<string id="bloodsucker_strong">
                <text>暗黑吸血怪</text>
	</string>
	<string id="bloodsucker_weak">
                <text>吸血怪</text>
	</string>
	<string id="boar_normal">
                <text>成年野猪</text>
	</string>
	<string id="boar_strong">
                <text>老年野猪</text>
	</string>
	<string id="boar_weak">
                <text>年轻野猪</text>
	</string>
	<string id="burer_weak">
                <text>狂暴侏儒</text>
	</string>
	<string id="controller_weak">
                <text>掌控者</text>
	</string>
	<string id="dog_normal">
                <text>盲犬</text>
	</string>
	<string id="dog_strong">
                <text>患白化病的盲犬</text>
	</string>
	<string id="dog_weak">
                <text>荒野中的盲犬</text>
	</string>
	<string id="dolg_experienced">
                <text>'纪律团', 经验丰富的</text>
	</string>
	<string id="dolg_master">
                <text>'纪律团', 大师</text>
	</string>
	<string id="dolg_veteran">
                <text>'纪律团', 老兵</text>
	</string>
	<string id="ecolog_experienced">
                <text>'科学家', 经验丰富的</text>
	</string>
	<string id="ecolog_novice">
                <text>'科学家', 新兵</text>
	</string>
	<string id="flesh_normal">
                <text>一般的豚兽</text>
	</string>
	<string id="flesh_strong">
                <text>强壮的豚兽</text>
	</string>
	<string id="flesh_weak">
                <text>虚弱的豚兽</text>
	</string>
	<string id="freedom_experienced">
                <text>'自由团', 经验丰富的</text>
	</string>
	<string id="freedom_master">
                <text>'自由团', 大师</text>
	</string>
	<string id="freedom_veteran">
                <text>'自由团', 老兵</text>
	</string>
	<string id="killer_experienced">
                <text>'佣兵', 经验丰富的</text>
	</string>
	<string id="killer_master">
                <text>'佣兵', 大师</text>
	</string>
	<string id="killer_veteran">
                <text>'佣兵', 老兵</text>
	</string>
	<string id="military_experienced">
                <text>'军队', 中士</text>
	</string>
	<string id="military_master">
                <text>'军队', 队长</text>
	</string>
	<string id="military_novice">
                <text>'军队', 列兵</text>
	</string>
	<string id="military_veteran">
                <text>'军队', 中尉</text>
	</string>
	<string id="monolith_experienced">
                <text>'黑石组织', 经验丰富的</text>
	</string>
	<string id="monolith_master">
                <text>'黑石组织', 专家</text>
	</string>
	<string id="monolith_novice">
                <text>'黑石组织', 新手</text>
	</string>
	<string id="monolith_veteran">
                <text>'黑石组织', 老兵</text>
	</string>
	<string id="neutral_experienced">
                <text>潜行者, 经验丰富的</text>
	</string>
	<string id="neutral_master">
                <text>潜行者, 大师</text>
	</string>
	<string id="neutral_novice">
                <text>潜行者, 新兵</text>
	</string>
	<string id="neutral_veteran">
                <text>潜行者, 老兵</text>
	</string>
	<string id="poltergeist_weak">
                <text>吵闹鬼</text>
	</string>
	<string id="pseudo_gigant_weak">
                <text>巨型地狱犬</text>
	</string>
	<string id="pseudodog_normal">
                <text>成年地狱犬</text>
	</string>
	<string id="pseudodog_strong">
                <text>灰色地狱犬</text>
	</string>
	<string id="pseudodog_weak">
                <text>地狱犬</text>
	</string>
	<string id="psy_dog">
                <text>变异地狱犬</text>
	</string>
	<string id="snork_normal">
                <text>食腐史诺克</text>
	</string>
	<string id="snork_strong">
                <text>食人史诺克</text>
	</string>
	<string id="snork_weak">
                <text>史诺克</text>
	</string>
	<string id="tushkano_weak">
                <text>变异鼠</text>
	</string>
	<string id="zombie_normal">
                <text>丧尸</text>
	</string>
	<string id="zombie_strong">
                <text>丧尸, 狂暴的</text>
	</string>
	<string id="zombie_weak">
                <text>丧尸, 虚弱的</text>
	</string>
	<string id="zombied_experienced">
                <text>丧尸化的潜行者, 经验丰富的</text>
	</string>
	<string id="zombied_master">
                <text>丧尸化的潜行者, 大师</text>
	</string>
	<string id="zombied_novice">
                <text>丧尸化的潜行者, 新兵</text>
	</string>
	<string id="zombied_veteran">
                <text>丧尸化的潜行者, 老兵</text>
	</string>
