﻿<?xml version="1.0" encoding="UTF-8"?>
<!-- DR 
do not run this file through any of the stalkerdialoghelper
programs because of multiple text lines within a string id.
-->
 
<string id="aes_Monolit_master_bio">
	<text>黑石组织织的哨兵，最好离他远一点。没有详细的资料。</text>
</string>
 
<string id="aes_Monolit_rpg_bio">
	<text>黑石组织织的潜行者。没有详细的资料。</text>
</string>
 
<string id="aes_Monolit_sniper_bio">
	<text>黑石组织织的潜行者。没有详细的资料。</text>
</string>
 
<string id="aes_Monolit_sniper_gauss_bio">
	<text>黑石组织织的潜行者。没有详细的资料。</text>
</string>
 
<string id="aes_Monolit_specnaz_bio">
	<text>黑石组织织的战士，装备良好。没有详细的资料。</text>
</string>
 
<string id="aes_Soldier_commander_bio">
	<text>侵略部队的指挥官。</text>
</string>
 
<string id="aes_Soldier_military_bio">
	<text>潜行者战士，装备良好，具高度的威胁性。没有详细的资料。</text>
</string>
 
<string id="aes_Soldier_sniper_bio">
	<text>就是一位狙击手</text>
</string>
 
<string id="aes_Soldier_specnaz_aes_bio">
	<text>俄罗斯特种部队，装备良好。没有详细的资料。</text>
</string>
 
<string id="aes_Soldier_specnaz_aes_name">
	<text>不幸的瓦西尔</text>
</string>
 
<string id="aes_Soldier_specnaz_bio">
	<text>俄罗斯特种部队，装备良好。没有详细的资料。</text>
</string>

<string id="aes_x_zombi_bio">
	<text>军队普通一兵，装备精良。</text>
</string>

<string id="agr_krot_name">
	<text>莫尔</text>
</string>
<string id="agr_krot_bio">
	<text>前挖掘者，他和同伙掠夺了所有的研究室和碉堡。</text>
</string>
 
<string id="bar_arena_stalker">
	<text>竞技场中最致命的对手之一。没有详细的资料。</text>
</string>

<string id="bar_arny_name">
	<text>阿尼</text>
</string>
<string id="bar_arny_bio">
	<text>老练的走私者，因为在短时间里将数百个异种生物从限制区中运出来，而获得了他的名声。</text>
</string>
 
<string id="bar_bar_guard_bio">
	<text>酒吧的保镖，你也可以把他当成是酒保的护卫，没有人知道关于他过去、或是现在的任何事。</text>
</string>

<string id="bar_bar_guard2_name">
	<text>罗里克</text>
</string>
<string id="bar_bar_guard2_bio">
	<text>酒保不是圣人，也不是恶棍，不过他拥有所有潜行者的敬重。谣传因为过去的一些黑暗事迹，让他藏身在特异区中。在一次遭遇了特异点之后，使得他不便于行，因此放弃了过去的工作。他在纪律团开了间酒吧，之后这里就变成了特异区里老兵的聚会场所，酒保同时还掌握了许多在特异区和外界的通联管道。</text>
</string>

<string id="bar_bar_guard_garik_name">
	<text>盖瑞克</text>
</string>
<string id="bar_bar_guard_garik_bio">
	<text>酒吧的保镖，也是盖瑞克的双胞胎，他的口风跟他的兄弟一样的紧。</text>
</string>
 
<string id="bar_barmen_name">
	<text>酒保</text>
</string>
<string id="bar_barmen_bio">
    <text>酒保不是圣人，也不是恶棍，不过他拥有所有潜行者的敬重。谣传因为过去的一些黑暗事迹，让他藏身在特异区中。在一次遭遇了特异点之后，使得他不便于行，因此放弃了过去的工作。他在纪律团开了间酒吧，之后这里就变成了特异区里老兵的聚会场所，酒保同时还掌握了许多在特异区和外界的通联管道。</text>
</string>

<string id="bar_drunk_name">
	<text>艾刻依</text>
</string>
<string id="bar_drunk_bio">
    <text>纪律团的成员，不过他离开的时间远多于待在队伍中的时间。派系给了他一个最后的机会，完成任务作为救赎。无论如何，他实在是醉的一塌糊涂，而且很难保持自己的清醒。</text>
</string>
 
<!-- DR guy in the bar that lost family gun -->
<string id="bar_hunter_bio">
    <text>猎人是个温厚、快乐的家伙，唯一的问题是他只会用猎枪来射击，也没有使用过其他的武器。最近他因为在大荒野受到伏击，而弄丢了家传的猎枪。现在他正在酒吧旁闲晃着，希望有人能帮忙把猎枪找回来。</text>
</string>
<string id="bar_hunter_name">
    <text>猎人</text>
</string>

<string id="bar_slouching_bio">
	<text>“猎人”组织的首领。一直被背脊问题困挠。</text>
</string>
 
<string id="bar_informer_bio">
	<text>神秘的“全都懂”潜行者，在酒吧交易讯息。</text>
</string>
<string id="bar_informer_name">
	<text>斯洛奇[Slouch]</text>
</string>
 
<string id="bar_ivancov_bio">
	<text>所有最严苛的突击队和冒险队的指挥官，对抗任何来自异种生物的攻击。</text>
</string>

<string id="bar_kicenko_bio">
    <text>他和他的纪律团小队守卫着通向酒吧区的南部通道。</text>
	<text>他能提供酒吧区，竞技场，纪律团的主要领导们之类的位置坐标。也能搞到罗斯托克的背景材料。</text>
</string>

<string id="bar_lelik_name">
	<text>留里克</text>
</string>
<string id="bar_lelik_bio">
    <text>竞技场主人的保镖，关于他的过去并不多知，不过都是一些坏事情，他恨他的兄弟。</text>
</string>

<string id="bar_petrenko_name">
	<text>彼得连科上校</text>
</string>
<string id="bar_petrenko_bio">
    <text>他同时身为纪律团的创立者之一，和担任智囊团的工作。担负派系的神圣任务的他，负责吸收所有的派系核心成员。</text>
</string>
 
<string id="bar_plichko_name">
	<text>佩里科中士</text>
</string>
<string id="bar_plichko_bio">
    <text>纪律团的领土安全局首脑</text>
</string>

<string id="bar_ryaboy_name">
	<text>波奇</text>
</string>
<string id="bar_ryaboy_bio">
    <text>大多数潜行者不知道的是。他的大脑受到了“酷暑”的影响。</text>
	<text>他现在经常说他以前过得就像一只三脚老鼠，江湖人送外号Pocky，因为他脸上有水痘留下的疤痕。</text>
</string>

<string id="bar_voronin_name">
	<text>沃洛宁将军</text>
</string>
<string id="bar_voronin_bio">
    <text>他同时身为纪律团的创立者之一，和担任智囊团的工作。担负派系的神圣任务的他，负责吸收所有的派系核心成员。</text>
</string>
 
<string id="cit_bandit_drunk_bio">
	<text>酒鬼。</text>
</string>
 
<string id="cit_bandit_general_bio">
	<text>不知名的潜行者，名声极差。没有详细的资料。</text>
</string>
 
<string id="cit_bandit_veteran_bio">
	<text>不知名的潜行者，名声极差。没有详细的资料。</text>
</string>
 
<string id="cit_bandits_leader_bio">
	<text>一个强盗头子，装备良好并具有高危险性。没有详细的资料。</text>
</string>
 
<string id="cit_doctor_name">
	<text>沼泽医生</text>
</string>
<string id="cit_doctor_bio">
    <text>史特列洛克曾经的一位旧友，也是变异区内最早的那批潜行者之一。</text>
	<text>医生据说是最早来变异区的潜行者之一。传说他到过变异区的中心区域，甚至成为了“应许之人”。他居住在沼泽区。似乎也只有史特列洛克的团队成员才认识他。医生旅行时身边经常有头被他驯服的名叫Mongrel的地狱犬相伴。</text>
</string>

<string id="esc_pekar_bio">
	<text>不知名的佣兵，装备良好并具有高危险性。没有详细的资料。</text>
</string>
 
<string id="cit_killer_exo_bio">
	<text>不知名的佣兵，装备良好并具有高危险性。没有详细的资料。</text>
</string>

<string id="usb_unknown_stalker_bio">
	<text>不知名的佣兵，装备良好并具有高危险性。没有详细的资料。</text>
</string>

<string id="usb_unknown_stalker_jokes_bio">
	<text>不知名的佣兵，装备良好并具有高危险性。没有详细的资料。</text>
</string>
 
<string id="cit_killer_general_bio">
	<text>不知名的佣兵，装备良好并具有高危险性。没有详细的资料。</text>
</string>
 
<string id="cit_killers_leader_bio">
	<text>佣兵团的头子，装备良好并具有高危险性。没有详细的资料。</text>
</string>
 
<string id="cit_vp_bio">
	<text>经验丰富的潜行者。识图老马</text>
</string>
 
<string id="dar_corpse_bio">
	<text>想去天堂。没有详细的资料。</text>
</string>

<string id="dar_explorer_name">
	<text>对子雷卡</text>
</string>
<string id="dar_explorer_bio">
	<text>经验丰富的潜行者，总是张大眼睛小心注视着。</text>
</string>
 
<string id="ds_sergant_regular_bio">
	<text>乌克兰军队的中士。没有详细的资料。</text>
</string>
 
<string id="ds_soldier_regular_bio">
	<text>乌克兰军队的中士。没有详细的资料。</text>
</string>
 
<string id="esc_bandit_novice_bio">
	<text>不知名的潜行者，名声极差。没有详细的资料。</text>
</string>
 
<string id="esc_captain_bio">
	<text>乌克兰军队的常备上尉。没有详细的资料。</text>
</string>

<string id="esc_fanat_name">
	<text>狂热者</text>
</string> 
<string id="esc_fanat_bio">
    <text>在沃夫之后接管了新兵营，意志坚定，进取心强，对新进人员拥有掌控权。</text>
</string>
 
<string id="esc_fox_bio">
	<text>被特异区所磨练出的孤独又坚韧的老者。</text>
</string>
 
<string id="esc_killer_specnaz_bio">
	<text>不知名的佣兵，可能装备良好。没有详细的资料。.</text>
</string>
 
<string id="esc_petruha_name">
	<text>皮处哈</text>
</string>
<string id="esc_petruha_bio">
	<text>聪明的菜鸟，看来沃夫喜欢他，经常派遣他去进行重要的任务。</text>
</string>
 
<string id="esc_provodnik_bio">
    <text>他是个老兵，也是个活生生的传奇，他曾经去过特异区的每个地方。人们说他可以带你到特异区中的任何地方，而他提供的服务也是物有所值，不过并不是每个人都有这样的机会。如果他不喜欢你，就算再多的钱也打不动他。</text>
</string>
<string id="esc_provodnik_name">
	<text>向导</text>
</string>


<string id="esc_sledopyt_pathfinder_name">
	<text>探路者 Pathfinder</text>
</string>
<string id="esc_sledopyt_pathfinder_bio">
    <text>沼泽医生的老朋友，他是变异区里最好的向导。</text>
	<text>知道很多秘密通道。有时他会待在酒吧区。</text>
</string>
 
<string id="esc_sergant_regular_bio">
	<text>乌克兰军队的中士。没有详细的资料。</text>
</string>
 
<string id="esc_shustryi_name">
	<text>林伯[明眼]</text>
</string>
<string id="esc_shustryi_bio">
    <text>潜行者因为近乎隐身跟无法取代的能力而得名，跟他们交易的人，主要都是一些需要执行监视、窥探、或是窃听的任务。</text>
</string>
 
<string id="esc_soldier_commander_name">
	<text>库聂佐夫少校</text>
</string>
<string id="esc_soldier_commander_bio">
    <text>少校指挥着桥旁的前哨站部队，从潜行者的手中将桥夺回，并把他们逐到桥的另一边去。</text>
</string>
 
<string id="esc_soldier_regular_bio">
	<text>乌克兰军队的士兵。没有详细的资料。</text>
</string>

<string id="esc_potapov_name">
	<text>技工-波塔波夫 Potapov</text>
</string>
<string id="esc_potapov_bio">
	<text>技师在酒吧工作，并提供了一些规定。</text>
</string>

<string id="esc_lazarev_name">
	<text>拉查列夫 Lazarev</text>
</string>
<string id="esc_lazarev_bio">
	<text>实验室的助理技师从扬塔的移动实验堡垒来的。</text>
</string>

<!-- DR guy near the entrance to the arena -->
<string id="esc_graf_name">
	<text>厄尔 Earl</text>
</string>
<string id="esc_graf_bio">
	<text>在酒吧的附近的商人</text>
</string>

<string id="esc_antikvar_name">
	<text>安提奎斯 Antiques</text>
</string>
<string id="esc_antikvar_bio">
	<text>一个中立的交易者，他通常都在酒吧的附近游荡。</text>
</string>

<string id="esc_semecky_name">
	<text>由里 塞米茨基 Yuri Semetsky</text>
</string>
<string id="esc_semecky_bio">
	<text>有一个传奇般的潜行者，他看上去似乎知道很多关于其他潜行者的事。有时候他还会持有十分稀有的神器。</text>
</string>

<string id="esc_mervin_name">
	<text>马文</text>
</string>
<string id="esc_mervin_bio">
	<text>卑鄙的强盗和巫师，一个真正的狗儿子，他从黑石组织那招募了人。</text>
</string>
 
<string id="esc_specnaz_bio">
	<text>俄罗斯特种部队，装备良好。没有详细的资料。</text>
</string>
 
<string id="esc_specnaz_killer_bio">
	<text>不知名的佣兵，装备良好并具有高危险性。没有详细的资料。</text>
</string>
 
<string id="esc_stalker_novice_bio">
	<text>菜鸟，刚刚来到特异区。没有详细的资料。</text>
</string>
 
<string id="esc_tolik_name">
	<text>托里克</text>
</string>
<string id="esc_tolik_bio">
	<text>一个独行者新手被发现受伤在新手村附近，在林伯[明眼]小组里</text>
</string>

<string id="esc_wolf_name">
	<text>沃夫</text>
</string>
<string id="esc_wolf_bio">
    <text>沃夫叔叔负责照顾在封锁线的新手村里的新手潜行者们。他计划有一天能离开特异区，但他依旧还是在这里。正如他说的一样，这些菜鸟们需要他。他有几个得力助手，包括zhorik。沃夫有个兄弟，被称为狼狗。</text>
</string>
 
<string id="escape_trader_name">
	<text>西德洛维奇</text>
</string>
<string id="escape_trader_bio">
    <text>他从小就以交易为生。在幼稚园时期，他卖蜡笔，高中时卖口香糖，大学时卖一些轻毒品。很快的当特异区来临时，他就发现了赚钱的潜力。他以能跟任何怪异的对象建立强力贸易关系的能力而闻名。</text>
</string>

<string id="gar_bandit_leader_name">
	<text>野猪瓦西亚</text>
</string>
<string id="gar_bandit_leader_bio">
	<text>伯罗夫的同伙，对特异区中的强盗有特定的影响力。</text>
</string>
 
<string id="gar_dolg_blokpost_bio">
	<text>一个来自纪律团的潜行者。没有详细的资料。</text>
</string>
 
<string id="gar_dolg_blokpost_leader_bio">
	<text>一个纪律团的军官。没有详细的资料。</text>
</string>
 
<string id="gar_dram_novice_bio">
	<text>菜鸟，经常在废弃区里寻找神器。</text>
</string>
 
<string id="gar_newbie_bio">
	<text>菜鸟，刚刚来到特异区。没有详细的资料。</text>
</string>
 
<string id="gar_seriy_bio">
    <text>seriy是一个经验丰富的潜行者，他是独行者。</text>
	<text>虽然目前为止还不清楚他是如何高度排名的，他看上去似乎持有一些相对排名的独行者之间的一些废器区藏物点的位置。</text>
</string>
 
<string id="gar_stalker_regular_bio">
	<text>一个经验丰富的潜行者。没有详细的资料。</text>
</string>
 
<string id="mil_Dolg_specnaz_bio">
	<text>纪律团的军人，通常拥有良好的装备。没有详细的资料。</text>
</string>

<string id="mil_Dolg_specnaz_cherep_name">
	<text>骷髅</text>
</string>
<string id="mil_Dolg_specnaz_cherep_bio">
	<text>纪律团特殊部队的指挥官，通常拥有良好的装备。</text>
</string>
 
<string id="mil_Dolg_specnaz_silence_bio">
	<text>纪律团的战士，通常拥有良好的装备。没有详细的资料。</text>
</string>

<string id="mil_Killer_informator_name">
	<text>亚拉</text>
</string>
<string id="mil_Killer_informator_bio">
    <text>贯穿特异区中的懦弱的狗杂碎</text>
	<text>他是一个佣兵的专家，从一个叫做帕夫利克告密者买到关于自由团活动的信息。</text>
</string>
 
<string id="mil_killer_master_bio">
	<text>不知名的佣兵，拥有良好的装备和具高危险性。没有详细的资料。</text>
</string>
 
<string id="mil_killer_sniper_bio">
	<text>不知名的佣兵，显然的刚来到特异区。没有详细的资料。</text>
</string>
 
<string id="mil_Killer_specnaz_bio">
	<text>不知名的佣兵，可能拥有良好的装备。没有详细的资料。</text>
</string>
 
<string id="mil_Monolit_master_bio">
	<text>黑石组织织的哨兵，你最好离他远一点。没有详细的资料。</text>
</string>
 
<string id="mil_Monolit_regular_bio">
	<text>黑石组织织的潜行者。没有详细的资料。</text>
</string>
 
<string id="mil_Stalker_master_bio">
    <text>老兵之一，对特异区了若指掌，通常装备良好，具高度危险性。没有详细的资料。</text>
</string>
 
<string id="mil_Stalker_veteran_bio">
	<text>潜行者老兵，可能装备良好。没有详细的资料。</text>
</string>
 
<string id="mil_Svoboda_blockpost_leader_name">
	<text>开普</text>
</string>
<string id="mil_Svoboda_blockpost_leader_bio">
    <text>在“障碍”中他是一队“自由团”成员的指挥官。</text>
	<text>位于东北方向的军需库，是一个经常被称为“障碍”和“边界”的地区。</text>
</string>

<string id="sar2_svoboda_bodyguard_name">
	<text>卡普头</text>
</string>
<string id="svoboda_bodyguard3_name">
	<text>安吉欧</text>
</string>
<string id="svoboda_bodyguard1_zombi_name">
	<text>卡普头</text>
</string>
<string id="mil_Svoboda_bodyguard_bio">
	<text>“自由团”领袖卢卡许的保镖。</text>
</string>

<string id="mil_Svoboda_cook_name">
	<text>大厨</text>
</string>
<string id="mil_Svoboda_cook_bio">
    <text>“自由团”的厨师，他虽然爱喝酒闹事，但却是个好厨子。</text>
</string>
 
<string id="mil_Svoboda_engineer_bio">
    <text>特异区里赫赫有名的技师，可以把拖曳机改装成坦克，或是完成其他不可思议的工作。</text>
</string>
 
<string id="mil_Svoboda_leader_bio">
	<text>“自由团”的领袖。</text>
</string>
 
<string id="mil_Svoboda_master_bio">
	<text>“自由团”的指挥官。没有详细的资料。</text>
</string>
 
<string id="mil_Svoboda_master_Max_name">
	<text>麦斯</text>
</string>
<string id="mil_Svoboda_master_Max_bio">
	<text>“自由团”的守卫，一个狂热份子，拥有非常精良的装备，具高度危险性。没有详细的资料。</text>
</string>

<string id="mil_Svoboda_master_Ugrumiy_name">
	<text>薛礼</text>
</string>
<string id="mil_Svoboda_master_Ugrumiy_bio">
	<text>“自由团”的守卫，非常的忠诚，拥有非常精良的装备。</text>
</string>
 
<string id="mil_Svoboda_regular_bio">
	<text>“自由团”的潜行者。没有详细的资料。</text>
</string>
 
<string id="mil_Svoboda_sniper_bio">
	<text>“自由团”的狙击手。没有详细的资料。</text>
</string>
 
<string id="mil_Svoboda_specnaz_bio">
	<text>“自由团”的斗士，同常装备良好。没有详细的资料。</text>
</string>
 
<string id="mil_Svoboda_stukach_bio">
    <text>帕夫利克曾是自由团的一个成员，现在是个叛徒。现在他被认定是个叛徒因为他出售了信息给佣兵。</text>
</string>

<string id="mil_Svoboda_trader_name">
	<text>吝啬鬼</text>
</string>
<string id="mil_Svoboda_trader_bio">
	<text>因贪婪和不合群而臭名远拨，不过据说他可以帮你弄到任何东西。</text>
</string>

<string id="antreg_swamp_trader_name">
	<text>米斯特 [Miser]</text>
</string>
<string id="antreg_swamp_trader_bio">
	<text>那个商人在沼泽，桥的上方，并且是一个“漫游者”的成员。</text>
</string>
 
<string id="antreg_skit_trader_name">
	<text>莫札特</text>
</string>
<string id="antreg_skit_trader_bio">
	<text>漫游者的舵手，他爱音乐。</text>
</string>

<string id="mil_Svoboda_zombi_stalker_name">
	<text>疯狂的潜行者</text>
</string>
<string id="mil_Svoboda_zombi_stalker_bio">
	<text>一个来自于自由团的疯狂的潜行者。</text>
</string>
 
<string id="mil_Svoboda_zoneguard_bio">
	<text>“自由团”的激进份子，同常装备良好。没有详细的资料。</text>
</string>

<string id="pri_followers_bomber_bio">
	<text>潜行者老兵，可能装备良好。没有详细的资料。</text>
</string>
 
<string id="pri_followers_common_bio">
	<text>潜行者老兵，可能装备良好。没有详细的资料。</text>
</string>
 
<string id="pri_monolith_common_bio">
	<text>黑石组织的潜行者。没有详细的资料</text>
</string>
 
<string id="pri_monolith_exo_bio">
	<text>黑石组织的潜行者菁英。没有详细的资料。</text>
</string>
 
<string id="pri_monolith_leader_bio">
	<text>黑石组织的领袖。没有详细的资料。</text>
</string>
 
<string id="pri_monolith_regular_bio">
	<text>黑石组织的一般潜行者。没有详细的资料。</text>
</string>
 
<string id="pri_monolith_specnaz_bio">
	<text>黑石组织特殊部队的潜行者。没有详细的资料。</text>
</string>
 
<string id="pri_zombied_soldier_bio">
	<text>一般的士兵。没有详细的资料。</text>
</string>
 
<string id="pri_zombied_soldier_name">
	<text>丧尸化士兵</text>
</string>
 
<string id="pri_zombied_stalker_bio">
	<text>一个用光了运气的潜行者</text>
</string>
 
<string id="pri_zombied_stalker_name">
	<text>丧尸化潜行者</text>
</string>
 
<string id="rad_dolg_master_bio">
	<text>纪律团的指挥官，装备精良。没有详细的资料。</text>
</string>
 
<string id="rad_ecolog_bio">
	<text>科学家。没有详细的资料。</text>
</string>
 
<string id="rad_ecolog_guard_bio">
	<text>科学家的护卫。没有详细的资料。</text>
</string>
 
<string id="rad_monolith_general_bio">
	<text>黑石组织的潜行者。没有详细的资料。</text>
</string>
 
<string id="rad_monolith_specnaz_bio">
	<text>黑石组织的斗士，装备良好。没有详细的资料。</text>
</string>
 
<string id="rad_specnaz_bio">
	<text>俄罗斯特种部队，装备良好。没有详细的资料。</text>
</string>
 
<string id="rad_stalker_master_bio">
	<text>老兵之一，对特异区了若指掌，通常装备良好，具高度危险性。没有详细的资料。</text>
</string>
 
<string id="rad_stalker_veteran_bio">
	<text>老兵之一，可能装备良好，具高度危险性。没有详细的资料。</text>
</string>
 
<string id="rad_svoboda_master_bio">
	<text>“自由团”的指挥官。没有详细的资料。</text>
</string>
 
<string id="rad_zombied_general_bio">
	<text>一个用光了运气的潜行者</text>
</string>
 
<string id="ros_ecolog_guard_bio">
	<text>一个移动实验室的研究人员。没有详细的资料。</text>
</string>

<string id="ros_freeman_name">
	<text>高登-弗里曼</text>
</string>
<string id="ros_freeman_bio">
    <text>弗里曼曾是一个物理学家和反常现象方面的专家。</text>
	<text>在失踪前，他曾在美国北部的一个秘密实验室研究一个被称作“黑色梅萨”的最高机密工作。他大约在2012年12月31日曾到达特异区。在他旅行期间他提起到他曾为了一罐肉而卖掉了他的铁撬棍。他也抱怨特异区缺乏（人为的）活动。作为一个经验丰富的战士和科学家尽管他的科学背景高登-弗里曼是一个强大的战士。他享受猎杀变异体。不管怎样他想要夺回他的撬棍才能用它痛扁那些该死的变异体。</text>
</string>
 
<string id="dar_stalker_explorer_bio">
	<text>老练的潜行者啊，保持你的眼睛时时刻刻都在留意着他，它通常就在附近某处游荡着。</text>
</string>

<string id="ros_happy_name">
	<text>幸运儿</text>
</string>
<string id="ros_happy_bio">
    <text>他是强盗和杀人犯，会为了钱去作任何的工作。从前他在纪律团算是个好人，帮助他们赢得了领地。现在他居住在大荒野之中，跟同伴一起偷袭落单的潜行者。</text>
</string>

<string id="ros_kruglov_name">
	<text>克鲁格洛夫教授</text>
</string>
<string id="ros_kruglov_bio">
    <text>[克鲁格洛夫 Kruglov]他有一个生物学的博士学位，这位教授的主要兴趣爱好就是新的变异生物。</text>
	<text>他找到并且研究他们，他们的行为和心理。他的研究结果被发送到特意区外部的科研学者那里。不过其中的一些资料他仅仅和酒保分享。他对于特意区有着一种谜一般的热情，并且他认为特意区是提高人类科研知识和促进人类进化的最好的机会。</text>
</string>

<string id="ros_tiran_name">
	<text>泰伦</text>
</string>
<string id="ros_tiran_bio">
	<text>[泰伦 Tiran]佣兵群里的一个英雄，一个身上有着不同口径弹孔伤痕的老兵。他可是一个稀有的精神病患和虐待狂</text>
</string>

<string id="ros_volkodav_name">
	<text>狼狗</text>
</string>
<string id="ros_volkodav_bio">
    <text>一个叫做“Dogs”的佣兵团队的地方领袖，他是沃夫的兄弟。</text>
	<text>一个称作自己是“Dogs”的叛军的领袖，一个反抗权威的蔑视除了力量之外一切法律的人，他是沃夫的兄弟。</text>
</string>
 
<string id="sar_monolith_bio">
	<text>黑石组织的潜行者。没有详细的资料。</text>
</string>
 
<string id="sar_monolith_cristall_bio">
	<text>来自黑石组织中，秘密结社“水晶”的潜行者，负责黑石组织自身的安全任务。</text>
</string>
  
<string id="sar2_bio">
	<text>一个由黑石组织所制作的心智量表。</text>
</string>
 
<string id="sar2_crazy_svoboda_name">
	<text>疯狂的潜行者。</text>
</string>
 
<string id="sar2_dolg_guard_commander_name">
	<text>警卫长</text>
</string>
 
<string id="sar2_dolg_skull_name">
	<text>“骷颅”</text>
</string>
 
<string id="sar2_dolg_zastava_commander_name">
	<text>前哨站指挥官</text>
</string>
 
<string id="sar2_explorer_name">
	<text>“对子”雷卡</text>
</string>
 
<string id="sar2_fanat_name">
	<text>“狂热者”</text>
</string>
 
<string id="sar2_gordon_name">
	<text>戈登</text>
</string>

<string id="sim_bandit_general_bio">
	<text>不知名的潜行者，声誉极差。没有详细的资料。</text>
</string>
 
<string id="sim_bandit_master_bio">
	<text>不知名的潜行者，声誉极差。没有详细的资料。</text>
</string>

<string id="sim_bandit_master_fraer_name">
	<text>弗莱迪</text>
</string>
<string id="sim_bandit_master_fraer_bio">
    <text>仿效60年的漫画中的人物，为了寻求冒险而来到特异区。他有好几个名字：坏蛋、男子汉、黑斗蓬、或是班德拉斯。尽管他在特异区已经待了两年的时间，还是没有人会认真的看待他，而这常常令他疯狂？</text>
</string>
 
<string id="sim_bandit_master_kocherga_name">
	<text>朴克</text>
</string>
<string id="sim_bandit_master_kocherga_bio">
    <text>冷酷、邪恶、残忍、自私、冷感、冷漠。没有人知道他是什么时候和如何来到特异区的。每个人都惧怕他，他也没有朋友。他单纯的生活在特异区里，没有未来、也没有过去。在进入特异区的一次突击中，他失去了记忆，忘记了最近发生的所有事情。他忘了自己来自何处，忘了本名，他得到了失忆症。他甚至会忘掉前一小时才认识的人，这让他陷入了敌人的毒手。</text>
</string>
 
<string id="sim_bandit_novice_bio">
	<text>不知名的潜行者，声誉极差。没有详细的资料。</text>
</string>
 
<string id="sim_bandit_veteran_bio">
	<text>不知名的潜行者，声誉极差。没有详细的资料。</text>
</string>
 
<string id="sim_dolg_master_bio">
	<text>纪律团的守卫，如果你不是他们的朋友，那么最好离他们远一点。没有详细的资料。</text>
</string>
 
<string id="sim_dolg_regular_bio">
	<text>纪律团的潜行者。没有详细的资料。</text>
</string>
 
<string id="sim_dolg_sniper_bio">
	<text>纪律团的斗士，通常拥有良好的装备。没有详细的资料。</text>
</string>

<string id="sim_dolg_veteran_barin_name">
	<text>巴林</text>
</string>
<string id="sim_dolg_veteran_barin_bio">
    <text>巴林是恶棍、马屁精、伪君子跟懦夫，他的座右铭是“人生几何，及时行乐”，善于利用各种状况。他如同意料般的为了金钱而来到特异区，充满了野心和行动力。在两年后的今天，他果然用尽了各种手段取得了有价的资产。</text>
</string>
 
<string id="sim_dolg_veteran_bio">
	<text>纪律团的斗士，通常拥有良好的装备。没有详细的资料。</text>
</string>

<string id="sim_dolg_veteran_prapor_name">
	<text>帕普儿</text>
</string>
<string id="sim_dolg_veteran_prapor_bio">
    <text>乌克兰安全局的官方征召员，也是酒吧的常客。每个人都知道他是谁，他是当你日子不好过时，该去求助的人。无论如何，当你越过了这条线后，就不再是一个正直的潜行者了。</text>
</string>
 
<string id="sim_fresh_Zombied_bio">
	<text>一个用光了运气的潜行者。</text>
</string>
 
<string id="sim_killer_general_bio">
	<text>不知名的佣兵，可能拥有良好的装备。没有详细的资料。</text>
</string>
 
<string id="sim_killer_master_bio">
	<text>不知名的佣兵，可能拥有良好的装备。没有详细的资料。</text>
</string>
 
<string id="sim_killer_sniper_bio">
	<text>不知名的佣兵，可能拥有良好的装备。没有详细的资料。</text>
</string>
 
<string id="sim_killer_veteran_bio">
	<text>不知名的佣兵，可能拥有良好的装备。没有详细的资料。</text>
</string>
 
<string id="sim_monolith_master_bio">
	<text>黑石组织的潜行者。没有详细的资料。</text>
</string>
 
<string id="sim_monolith_regular_bio">
	<text>黑石组织的潜行者。没有详细的资料。</text>
</string>
 
<string id="sim_monolith_sniper_bio">
	<text>黑石组织的潜行者。没有详细的资料。</text>
</string>
 
<string id="sim_monolith_specnaz_bio">
	<text>黑石组织的潜行者。没有详细的资料。</text>
</string>
 
<string id="sim_soldier_commander_bio">
	<text>没有详细的资料。</text>
</string>
 
<string id="sim_Soldier_master_bio">
	<text>潜行者战士，拥有良好的装备，具高危险性。没有详细的资料。</text>
</string>
 
<string id="sim_soldier_regular_bio">
	<text>一般的士兵。没有详细的资料。</text>
</string>
 
<string id="sim_soldier_sniper_bio">
	<text>没有详细的资料。</text>
</string>
 
<string id="sim_soldier_specnaz_bio">
	<text>俄罗斯特种部队，装备良好。没有详细的资料。</text>
</string>
 
<string id="sim_stalker_general_bio">
	<text>经验丰富的潜行者。没有详细的资料。</text>
</string>

<string id="new_Varangian_name">
	<text>瓦兰吉</text>
</string>
<string id="new_Varangian_bio">
	<text>另一个喜欢和潜行者以命搏命玩危险游戏的赌徒。</text>
</string>

<string id="new_claw_name">
	<text>克劳</text>
</string>
<string id="new_claw_bio">
	<text>伯罗夫个人的邮差</text>
</string>

<string id="antreg_bookmaker_name">
	<text>布克马克</text>
</string>
<string id="antreg_bookmaker_bio">
	<text>纪律团的团员，如果你不是他们的朋友，那么最好离他们远一点。没有详细的资料。</text>
</string>

<!-- DR guy in Chernobyl-1 at the railroad tracks, was Lector -->
<string id="esc_lektor_name">
	<text>库勒克[Clerk]</text>
</string>
<string id="esc_lektor_bio">
    <text>前身是强盗，现在是黑石组织的一员。</text>
	<text>在帮忙对抗黑石组织之后，他被所罗门招进了他的队伍，而现在他忠诚地为黑石服务着。</text>
</string>

<!-- DR guy in Rostok with the Railwaymen in Crysis suit -->
<string id="esc_zveroboy_zombi_bio">
	<text>一个来自“Raiwaymen”派系的老道的潜行者，可以购买，销售还有修理东西。</text>
</string>
<string id="esc_zveroboy_zombi_name">
	<text>土克森 [Tutsan]</text>
</string>

<!-- DR guy in Rostok with the Railwaymen -->
<string id="esc_lecturer_bio">
	<text>一个来自“Raiwaymen”派系的老道的潜行者，可以购买，销售还有修理东西。他使用着一把M-82.</text>
</string>
<string id="esc_lecturer_name">
	<text>讲演者 Lecturer</text>
</string>

 
<string id="sim_stalker_general_upir_bio">
    <text>一个受幸运之神眷顾的潜行者。有许多次他都是小组中的唯一幸存者，这让许多潜行者都避着他，以免自己惹上厄运。现在有些时候他会自己一个人在特异区中行动。</text>
</string>
 
<string id="sim_stalker_master_bio">
	<text>老兵之一，对特异区了若指掌，通常装备良好，具高度危险性。没有详细的资料。</text>
</string>

<string id="sim_stalker_master_chuchelo_name">
	<text>稻草人</text>
</string>
<string id="sim_stalker_master_chuchelo_bio">
    <text>经验丰富的走私者，他有很长的一段时间在非洲和南美洲之间进行交易。车诺比灾变的新闻将他带到了乌克兰，在很短的时间内，他将数百个异种生物偷渡出限制区，而得到了“标本师”的称号。当他在特异区不“工作”时，其实是个成功的贸易商人。他喜欢穿着亚曼尼西装和凡赛斯的领带，不过他喜欢的武器却是俄国制的。</text>
</string>
 
<string id="sim_stalker_master_diador_bio">
    <text>曾经在阿富汗参战，以前是一个无神论者，但是在一次穆斯林袭击中幸存后，他变成了虔诚的人。在阿富汗战争之后，他移居到波兰进入神研究所就读。毕业后，他在利沃夫的天主教堂布道。在车诺比核电厂爆炸之后，他志愿去协助受害者，这几年他都在特异区中布道。</text>
</string>

<string id="sim_stalker_master_master_name">
	<text>高手</text>
</string>
<string id="sim_stalker_master_master_bio">
    <text>他曾经在“霍洛马赫”厂担任技师，在太太离开之后，便想要自我了结。基于的宗教信仰，他选择来到特异区作为自杀的方式，但意外的因为过去的技工经验，让他存活了下来，也因此获得了无价的经历，和其他潜行者的敬重。</text>
</string>

<string id="sim_stalker_master_polkan_name">
	<text>波肯</text>
</string>
<string id="sim_stalker_master_polkan_bio">
    <text>前军队潜行者，内政部部队的中校。他是特异区灾难任务中唯一的生还者，之后才发现这个任务一开始就注定失败、有去无回。自此他便决定不再回去，忘却生死加入了潜行者的队伍。他沉静、意志坚定、却也愤世嫉俗。</text>
</string>
 
<string id="sim_stalker_novice_bio">
	<text>刚来到特异区的菜鸟。没有详细的讯息。</text>
</string>

<string id="sim_stalker_novice_neumeha_name">
	<text>克鲁兹</text>
</string>
<string id="sim_stalker_novice_neumeha_bio">
    <text>克鲁兹今年20岁，在来到这里之前，他失去了在基辅的所有东西跟亲友。他在特异区勉强过活，没有其它的地方可以去。他欠了很多潜行者的钱，经常出入特异区，不过并不是一个人，而是跟有经验的潜行者结伴同行。因为一无是处，让他成了个不受欢迎的伙伴。他赚不了什么钱，都是靠接受潜行者的施舍跟借钱来过日子。</text>
</string>
 
<string id="sim_stalker_sniper_bio">
	<text>潜行者老兵，可能装备良好。没有详细的资料。</text>
</string>
 
<string id="sim_stalker_veteran_bio">
	<text>潜行者老兵，可能装备良好。没有详细的资料。</text>
</string>

<string id="sim_stalker_veteran_umnik_name">
	<text>小聪明</text>
</string>
<string id="sim_stalker_veteran_umnik_bio">
    <text>一个来自物理系的高年级生，他为了追求金钱而来到特异区。在他喜欢吹嘘他的科学知识和理论，用来证明他和其他潜行者的不同。一般来说，他还算是个正直的人，一个理论家。</text>
</string>

<string id="sim_stalker_veteran_vorobey_name">
	<text>杰克-史派罗</text>
</string>
<string id="sim_stalker_veteran_vorobey_bio">
    <text>杰克-史派罗今年27岁，狡猾又有远见，据他说曾经担任过船长，不过却容易作错事。他也是个没主见的人，身材瘦小、脸无血色。他因为好奇而来到特异区，承诺自己在两个月后就要回家去，不过之后他就一直都待在这里。初到特异区时，他想要穿越一个到处都是怪物的区域，而完全不知这样做有多危险。当他发现自己作了什么傻事之后，他就将那天（10月9日）订为自己的第二个生日。</text>
</string>
 
<string id="sim_Svoboda_master_bio">
	<text>“自由团”的首领。没有详细的讯息。</text>
</string>
 
<string id="sim_Svoboda_regular_bio">
	<text>“自由团”的潜行者。没有详细的资料。</text>
</string>
 
<string id="sim_Svoboda_sniper_bio">
	<text>“自由团”的潜行者。没有详细的资料。</text>
</string>
 
<string id="sim_Svoboda_specnaz_bio">
	<text>“自由团”的战士，通常拥有良好的装备。没有详细的资料。</text>
</string>

<string id="sim_Svoboda_specnaz_leshii_name">
	<text>雷许利</text>
</string>
<string id="sim_Svoboda_specnaz_leshii_bio">
	<text>他的兄弟称呼他为“累嘘”，一个来到特异区的年轻空想家。不管怎样，这几年危险的生活已经让他变成了务实主义者。他把特异区当成了自己的家，而且认为失败者是没有权力生存下去的。</text>
</string>

<string id="sim_svoboda_specnaz_prut_name">
	<text>小树枝</text>
</string>
<string id="sim_svoboda_specnaz_prut_bio">
    <text>曾经担任过记者的他，用阿卡迪这个名字写下了特异区的故事和传说。严厉、认真且为人公正，得到了许多潜行者的敬重。</text>
</string>
 
<string id="sim_zombied_master_bio">
	<text>一个用光了运气的潜行者。</text>
</string>
 
<string id="sim_zombied_novice_bio">
	<text>一个用光了运气的潜行者。</text>
</string>
 
<string id="sim_zombied_veteran_bio">
	<text>一个用光了运气的潜行者。</text>
</string>
 
<string id="val_bandit_bodyguard_bio">
	<text>歹徒的守卫，声誉极差。没有详细的讯息。</text>
</string>
 
<string id="val_bandit_general_bio">
	<text>一般的歹徒，声誉极差。没有详细的讯息。</text>
</string>
 
<string id="val_bandit_novice_bio">
	<text>菜鸟歹徒，声誉极差。没有详细的讯息。</text>
</string>
 
<string id="val_bandit_veteran_bio">
	<text>经验丰富的歹徒，声誉极差。没有详细的讯息。</text>
</string>

<string id="val_borov_name">
	<text>伯罗夫</text>
</string>
<string id="val_borov_bio">
    <text>开始是土匪酒吧的酒保，后来成了该区域扬卡的土匪头子。匪徒小伙伴都说比罗夫是“贵族粉”，而比罗夫也经常吹嘘说自己是天生领袖，甚至当他还是个孩子就已经命中注定了。也因此得到称号：小公猪。</text>
</string>

<string id="val_dolg_common_bio">
	<text>纪律团的潜行者。没有详细的讯息。</text>
</string>
 
<string id="val_monolith_common_bio">
	<text>黑石组织的潜行者。没有详细的讯息。</text>
</string>

<string id="val_prisoner_name">
	<text>“绒毛汉子”席格</text>
</string>
<string id="val_prisoner_bio">
	<text>“绒毛汉子”席格是纪律团的潜行者。没有详细的讯息。</text>
</string>
 
<string id="val_pulia_bio">
	<text>纪律团的潜行者。没有详细的讯息</text>
</string>
 
<string id="val_soldier_regular_bio">
	<text>一般的士兵。没有详细的资料。</text>
</string>
 
<string id="val_soldier_specnaz_bio">
	<text>俄罗斯特种部队，装备良好。没有详细的资料。</text>
</string>
 
<string id="val_stalker_general_bio">
	<text>经验丰富的潜行者。没有详细的资料。</text>
</string>
 
<string id="val_stalker_novice_bio">
	<text>刚来到特异区的菜鸟。没有详细的讯息。</text>
</string>

<string id="antreg_leila_name">
	<text>丽娜</text>
</string>
<string id="antreg_leila_bio">
    <text>一位非常有经验的潜行者。死亡之城中的团队'漫游者'的领导者。卡琳娜的双生姐姐。\n 她看起来非常的美丽。她有位双生妹妹叫卡琳娜。</text>
</string>

<string id="antreg_karina_name">
	<text>卡琳娜</text>
</string>
<string id="antreg_karina_bio">
	<text>一位非常有经验的潜行者。她是位护士。有非常美丽的外貌。丽娜的双生妹妹。</text>
</string>

<string id="antreg_forester_name">
	<text>弗瑞斯特</text>
</string>
<string id="antreg_forester_bio">
	<text>一个有着丰富阅历的潜行者。一个有如定时器般守时的老头。一个居住在森林中，看起来很苍老的粗鲁隐士。</text>
</string>

<string id="antreg_zahar_name">
	<text>扎哈</text>
</string>
<string id="antreg_zahar_bio">
	<text>经验丰富的潜行者，都乐衷于用神器交易药品和军火。</text>
</string>

<string id="new_fang_name">
	<text>方</text>
</string>
<string id="new_fang_bio">
    <text>有轻微的口吃和自言自语让其他潜行者有点紧张。但总体来说，他被认为是一个冷静的家伙。 另外，他是一个技术天才。</text>
</string>

<string id="dolg_sobolev_name">
	<text>索伯列夫队长</text>
</string>
<string id="dolg_sobolev_bio">
	<text>来自'纪律团'的战士。通常装备精良。喜欢探索。</text>
</string>

<string id="tankist_tanker_name">
	<text>泰克</text>
</string>
<string id="tankist_tanker_bio">
	<text>一个有着丰富阅历的潜行者。领导一个小的潜行者团体，经常在废弃区闲晃。</text>
</string>

<string id="esc_prince_name">
	<text>普莱斯</text>
</string>
<string id="esc_prince_bio">
	<text>酒吧里的匪帮首领，有倾向显示在失去控制力。曾经在英国第22特种空勤团服役</text>
</string>

<string id="garbage_knyaz_name">
	<text>杜克</text>
</string>
<string id="garbage_knyaz_bio">
	<text>有经验而忧心重重的匪徒，声称有王室血统，常在酒吧周边活动，抽“大麻草”牌烟。</text>
</string>

<string id="antreg_judah_name">
	<text>犹大</text>
</string>
<string id="antreg_judah_bio">
	<text>经验丰富的潜行者有一个不好的名声 一个黑石派系的成员。 一个变态的赌徒</text>
</string>
 
<string id="dimos_brown_bio">
	<text>维和部队的指挥官。</text>
</string>
 
<string id="dimos_smith_bio">
	<text>维和部队的指挥官。爱喝白兰地。</text>
</string>

<string id="dimos_foster_bio">
	<text>有经验的特种部队。</text>
</string>

<string id="dimos_captain_bio">
	<text>另一位有经验的潜行者。是个帅哥。不过别激怒他。他会把你的头给吃下去。</text>
</string>


<string id="dimos_grieg_name">
	<text>格雷格[Grieg]</text>
</string>
<string id="dimos_grieg_bio">
	<text>另一位有经验的潜行者。知道一些有关传送通道的事。</text>
</string>
 
<string id="antreg_sorcerer_name">
	<text>巫师</text>
</string>
<string id="antreg_sorcerer_bio">
	<text>又一个阅历丰富的潜行者，据说可以让带潜行者死而复生的，奇怪的家伙。</text>
</string>

<string id="antreg_mahomet_name">
	<text>默罕默德</text>
</string>
<string id="antreg_mahomet_bio">
	<text>另一位有经验的潜行者。他正在找他的兄弟天箭星座。他有体重的问题。</text>
</string>
 
<string id="yan_ghost_name">
	<text>鬼魂</text>
</string>
<string id="yan_ghost_bio">
    <text>精通了潜行（偷偷摸摸）的艺术，鬼魂不负为他的绰号。是史特列洛克的一个朋友。一些潜行者称他为'鬼魂'。</text>
</string>

<string id="yan_saharov_name">
	<text>教授萨哈罗夫</text>
</string>
<string id="yan_saharov_bio">
    <text>[萨哈罗夫 saharov]他是一个遗传学教授，领导着一群生态学家，其研究涉及多个科学领域。自从2007年第一个研究实验室在周边地区建立以后，萨哈罗夫教授就一直在此研究特异区。他的礼貌态度及专业素养，连同他有提供给潜行者丰富利润合同的倾向，使他成为一个非常受欢迎的雇主。他同许多潜行者订立契约，收购神器及突变生物的身体部位。他和他的助理克罗格罗夫副教授、谢苗诺夫副教授，一同领导着一小队生态学家在杨塔地区进行研究。</text>
</string>
 
<string id="yan_semenov_bio">
	<text>西蒙诺夫是雅塔湖基地中萨哈罗夫教授的另一名助理。</text>
</string>

<string id="yan_vasilyev_name">
	<text>瓦西里耶夫</text>
</string>
<string id="yan_vasilyev_bio">
    <text>他是一个科学家，长期和萨哈罗夫一同在杨塔的基地中工作。擅长进行现场调查,他最近一次执行的任务与附近的X-16实验室有关。</text>
</string>
 
<string id="zombie_name">
	<text>僵尸</text>
</string>

<string id="sim_ecolog_zob_name">
	<text>手术刀</text>
</string>
<string id="sim_ecolog_zob_bio">
    <text>日复一日的日常工作让他变得冷漠。但在面对压力时，又能表现出积极应对和高度的思绪能力。这个唯物论者一直很懊恼来到本区。他从医科大学毕业后就被送到本区，作为科学家的神经外科助手。通过解剖变异的大脑，研究其意识特征。只盼着退休后可以回到首都，尽可能远离这个烂地方。</text>
</string>

<string id="sim_stalker_general_upir_name">
	<text>吸血鬼</text>
</string>
<string id="sim_stalker_general_upir_bio">
    <text>运气好的令人难以置信的潜行者，大部分时间独行。他的队伍曾多次遇险，但他 是唯一的每次都能逃 离死亡的人 ，是被大家公认的不吉利的吉祥物。</text>
</string>

<string id="sim_stalker_master_diador_name">
	<text>神父狄奥多罗斯</text>
</string>
<string id="sim_stalker_master_diador_bio">
    <text>神父狄奥多罗斯 Father Diodorus 原本来自阿富汗，在圣战组织【穆斯林游击队？】的一次伏击战期间，他找到了信仰【宗教？】。他从阿富汗移民到波兰，并在那进了神学院。 神学院毕业后，有一阵子，他在利沃夫天主教堂布道。 切尔诺贝利核电站泄漏后，他成为自愿者，救死扶伤。 最近的几年他在本区传道。</text>
</string>

<string id="new_bes_name">
	<text>贝斯</text>
</string>
<string id="new_bes_bio">
    <text>贝斯一直躲在本区，他是个逃犯。因为他为朋友复仇，杀了人。在逃到本区之前，他袭击了那伙殴打他朋友致重伤的家伙。他也因此被通缉，因为谋杀和重伤。</text>
</string>

<string id="gar_hellcar_name">
	<text>德蒙</text>
</string>
<string id="gar_hellcar_bio">
    <text>德蒙为了逃离法院的通缉而来到特异区。他一直在试图维持特异区的秩序，就像他自己是特异区秩序的代表一样。一个残暴的战士。行事粗暴但公正。漫游者的一员，大部分时间都在死城里。</text>
</string>
 
<string id="sim_stalker_veteran_gusarov_name">
	<text>奥列格[恶魔]萨洛夫</text>
</string>
<string id="sim_stalker_veteran_gusarov_bio">
    <text>前'黑色贝雷帽'特种部队成员，他是一只孤独的狼。他曾在俄罗斯特种警察部队的【Bielocerkowskoj，部队名】旅服役。 等级，军士长。他的专业是狙击和爆破。</text>
</string>

<string id="dimos_bio">
	<text>非常有经验。已经在特异区区呆一两年了。</text>
</string>

<string id="dimos_granny_name">
	<text>老太婆</text>
</string>
<string id="dimos_granny_bio">
	<text>邪恶的老巫婆，母狗，妓女，丑鬼。</text>
</string>

<string id="stalker_general_default_bio">
	<text>经验丰富的潜行者。</text>
</string>

<string id="agr_nii_commander_zombi_bio">
	<text>经验丰富的指挥官。</text>
</string>

<string id="agr_soldier_sniper_default1_zombi_bio">
	<text>非常可靠的狙击手。</text>
</string>

<string id="bar_dolg_ivancov_name">
	<text>队长依万佐夫</text>
</string>
<string id="bar_dolg_ivancov_bio">
	<text>>镇压被焦脑的僵尸和大群突变体的主官。</text>
</string>

<string id="generic_no_info_bio">
	<text>没有可用的信息。</text>
</string>

<string id="val_bandit_general_default_bio">
	<text>不可靠的强盗</text>
</string>

<string id="val_bandit_general_default2_bio">
	<text>有信誉的强盗</text>
</string>

<!-- DR guy against wall in room with Sviblov in Radar -->
<string id="esc_strannik_name">
	<text>流浪者</text>
</string>
<string id="esc_strannik_bio">
	<text>经历了‘晴空’ 潜行者。看见雷达上的图案，就知道它们的性质</text>
</string>

<string id="esc_kuvalda_name">
	<text>雪橇-铁锤</text>
</string>
<string id="esc_kuvalda_bio">
	<text>他是一个变异区的最佳神器猎人。</text>
</string>

<string id="skit_kent_name">
	<text>肯特</text>
</string>
 
<string id="oso_mono_name">
	<text>德利卜维特</text>
</string>
 
<string id="vano_new_name">
	<text>瓦诺</text>
</string>
 
<string id="maroder_boss_name">
	<text>拉祖瓦耶夫</text>
</string>
<string id="maroder_boss_bio">
	<text>抢匪的头领，在本区，最想要的是或死或活的潜行者</text>
</string>
 
<string id="maroder_gena_name">
	<text>吉恩</text>
</string>
 
<string id="maroder_yang_name">
	<text>米诺尔</text>
</string>
<string id="maroder_yang_bio">
	<text>那些新生代的抢匪的头领们，是个说得多做得少死小鬼。</text>
</string>
 
<string id="esc_tsezar_name">
	<text>凯撒 [Ceasar]</text>
</string>
 
<string id="esc_gromov_name">
	<text>格罗莫夫教授</text>
</string>
 
<string id="contra_var_name">
	<text>涅墨西斯</text>
</string>
 
<string id="esc_pekar_name">
	<text>贝克</text>
</string>
 
<string id="esc_saha_name">
	<text>萨哈</text>
</string>
 
<string id="esc_koha_name">
	<text>科赫</text>
</string>
 
<string id="esc_cherv_name">
	<text>蛆</text>
</string>
 
<string id="esc_dan_nebo_name">
	<text>丹</text>
</string> 
 
<string id="esc_krest_bratok_name">
	<text>克罗斯</text>
</string> 
 
<string id="esc_shilo_band_name">
	<text>锥子</text>
</string>  
 
<string id="garbage_stalker_wound_name">
	<text>杰卡</text>
</string>  
 
<string id="garbage_levsha_name">
	<text>左撇子</text>
</string> 

<string id="monolit_right_hand_name">
	<text>右派</text>
</string> 

<string id="clear_scy_leader_name">
	<text>斯维布洛夫</text>
</string>
<string id="clear_scy_leader_bio">
	<text>在'红森林'晴空团队的领导者。</text>
</string>

<string id="agr_killer_def_kalym_name">
	<text>道瑞</text>
</string>

<string id="agr_nebo_chromov_name">
	<text>赫罗莫夫</text>
</string>

<string id="bar_neznakomec_name">
	<text>格兰</text>
</string>

<string id="dark_komandir_belchuk_name">
	<text>贝尔查克</text>
</string>
<string id="dark_komandir_belchuk_bio">
	<text>班长</text>
</string>

<string id="esc_new_wound_name">
	<text>沃华</text>
</string>

<string id="esc_bratok_prisoner_name">
	<text>杰克</text>
</string>
 
<string id="yan_wound_ucen_name">
	<text>多拉蒂那副教授</text>
</string> 

<string id="stalker_xutor_name">
	<text>猫</text>
</string>

<string id="prip_old_digger_name">
	<text>军医 费尔德舍</text>
</string>
<string id="prip_old_digger_bio">
	<text>医疗助理。 医生的朋友。 经常会有大量的补给。住在皮理皮亚特。</text>
</string>

<string id="agr_und_zombi_name">
	<text>疯狂教授</text>
</string>

<string id="esc_commander_krevoshaev_name">
	<text>雅罗费耶夫少校</text>
</string>
<string id="esc_commander_krevoshaev_bio">
	<text>雅罗费耶夫少校是驻扎在封锁线的军队指挥官，在停火线的邮局那。</text>
</string>

<string id="chaes_mamai_master_name">
	<text>卡梅隆</text>
</string>

<string id="shram_name">
	<text>刀疤</text>
</string>

<string id="val_nebo_ambush1_name">
	<text>佩伦</text>
</string>

<string id="atp_barman_name">
	<text>面条</text>
</string>

<string id="atp_komendant_name">
	<text>指挥官</text>
</string>

<string id="monach_name">
	<text>修道士</text>
</string>

<string id="haron_name">
	<text>卡戎</text>
</string>

<string id="pri_followers_bomber_name">
	<text>萨莎 别列</text>
</string>

<string id="trade_mono_name">
	<text>马洪</text>
</string>

<string id="solomon_name">
	<text>所罗门</text>
</string>

<string id="spy_aes_name">
	<text>埃尔文</text>
</string>

<string id="mil_lucash_name">
	<text>卢卡许</text>
</string>
 
<string id="mil_stukach_name">
	<text>帕夫利克 Pavlik</text>
</string>
 
<string id="mil_engineer_name">
	<text>螺丝钉</text>
</string>
 
<string id="mil_Svoboda_master_Ugrumiy_name">
	<text>穆尔克</text>
</string>
 
<string id="mil_komandir_sidorchuk_name">
	<text>西多瑞查克</text>
</string>
 
<string id="fedya_razboinik_name">
	<text>福德·罗伯特</text>
</string>

<string id="val_gila_name">
	<text>韦恩</text>
</string>
 
<string id="dark_plen_name">
	<text>布里克</text>
</string>
 
<string id="amk_artem_kulinar_name">
	<text>阿特姆·克林纳</text>
</string>
 
<string id="amk_vitek_voron_name">
	<text>维克特·雷文</text>
</string>
 
<string id="val_escort_nap1_name">
	<text>子弹</text>
</string> 
 
<string id="dar_corpse_kalugin1_name">
	<text>皮尔特·雷奕赤·克鲁金 P.I.</text>
</string> 
<string id="dar_corpse_kalugin1_bio">
    <text>x-18实验室和一个组的成员称为“集团”x-18实验室的深处，卡卢是充分认识到什么是该设施的最秘密区域，它是一个成员的集团。他是负责授权访问该设施的秘密部分级别较低的人员。</text>
</string> 

<string id="cit_killer_leader_name">
	<text>杜什曼</text>
</string> 

<string id="cit_bandit_leader_name">
	<text>布瑞泽里</text>
</string> 

<string id="cit_vp_name">
	<text>瓦斯利·彼得特洛维奇</text>
</string>

<string id="brown_name">
	<text>布朗上校</text>
</string>

<string id="smith_name">
	<text>史密斯将军</text>
</string>

<string id="nato_shlem_name">
	<text>福斯特下士</text>
</string>

<string id="sutuly_name">
	<text>斯洛奇</text>
</string>
 
<string id="mazay_name">
	<text>梅泽</text>
</string>
 
<string id="grek_name">
	<text>希腊人[Greek]</text>
</string>
 
<string id="drug_name">
	<text>费莫</text>
</string>
 
<string id="nevidimka_name">
	<text>克里斯塔·迈德</text>
</string>
 
<string id="kapitan_name">
	<text>队长</text>
</string>
 
<string id="esc_fox_name">
	<text>狐狸</text>
</string>
 
<string id="bar_zastava_commander_1_name">
	<text>斯盖特·凯特森科</text>
</string>
 
<string id="bar_bar_lisiy_name">
	<text>秃头</text>
</string>
<string id="bar_bar_lisiy_bio">
	<text>秃头是一个老练而性格孤僻的潜行者。千万不要取笑他没有头发。</text>
</string>
 
<string id="bar_arena_savage_name">
	<text>贝斯特</text>
</string>
 
<string id="gar_seryi_bio">
    <text>西利是个老成的潜行者, 属于独行者阵营。虽然不清楚他的真实排名有多高，但他似乎在废弃区的独行者中颇有地位。</text>
</string>
<string id="gar_seryi_name">
    <text>西利</text>
</string>
 
<string id="gar_dram_novice_name">
    <text>尤里克</text>
</string>
 
<string id="gar_stalker_flame_quest_name">
	<text>莱赫 坦波夫</text>
</string>
<string id="gar_stalker_flame_quest_bio">
	<text>一个有经验的潜行者。</text>
</string>
 
<string id="svoboda_bodyguard2_name">
    <text>曼诺瓦</text>
</string>
 
<string id="aes_Soldier_specnaz_aes_zombi_name">
    <text>维斯尔·不幸者</text>
</string>
 
<string id="stalker_osoznanie_bio">
    <text>代表“C-意识”项目。</text>
</string>
<string id="stalker_osoznanie_name">
    <text>奥瑟泽奈</text>
</string>
 
<string id="monolit_leader_zombi_name">
    <text>普丁</text>
</string>

<string id="svoboda_zoneguard_name">
    <text>史达林</text>
</string>
 
<string id="actor_name">
    <text>史特列洛克</text>
</string>
<string id="actor_bio">
    <text>"一号" - 史特列洛克在俄语中字面翻译为“神枪手”或"持枪者"。</text>
</string>
 
<string id="stalker_esc_bariga_name">
    <text>讨价还价</text>
</string>
<string id="stalker_esc_bariga_bio">
    <text>一个货真价实，油嘴滑舌的骗子。</text>
</string>
 
<string id="soldier_commander1_zombi_name">
    <text>指挥官</text>
</string>
<string id="soldier_commander1_zombi_bio">
    <text>与机动特战队度过十年。</text>
</string>
 
<string id="soldier_regular_default1_name">
    <text>战士</text>
</string>
<string id="soldier_regular_default1_bio">
    <text>普通的士兵。</text>
</string>
