﻿<?xml version="1.0" encoding="UTF-8" ?>
<string_table>

	<string id="list_trader_repair_0">
		<text>要花这些钱修理你的副武器: </text>
	</string>
	<string id="list_trader_repair_1">
		<text>要花这些钱修理你的主武器: </text>
	</string>
	<string id="list_trader_repair_2">
		<text>要花这些钱修理你的护甲: </text>
	</string>

<!--********************************-->
<!-- Sidorovich Repair dialog start -->
<!--********************************-->
	<string id="escape_trader_repair_0">
		<text>西德洛维奇 你能修理我的武器及护甲吗?</text>
	</string>
	<string id="escape_trader_repair_1">
		<text>欧 你是说来福枪已经用虎钳夹好了? 好的 这真的非常酷. 恩 那你想要让我修理它? 我要你..- 你没夹好啦.... 这会造成更多损伤, 然后你需要花更多的钱修好它.\n \n修理列表:</text>
	</string>
	<string id="escape_trader_repair_2">
		<text>修理你的副武器.</text>
	</string>
	<string id="escape_trader_repair_3">
		<text>修理你的主武器.</text>
	</string>
	<string id="escape_trader_repair_4">
		<text>修理你的护甲.</text>
	</string>
	<string id="escape_trader_repair_5">
		<text>等等 我有更好的选择 我晚点再回来.</text>
	</string>
	<string id="escape_trader_repair_6">
		<text>等等 只要一下子...\n \n好了!!!</text>
	</string>
	<string id="escape_trader_repair_7">
		<text>欧! 一号, 我看到你把它摧残的... 我知道我有些护甲的板材... 欧 它们在这...\n \n好的 看吧 跟新的一样!</text>
	</string>
	<string id="escape_trader_repair_8">
		<text>完美的修复. 你那来的这么好的手艺? 把它拿走吧? 好的 下次见吧.</text>
	</string>
	<string id="escape_trader_repair_9">
		<text>如同大师般的修复, 这钱花的非常值. 谢了.</text>
	</string>
	<string id="escape_trader_repair_10">
		<text>你要不要修理其他的?</text>
	</string>
	<string id="escape_trader_repair_11">
		<text>好的 让我看看.\n \n这里是需要修理的清单:</text>
	</string>
	
<!--****************************-->
<!-- Barist Repair dialog start -->
<!--****************************-->
	<string id="bar_trader_repair_0">
		<text>酒保, 你能够修理我的武器与护甲吗?</text>
	</string>
	<string id="bar_trader_repair_1">
		<text>老实说，我不能。但是在厨房里有一个潜行者为了还他的债而为我工作，他是一个很好的武器技师。我会把这个维修工作给他。那么，你有什么要修复？\n \n列出你要维修的吧:</text>
	</string>
	<string id="bar_trader_repair_2">
		<text>修理你的副武器.</text>
	</string>
	<string id="bar_trader_repair_3">
		<text>修理你的主武器.</text>
	</string>
	<string id="bar_trader_repair_4">
		<text>修理你的护甲.</text>
	</string>
	<string id="bar_trader_repair_5">
		<text>我改变主意了.也许下次吧.</text>
	</string>
	<string id="bar_trader_repair_6">
		<text>是的, 它已经修好了!</text>
	</string>
	<string id="bar_trader_repair_7">
		<text>完成了, 他能修好各种东西!</text>
	</string>
	<string id="bar_trader_repair_8">
		<text>欧 跟新的一样!你的维修员确实是大师啊! 请帮我问候他.</text>
	</string>
	<string id="bar_trader_repair_9">
		<text>它确实的能够用了!</text>
	</string>
	<string id="bar_trader_repair_10">
		<text>他能够修些其他的吗?</text>
	</string>
	<string id="bar_trader_repair_11">
		<text>当然,他不需要很多钱.\n \n这里是需要修理的清单:</text>
	</string>
	
<!--****************************-->
<!-- Doctor Repair dialog start -->
<!--****************************-->
	<string id="yantar_trader_repair_0">
		<text>你能够修理我的武器与护甲吗?</text>
	</string>
	<string id="yantar_trader_repair_1">
		<text>行，当我能抽身于研究之后。. 但是手头上工具不全，维修也只不过是个爱好，因此维修费可不便宜.\n \n这里是需要修理的清单:</text>
	</string>
	<string id="yantar_trader_repair_2">
		<text>修理你的副武器.</text>
	</string>
	<string id="yantar_trader_repair_3">
		<text>修理你的主武器.</text>
	</string>
	<string id="yantar_trader_repair_4">
		<text>修理你的护甲.</text>
	</string>
	<string id="yantar_trader_repair_5">
		<text>欧 糟了 钱不够.下次再修吧 .</text>
	</string>
	<string id="yantar_trader_repair_6">
		<text>请稍等...\n \n看来都完成了, 交还给你了!</text>
	</string>
	<string id="yantar_trader_repair_7">
		<text>特区中有许多不同的护甲, 但是我有许多存货. 稍等...\n \n我会有良心的把它给修好.</text>
	</string>
	<string id="yantar_trader_repair_8">
		<text>干的好! 你真是个优秀的武器技师.</text>
	</string>
	<string id="yantar_trader_repair_9">
		<text>你真是有良心, 修理的又快又好!</text>
	</string>
	<string id="yantar_trader_repair_10">
		<text>你能够修些其他的吗?</text>
	</string>
	<string id="yantar_trader_repair_11">
		<text>假如我够快, 我还能够做些完整的测试.\n \n这里是需要修理的清单:</text>
	</string>

<!--***************************-->
<!-- Screw Repair dialog start -->
<!--***************************-->
	<string id="mil_trader_repair_0">
		<text>抱歉老兄,但是我需要把武器与护甲修好... 这样要多少钱? </text>
	</string>
	<string id="mil_trader_repair_1">
		<text>阿哈哈... 别烦恼, 我不吝于修理, 只希望我不要忘掉这"一件事I". 好的, 你想要如何修理啊? 这并不便宜, 越多损坏, 就越贵. 成交?\n \n这里是需要修理的清单:</text>
	</string>
	<string id="mil_trader_repair_2">
		<text>修理你的副武器.</text>
	</string>
	<string id="mil_trader_repair_3">
		<text>修理你的主武器.</text>
	</string>
	<string id="mil_trader_repair_4">
		<text>修理你的护甲.</text>
	</string>
	<string id="mil_trader_repair_5">
		<text>我钱不够.下次再修吧. </text>
	</string>
	<string id="mil_trader_repair_6">
		<text>我还需要换掉一些零件, 还有把它清干净...\n \n这非常的有趣!</text>
	</string>
	<string id="mil_trader_repair_7">
		<text>一号, 清醒一下?好的,把它给我... 我要修理了...\n \n给你, 这是件漂亮的护甲! 我把护甲的下方开了个.... 欧!!别这样看我! 我只是开个玩笑...</text>
	</string>
	<string id="mil_trader_repair_8">
		<text>跟新的一样! 太完美了!</text>
	</string>
	<string id="mil_trader_repair_9">
		<text>恩，真有趣.....虽然....你已经完美地修复了这件护甲....不过如果你能将桌上的两块金属板镶嵌上.....如此，你将享誉八方！</text>
	</string>
	<string id="mil_trader_repair_10">
		<text>你能够修些其他的吗?</text>
	</string>
	<string id="mil_trader_repair_11">
		<text>当然, 别忘记付钱, 我可不免费修理.\n \n这里是需要修理的清单:</text>
	</string>

<!--********************-->
<!-- Repair dialogs end -->
<!--********************-->

</string_table>