﻿<?xml version="1.0" encoding="UTF-8"?>
	<string id="bar_ecolog_research_corrupted">
	<text>我，克鲁格洛夫教授，为了整个科学和人性的发展，而删除我们的实验结果。\n危险的知识绝对不能交给无知的人，不然他们会将其运用在犯罪上。\n读到这份记录的人应该知道，我们的组织被一个叫做“狼狗”所领导的佣兵团击落在大荒野上，当你读到这些文字时，我们可能都已经死亡了。\n</text>
	</string>
	<string id="bar_ecolog_research_normal">
		<text>….当它开始转变，放射物影响了高等球体的认知活动。\n经验显示只有人类跟动物才有发展认知过程，像是狗或马都会受到放射物的影响，不过只有人类在受影响时会进入迷幻状态--对动物的影响则是引起强烈的恐惧感。\n根据这些证据，可以合理的作出放摄物对人脑的影响，是非常直接而明显。\n延伸阅读关于“志愿者”的状况，如果我们给与目标药物治疗，就可以脱离迷幻状态。\n我们同时也研发出了实验性的装置，它在一定的范围内可以保护人脑免受放射物的侵袭。\n根据我们的估算，放射物的发射源来自扬塔尔湖的中央。\n该放射原应该是人造物品，这表示放射源是可以关闭的。\n同时也有危险的罪犯，企图想要掌握放射源来达成犯罪的目的。\n</text>
	</string>
	<string id="journal_after_agroprom_documents_name">
		<text>军方的文件</text>
	</string>
	<string id="journal_bar_darklab_documents_name">
		<text>X18实验室</text>
	</string>
	<string id="journal_bar_x16_documents_name">
		<text>所以焦脑器是人们制造出来的？</text>
	</string>
	<string id="journal_before_darklab_documents_name">
		<text>酒保</text>
	</string>
	<string id="journal_before_radar_task_name">
		<text>跟神经病会面之后</text>
	</string>
	<string id="rostok_tunel_gordon_diary">
		<text>12.01.2012 我该死的老板…不放过一个老头子。\n首先是黑山，接着是俄国的一些奇怪城镇。\n现在他们把可怜的小哥登送进了无尽的乌克兰草原。\n好好的享受你的烧羊头吧。\n \n \n 20.03.2012 \n 进入了特异区。\n这里真的没有熊吗？我要对抗什么东西？我在这里的方向感很差，我必须用我的小起子来开肉罐头。\n \n \n 26.04.2012 \n 爆炸开始了，酒保要我好好的躲藏起来，我把一些老鼠从遗弃的通道赶出来，希望我可以在这里等待时机的好转。\n</text>
	</string>
