﻿<?xml version="1.0" encoding="UTF-8" ?>
<string_table>
<string id="totalizator_0">
    <text>你好啊作家[Bookmaker]。\n我想尽可能多赚一点钱。\n</text>
</string>
<string id="totalizator_1">
    <text>那好。\n就关注下你能赢还是会输。\n投资50赚500。\n也可能欠一屁股债。\n我们可指望着你付钱呢，要不然让你命丧沼泽。\n听清楚了？！</text>
</string>
<string id="totalizator_2">
    <text>是的，然而这是严酷的。\n不管怎样，刺激是最重要的。\n所以...？</text>
</string>
<string id="totalizator_3">
    <text>你是问我吗？你想碰碰运气？潜行者，这取决于你。\n</text>
</string>
<string id="totalizator_4">
    <text>好的，规则是什么？</text>
</string>
<string id="totalizator_5">
    <text>赔率可以变，而且不退还任何东西。\n输或赢会告诉你这一点。\n你可以玩并且如果你欠债了，每12小时债务的本金就会累积利息。\n所以得看你的选择：'玩或不玩'。\n顺便要说的是，如果你赢了钱，你可以离开我这儿，我可以给你不错的利润。\n</text>
</string>
<string id="totalizator_6">
    <text>恩，那好吧。\n赌注是什么？</text>
</string>
<string id="totalizator_7">
    <text>赔率不断的变化就像普里皮亚季河上的风一样变幻莫测。\n甚至就连我有的时候都搞不懂赔率的走向。\n现在赌一把吧。\n</text>
</string>
<string id="totalizator_8">
    <text>下注1000卢布的赌局。\n我们赌另一个菜鸟会喝醉然后掉进沼泽的变异点里。\n</text>
</string>
<string id="totalizator_9">
    <text>下注5000卢布的赌局。\n我们赌，不管怎样失败者在限定的期限到来之前，会把债务偿还给提姆诺-卡斯塔博-吴[Timonu Kostopravu]。\n</text>
</string>
<string id="totalizator_10">
    <text>下注10000卢布的赌局。\n我赌那两个菜鸟会先为图拉城[Tula]的赫拉[Hera]找到“石花”神器。\n</text>
</string>
<string id="totalizator_11">
    <text>下注15000卢布的赌局。\n我赌那两只菜鸟中的某一个能到达已故的贝爵[Badger]在垃圾区里的藏物点。\n</text>
</string>
<string id="totalizator_12">
    <text>下注20000卢布的赌局。\n潜行者们，我们会开始一场比赛，看两个新手潜行者中谁能用一把小刀赢得胜利!来封锁线吧!你也许还有的时间来观看这场战斗!来观看这两个菜鸟的傻斗表演吧!</text>
</string>
<string id="totalizator_13">
    <text>下注25000卢布的赌局。\n让我们赌一把!胜利目标是:这两个计划进入变异区的菜鸟需要活着穿越军方检查点。\n虽然我只认为他们都只是新人，白痴。\n但做下注的是你，做出你的选择吧!</text>
</string>
<string id="totalizator_14">
    <text>下注30000卢布的赌局。\n我们赌"雅可库[Yakolku]"他说过要把奇美拉的头带给沃尔夫的。\n按我说啊，他就是个傻子。\n但谁知道呢?毕竟据传他的刀法不赖。\n</text>
</string>
<string id="totalizator_15">
    <text>下注35000卢布的赌局。\n我们赌他会不会赢:那些尖头鬼会派信使去死城找漫游者。\n大部分人都不认为他能活着回来。\n但谁知道呢?毕竟你是来下注的。\n他现在已经出发了。\n</text>
</string>
<string id="totalizator_16">
    <text>下注40000卢布的赌局。\n这赌注可真大啊。\n我们赌的内容是:一个精神病能不能赢。\n这货曾许诺要带给维和部队五瓶科纳克酒以偿还一笔欠王子的借款。\n</text>
</string>
<string id="totalizator_17">
    <text>下注50000卢布的赌局。\n压赢率大的那个经验丰富的老资格潜行者，（虽然有很多人已经尝试过），能活捉一只吸血怪回来。\n他到底是疯了还是傻了，就不得而知了。\n</text>
</string>
<string id="totalizator_18">
    <text>我拒绝！</text>
</string>
<string id="totalizator_19">
    <text>好，接受赌注，现在等待结果。\n祝你好运，潜行者！</text>
</string>
<string id="totalizator_20">
    <text>同意！</text>
</string>
<string id="totalizator_21">
    <text>你就是那个被橡树压倒的家伙吧？你已经得到超过100卢布了，所以你不能再下注了。\n快点，我脚都麻了。\n</text>
</string>
<string id="totalizator_22">
    <text>你真不幸......</text>
</string>
<string id="give_prize_0">
    <text>你好，我来是为了钱。\n</text>
</string>
<string id="give_prize_1">
    <text>现在让我们看看欠你什么。\n</text>
</string>
<string id="give_prize_2">
    <text>很好，用叉子赢了了，没有拖延。\n成为我的战利品。\n</text>
</string>
<string id="give_prize_3">
    <text>那么现在……先把保险柜打开吧。\n</text>
</string>
<string id="give_prize_4">
    <text>拿着钱。\n</text>
</string>
<string id="give_prize_5">
    <text>给你定金。\n</text>
</string>
<string id="give_dolg_0">
    <text>这是为你好。\n这是给你的一点酬劳。\n</text>
</string>
<string id="give_dolg_1">
    <text>同意，我不在欠你什么了。\n两清了。\n</text>
</string>
<string id="take_deposit_0">
    <text>拿走定金。\n</text>
</string>
<string id="take_deposit_1">
    <text>考虑一下你想给多少吧。\n</text>
</string>
<string id="take_deposit_2">
    <text>付总数的百分之十。\n</text>
</string>
<string id="take_deposit_3">
    <text>付总数的百分之五十。\n</text>
</string>
<string id="take_deposit_4">
    <text>全给他。\n</text>
</string>
<string id="take_deposit_5">
    <text>拿着吧。\n</text>
</string>
<string id="take_deposit_6">
    <text>谢了，这钱花的值。\n我得去休息会儿了。\n</text>
</string>
</string_table>
