﻿<?xml version="1.0" encoding="UTF-8"?>
<string id="sar_command_center_text">
    <text>博士：所有你说的关于黑石的事情都是真实的。\n它仅仅是一种幻觉，这说明了石棺附近存在这样的实验室。\n很显然，只有一个种方法能够让你到达这个神秘的地方。\n我知道你已经尝试了很久想要找到这个方法了。\n</text>
</string>
<string id="sar_monolith_call_text">
    <text>我听到了黑石的召唤。\n它要我去找它，现在我得去它那边然后找到所有我问题的答案。\n</text>
</string>
<string id="sar_secret_lab_text">
    <text>博士："那么就这样，那边有个解码器，可以开启通往操作黑石的系统的门。\n解码器隐藏在普罗普亚特的秘密藏匿物中。\n我会给你它的座标和钥匙。\n你要去拿解码器，在石棺中找出正确的门，然后…然后你就会看到所有的事了。\n</text>
</string>
<string id="zones_mystery_text">
    <text>你毕竟成功了，潜行者。\n你变得比我们想像得还强壮。\n好吧，我们交谈的时机来临了，向着讯号前进，我们会等着你的。\n</text>
</string>
