﻿	<string id="aes_military_task">
		<text>黑石行动</text>
	</string>
	<string id="aes_military_task_head">
		<text>状况</text>
	</string>
	<string id="aes_soldier_info">
		<text>军事行动计划\n\n 人员：\n 行动指挥官：代号 四重奏\n 七个空中攻击单位：游隼组、鸢组、天鹰组、红鹰组、雄鹰组、鸠组、夜鹰组。\n 狙击队：猫头鹰组\n 支援：空中： 018, 030, 031, 48, 49, 52\n 51, 64, 65, 098, 097\n 地面：犰狳1、犰狳2、犰狳3\n 状况：可能会在桥梁(23,45)附近区域、大门 (26,78、)以及电厂主建筑道路 (12,23-53,76)遭遇抵抗。敌方似乎部属重武器。\n 敌方假想数量：70-100。武装车辆：无\n 敌方可能有重火力狙击手支援。\n 气候状况：可见度-700、可能会有未知的怪物出现。</text>
	</string>
