﻿<?xml version="1.0" encoding="windows-1252"?>
<string_table>
<string id="esc_bridge_soldiers_start_11">
		<text>这个区域没有限制，潜行者。\n</text>
	</string>
	<string id="esc_bridge_soldiers_start_12">
		<text>但我得去那里。\n</text>
	</string>
	<string id="esc_bridge_soldiers_start_13">
		<text>运气真差，除非你真的一定得过去，那么费用是500。\n</text>
	</string>
	<string id="esc_bridge_soldiers_start_14">
		<text>拿去。\n</text>
	</string>
	<string id="esc_bridge_soldiers_start_15">
		<text>现在听着，我们会假装一阵子这边除了蚊子跟蝴蝶外什么都没有。\n这里发生了什么事是你家的事情。\n</text>
	</string>
	<string id="esc_bridge_soldiers_start_21">
		<text>好吧，别停下来！在我们改变心意之前离开这里。\n</text>
	</string>
	<string id="esc_bridge_soldiers_start_24">
		<text>我没有那种钱。\n</text>
	</string>
	<string id="esc_bridge_soldiers_start_25">
		<text>那回到你原来的地方去拿钱。\n你不该试着想要偷偷通过我们，你听到了没？相信我，那不值得。\n</text>
	</string>
	<string id="esc_lager_no_talk_11">
		<text>离开这里，史特列洛克。\n走开或爬开，你自己选择。\n</text>
	</string>
	<string id="esc_lager_no_talk_111">
		<text>你陷入什么麻烦了？</text>
	</string>
	<string id="esc_lager_no_talk_21">
		<text>嘿，你需要什么？</text>
	</string>
	<string id="esc_lager_no_talk_31">
		<text>我们老板要见你。\n但那可不代表你是个受欢迎的人，继续走。\n</text>
	</string>
	<string id="esc_provodnik_start_11">
		<text>哈啰，兄弟。\n</text>
	</string>
	<string id="esc_provodnik_start_12">
		<text>向导，我得见博士。\n</text>
	</string>
	<string id="esc_provodnik_start_13">
		<text>好吧，你看看，你是怎么知道博士的？</text>
	</string>
	<string id="esc_provodnik_start_14">
		<text>鬼魂派我来的。\n帮我跟博士见面，这是件紧急的事。\n</text>
	</string>
	<string id="esc_provodnik_start_15">
		<text>好吧，你为什么这么说！博士在史特列洛克的藏匿处。\n如果你是你说的那个人，就应该知道那是什么地方。\n</text>
	</string>
	<string id="esc_provodnik_start_16">
		<text>谢谢。\n</text>
	</string>
	<string id="esc_provodnik_start_21">
		<text>哈啰，兄弟。\n</text>
	</string>
	<string id="esc_stalker_talk_level_0">
		<text>你可以告诉我多一些关于这地方的事情吗？</text>
	</string>
	<string id="esc_stalker_talk_level_1">
		<text>这是通往变异区的道路。\n如果我是你，我不会太靠近军事前哨站或让那些士兵看见你--他们被命令见到东西就开枪射击。\n最近北方那里有作破桥，但他们也在那边设了个前哨站。\n开放区域到处都是野狗，所以那不是适合新手的地方。\n喔，最近有一群异种生物时常的出现在那边。\n</text>
	</string>
	<string id="esc_stalker_talk_level_10">
		<text>那么在桥那边的士兵呢？不管怎样我得通过那里。\n</text>
	</string>
	<string id="esc_stalker_talk_level_11">
		<text>好吧，你有两个选择：如果库聂佐夫在那里，记得他很缺钱。\n有很好的机会可以让他放行，但如果你没钱或是其他人在那的话，那就不一样了。\n从桥的左边前进，沿着铁路，不过要小心别让他们看见你了！你会穿越一个通过路堤的小通道。\n另一件事：在那边你可能得跟一些僵尸好好的约会的。\n</text>
	</string>
	<string id="esc_stalker_talk_level_2">
		<text>在军事前哨站北方更远的地方有什么呢？</text>
	</string>
	<string id="esc_stalker_talk_level_21">
		<text>废弃区，就是那里。\n现在那边是个萧条的地方了。\n到处都是那么多的污染，在那边游泳搞不好比走路还轻松一些。\n</text>
	</string>
	<string id="escape_factory_assault_start_31">
		<text>哈啰，沃夫已经交代过你了。\n你有任何问题吗？</text>
	</string>
	<string id="escape_factory_assault_start_311">
		<text>是的，有多少强盗在营地里？</text>
	</string>
	<string id="escape_factory_assault_start_3111">
		<text>七或八个人。\n两个在大门，两个或更多在建筑物里，在右边靠近火堆的地方。\n另外两个在左边--他们把明眼关在那里。\n另一个总是到处在庭院中走来走去。\n全部就这样，我们应该先拉屎小便再祷告再出发？</text>
	</string>
	<string id="escape_factory_assault_start_31111">
		<text>出发，整队好你的人。\n</text>
	</string>
	<string id="escape_factory_assault_start_31112">
		<text>不，我们弄出太多声音了。\n我会自己过去的。\n</text>
	</string>
	<string id="escape_factory_assault_start_311121">
		<text>好吧，如你所愿。\n如果发生了什么事记得要大喊…该死，你想当蓝波！</text>
	</string>
	<string id="escape_factory_assault_start_41">
		<text>我们去猎捕我们该猎捕的东西，我打赌沃夫会开心的。\n</text>
	</string>
	<string id="escape_factory_assault_start_51">
		<text>那边有更多！找出那些混蛋把他们击毙！</text>
</string>
<string id="escape_factory_assault_start_61">
		<text>呼啊，兄弟！这真了不起！你干掉他们然后什么都没留给我们。\n如果我不是亲眼看见我才不会相信这种事情！那可真把我吓坏了，兄弟…</text>
	</string>
	<string id="escape_factory_assault_start_71">
		<text>那么，你杀死的一群敌人在哪里？你只是靠着一张嘴，然后什么都没有做。\n滚开！</text>
	</string>
	<string id="escape_fox_hello_dialog_2">
		<text>抱歉，兄弟，但可以去别的地方吗？我来这边是要跟某个人会面…</text>
	</string>
	<string id="escape_fox_hello_dialog_21">
		<text>我有一堆问题。\n</text>
	</string>
	<string id="escape_fox_hello_dialog_211">
		<text>OK，问吧。\n</text>
	</string>
	<string id="escape_fox_hello_dialog_2111">
		<text>你可以告诉我关于变异区的事情吗？</text>
	</string>
	<string id="escape_fox_hello_dialog_21111">
		<text>那就是你想知道的事？休息一个礼拜再回来见我。\n听着，我的时间很珍贵，而且我现在很忙。\n这边是些基本的事，其它的你就靠自己了。\n离这北边三公里的地方，你会找到废弃区。\n那是他们倾倒电厂辐射垃圾的地方。\n高剂量辐射，到处都充满了变异点，所以那边也发现了大量的神器…但都不是很有价值的。\n小心那些帮派，还有别碰到了纪律团的巡逻队。\n在废弃区西方是前农会研究所。\n那边只有一点神器，所以你可以跳过它。\n在东方是黑暗山谷。\n谁知道…那是一个非常怪异的地方。\n那边看起来似乎很安静，没有什么匪徒出现在那里。\n但我觉得那边有比眼睛看到还多的东西在里面。\n喔，在废弃区前方是罗斯托克工厂，那是潜行者的领域。\n你会在那找到一堆同伴，他们会告诉你其他的事情。\n</text>
	</string>
	<string id="escape_fox_hello_dialog_2113">
		<text>我改变心意了。\n谢谢。\n</text>
	</string>
	<string id="escape_fox_hello_dialog_3">
		<text>谢谢，好的，我会小心的听着。\n</text>
	</string>
	<string id="escape_fox_hello_dialog_31">
		<text>贸易商人说你可能会知道有关于史特列洛克的事情。\n</text>
	</string>
	<string id="escape_fox_hello_dialog_311">
		<text>为什么最近大家都对他产生了兴趣？好吧，我不能说我认识他，但我们曾经"联络"过：我的手下曾经跟他交火过，没有人受伤--很明显的他的队伍在等某个人，所以我们协议停火，分道扬镳去做自己的事情。\n西利，我的兄弟，现在在废弃区的机棚里--我会把他的座标传给你，那么你们两个就可以聊聊。\n他知道更多关于史特列洛克的事情。\n在出口要小心点--有一小群匪徒在那里驻扎。\n此外，有一些怪物在追踪我，看来它们还没有放弃。\n你不介意帮我处理掉它们？这就跟在公园散步一样的简单。\n</text>
	</string>
	<string id="escape_fox_hello_dialog_3111">
		<text>谢谢你的讯息，我很感激。\n</text>
	</string>
	<string id="escape_fox_hello_dialog_5">
		<text>医药箱！给我医药箱！</text>
	</string>
	<string id="escape_fox_hello_dialog_55">
		<text>拿去。\n</text>
	</string>
	<string id="escape_fox_hello_dialog_56">
		<text>我没有，抱歉。\n</text>
	</string>
	<string id="escape_fox_hello_dialog_61">
		<text>嘿，兄弟，你救了我两次，我不会忘记的。\n收下这个…这是我仅有的！</text>
	</string>
	<string id="escape_fox_hello_dialog_611">
		<text>谢谢你。\n</text>
	</string>
	<string id="escape_lager_guard_start_dialog_121">
		<text>我们老板要见你。\n但那可不代表你是个受欢迎的人，继续走。\n</text>
	</string>
	<string id="escape_lager_guard_start_dialog_2">
		<text>等等，史特列洛克！现在营地里没有人要跟你谈话。\n</text>
	</string>
	<string id="escape_lager_guard_start_dialog_21">
		<text>为什么？</text>
	</string>
	<string id="escape_lager_guard_start_dialog_212">
		<text>有那个白痴想跟前"死亡卡车"上的乘客说话？首先，你得证明你是个好相处的人。\n</text>
	</string>
	<string id="escape_lager_guard_start_dialog_2121">
		<text>什么"死亡卡车"？你在说什么？</text>
	</string>
	<string id="escape_lager_guard_start_dialog_21211">
		<text>啊，鬼才知道那是什么东西。\n但不管它是什么，它很糟糕…为什么我要跟你说这些！或许我只是迷信而已，史特列洛克，在某些事发生在你身上之前，你该走开的。\n</text>
	</string>
	<string id="escape_lager_guard_start_dialog_2122">
		<text>我要怎样才会让人们相信我？</text>
	</string>
	<string id="escape_lager_guard_start_dialog_21221">
		<text>让我们看见你通过贸易商人的测试。\n如果你还活着--如果你不是个麻烦--你会用你的头脑--那么我们就可以到共通点了。\n你别担心。\n</text>
	</string>
	<string id="escape_lager_guard_start_dialog_22">
		<text>好吧，就那样。\n</text>
	</string>
	<string id="escape_lager_guard_start_dialog_3">
		<text>哈啰，史特列洛克。\n你要什么？</text>
	</string>
	<string id="escape_lager_leader_hello_11">
		<text>听着，史特列洛克，你会有帮助的！我们真的需要些帮助。\n</text>
	</string>
	<string id="escape_lager_leader_hello_111">
		<text>继续。\n</text>
	</string>
	<string id="escape_lager_leader_hello_1111">
		<text>我是狂热者，自从沃夫离去后我就代替了他的位置。\n有些佣兵昨天来到这里…我跟你说，他们是一些难惹的混蛋。\n他们提出一些严重的要求--"你有一天的时间把营地清空，这里将变成我们的新基地。\n"今晚他们就要过来了，如你所想像的，他们可不会跟你好好谈的。\n</text>
	</string>
	<string id="escape_lager_leader_hello_11111">
		<text>那么你打算怎么作？</text>
	</string>
	<string id="escape_lager_leader_hello_111111">
		<text>我们会设置埋伏，因为直接攻击可能会要了我们的命。\n他们有作战的所有装备，加上他们的训练精良超出你的想像。\n我们在这边的都是些小男孩，所以我们打算演出空城计。\n当时机来临时，我们就攻击。\n像你这样的战士正是我们现在所需要的。\n当事情结束后我们会好好的答谢你的。\n你知道我们很擅长此道！那么，你说呢，你要帮助我们吗？</text>
	</string>
	<string id="escape_lager_leader_hello_1111111">
		<text>我会的。\n</text>
</string>
<string id="escape_lager_leader_hello_11111111">
		<text>开始准备作战吧，计划是这样的：我会把那些绝望的菜鸟放在屋子和地下室里，然后告诉他们不要移动--不然他们会被自己人杀掉。\n你、我跟一些老手将躲在最有利的位置，观察环境然后开火，我们让子弹到处飞舞！他们会从桥那边过来…我不认为我们会等太久。\n那么，找个地方躲起来好好看着，然后等着我的命令。\n四处看看，但记得你的机会不是很大，你自己决定了。\n</text>
	</string>
	<string id="escape_lager_leader_hello_111111111">
		<text>好的。\n</text>
	</string>
	<string id="escape_lager_leader_hello_1111112">
		<text>不，我还没准备好。\n</text>
	</string>
	<string id="escape_lager_leader_hello_11111121">
		<text>那真可惜，我们可以用一个像你一样的战士。\n我猜我们需要靠自己了…</text>
	</string>
	<string id="escape_lager_leader_hello_21">
		<text>等着这些童子军，我有种感觉他们就在角落。\n</text>
	</string>
	<string id="escape_lager_leader_hello_31">
		<text>你真是个杀手，史特列洛克！我绝不会挡住你的路，永远！</text>
	</string>
	<string id="escape_lager_leader_hello_311">
		<text>是的，就像那样。\n</text>
	</string>
	<string id="escape_lager_leader_hello_3111">
		<text>这里，我希望你永远不会忘记我们。\n还有--千万个感谢你的帮助。\n我们救了年轻人，史特列洛克。\n</text>
	</string>
	<string id="escape_lager_leader_hello_41">
		<text>嘿，史特列洛克，很高兴见到你！</text>
	</string>
	<string id="escape_lager_leader_hello_411">
		<text>你也是。\n</text>
	</string>
	<string id="escape_lager_leader_hello_412">
		<text>对了，沃夫去哪里了？</text>
	</string>
	<string id="escape_lager_leader_hello_4121">
		<text>喔，他收到了一则来自一个已经死去的潜行者的讯息。\n他打包好，拿了一箱炸药就深入变异区了。\n我还在恢复上次在封锁线受的伤势，他要求我照顾这些孩子。\n</text>
	</string>
	<string id="escape_lager_volk_info_0">
		<text>我有问题。\n</text>
	</string>
	<string id="escape_lager_volk_info_1">
		<text>继续，我试着帮帮看。\n</text>
	</string>
	<string id="escape_lager_volk_info_10">
		<text>谢谢。\n</text>
	</string>
	<string id="escape_lager_volk_info_2">
		<text>你知道关于变异区的事情吗？</text>
	</string>
	<string id="escape_lager_volk_info_21">
		<text>我知道很多事情。\n再精确一点。\n</text>
	</string>
	<string id="escape_lager_volk_info_211">
		<text>变异区的中心有什么？</text>
	</string>
	<string id="escape_lager_volk_info_2111">
		<text>啊，那是个问题…我寻找这个答案有两年的时间了！我还没有找到进入变异区中心的方法，至少我还没见过活着回来的。\n我跟我的朋友有几次试着要进入--好吧，有些人死了，有些还没…你会问我们为什么要去那里，我们在追逐我们的梦想，试着让它们成真。\n</text>
	</string>
	<string id="escape_lager_volk_info_21111">
		<text>梦想可以成真吗？</text>
	</string>
	<string id="escape_lager_volk_info_211111">
		<text>有一个关于实现愿望机器的美好故事。\n据说在变异区中心所有的愿望都会实现，不管什么样的愿望。\n但你知道吗？我知道有一堆人进入了变异区中心，我不在相信任何关于实现愿望机器的事了。\n别冒险，我就不会。\n</text>
	</string>
	<string id="escape_lager_volk_info_212">
		<text>变异区是怎么来的？</text>
	</string>
	<string id="escape_lager_volk_info_2121">
		<text>2006年在这里有另外一次爆炸，那就是变异区发生的原因。\n我知道这不算个回答，很少人知道整个事实，如果真的有人知道的话。\n</text>
	</string>
	<string id="escape_lager_volk_info_213">
		<text>你为什么要来变异区？</text>
	</string>
	<string id="escape_lager_volk_info_2131">
		<text>以前我在矿坑工作，但他们把它给关闭了。\n我没钱、没有希望，接着我听说在变异区里藏着一堆财富。\n我可是有一些经历的人，所以我想"管它的？"。\n不能说我变有钱了，但我赚了些现金，那倒是真的。\n这是个一般的故事，我们大多数人都是这样来的。\n</text>
	</string>
	<string id="escape_lager_volk_info_214">
		<text>什么是变异区里最危险的事情？</text>
	</string>
	<string id="escape_lager_volk_info_2141">
		<text>很难说。\n那边有太多惊奇和危险了，你没办法全躲开它们。\n对一个人来说它们的确太多了。\n我有一个脚指被咬掉了，我因为辐射而掉了头发，而我的半条腿因为焦脑器…这边的事情很糟，有些时候我还得跟吸血怪面对面--我不会忘记那场会面的。\n那么。\n只要你喜欢我们可以一直讲，但你永远都不会有你自己的经验。\n我可以给你的唯一建议是小心--每个地方、每个时刻。\n</text>
	</string>
	<string id="escape_lager_volk_info_3">
		<text>你有听过一个叫做史特列洛克的人吗？</text>
	</string>
	<string id="escape_lager_volk_info_31">
		<text>我似乎记得他是个汉子。\n从没见过这个人。\n好吧，我有段时间没有接近过变异区中心了，这边都是些新手。\n你该找个去深入过变异区的人谈谈。\n</text>
	</string>
	<string id="escape_lager_volk_info_4">
		<text>你知道"死亡卡车"吗？</text>
	</string>
	<string id="escape_lager_volk_info_41">
		<text>我不知道，这样对我也很好，谢谢你！抱歉，我知道你的处境。\n太多谜题了，你就算花一个月的时间也没办法弄清楚这些事。\n在卡车上的死人，在轮子后面的死人…他们是谁他们从哪里来，为什么？我只希望他们不要从坟墓中爬出来。\n</text>
	</string>
	<string id="escape_lager_volk_talk_11">
		<text>嗨，你为什么在这里？</text>
	</string>
	<string id="escape_lager_volk_talk_111">
		<text>嗨，我需要见明眼[Nimble]。\n你知道我在哪里可以找到他吗？</text>
	</string>
	<string id="escape_lager_volk_talk_1111">
		<text>明眼在干一些下流的勾当。\n他的队伍在离这不远的地方被一些盗贼攻击。\n他所能坐的就是传给我求救讯号。\n看来他的同伙都倒下了。\n我的人告诉我这些混蛋现在在旧停车场，就是穿过路那边的那一个。\n</text>
</string>
<string id="escape_lager_volk_talk_11111">
		<text>你不能从监狱解救你自己的人？我可不会说这样算是朋友。\n还是你没有能力去做？</text>
	</string>
	<string id="escape_lager_volk_talk_111111">
		<text>我猜你会的，但这又什么用？那可不容易？我的人手太少，而且大部分都是菜鸟。\n我不能冒这个风险。\n如果我们失去了这个营地，对所有在这的潜行者来说，事情会变得更糟的。\n还有你自己呢？如果你不是太害怕，我才不会因为自尊让我拒绝帮助呢。\n那么，你要帮我对付这些打手吗？</text>
	</string>
	<string id="escape_lager_volk_talk_1111111">
		<text>我想我可以自己搞定？</text>
	</string>
	<string id="escape_lager_volk_talk_11111111">
		<text>不，你一个人没有机会的。\n我的斥候是好军人，现在他们正在准备对付那些混蛋。\n一起去你的机会会大一些，怎么样？你有胆子吗？</text>
	</string>
	<string id="escape_lager_volk_talk_111111111">
		<text>我会试试看的。\n</text>
	</string>
	<string id="escape_lager_volk_talk_1111111111">
		<text>很好！我会给你那些人的座标。\n我现在就跟他们交代你的事。\n</text>
	</string>
	<string id="escape_lager_volk_talk_111111112">
		<text>我有胆量，但我不想去。\n</text>
	</string>
	<string id="escape_lager_volk_talk_111111121">
		<text>耶，这就像你会做的事。\n很好，滚开！</text>
	</string>
	<string id="escape_lager_volk_talk_21">
		<text>那么，事情如何了？</text>
	</string>
	<string id="escape_lager_volk_talk_211">
		<text>你的人和我把停车场的事给解决了。\n</text>
	</string>
	<string id="escape_lager_volk_talk_2111">
		<text>那真是惊人，兄弟！这里，收下吧--那是我个人对你的回报。\n</text>
	</string>
	<string id="escape_lager_volk_talk_212">
		<text>我们好好的清理了停车场，现在那里清空了。\n</text>
	</string>
	<string id="escape_lager_volk_talk_2121">
		<text>哇！我的人告诉我说你给他们彻底的痛击！这里，收下这些钱…当作是纪念，别当是我们大量的感谢。\n还有，我有个东西要给你…</text>
	</string>
	<string id="escape_lager_volk_talk_21211">
		<text>嘿。\n</text>
	</string>
	<string id="escape_lager_volk_talk_213">
		<text>我正在忙。\n</text>
	</string>
	<string id="escape_lager_volk_talk_2131">
		<text>告诉我最新的消息，好吗？</text>
	</string>
	<string id="escape_lager_volk_talk_31">
		<text>我没时间作无意义的闲聊了。\n走开。\n</text>
	</string>
	<string id="escape_lager_volk_talk_311">
		<text>我知道了，我不笨。\n</text>
	</string>
	<string id="escape_lager_volk_talk_41">
		<text>哈啰，史特列洛克。\n有什么事吗？</text>
	</string>
	<string id="escape_lager_volk_talk_51">
		<text>告诉我有什么新消息，潜行者。\n</text>
	</string>
	<string id="escape_lager_volk_talk_511">
		<text>我能跟你说什么，在停车场有强盗，所以我们作了些清除工作。\n就这样。\n</text>
	</string>
	<string id="escape_lager_volk_talk_5111">
		<text> 你不是那种会吹牛的人，你不是！听着，自从你对付那些打手后，我不能那样让你离开…</text>
	</string>
	<string id="escape_shustryi_start_11">
		<text>谢了，兄弟！你帮了我们一个大忙！我甚至不知道要怎么感谢你…</text>
	</string>
	<string id="escape_shustryi_start_111">
		<text>听着，我需要你跟贸易商人谈论的随身碟。\n你有吗？</text>
	</string>
	<string id="escape_shustryi_start_1111">
		<text>耶，我拿到了…这些白痴甚至没办法作彻底的搜查。\n好吧，管它的，拿去吧！毕竟，你救了我的命。\n它藏得很好，这些打手就是找不出来。\n</text>
	</string>
	<string id="escape_shustryi_start_11111">
		<text>谢了。\n那么你把它放在什么地方？谁知道，或许就在你手上。\n</text>
	</string>
	<string id="escape_shustryi_start_111111">
		<text>我没有把它放在那里。\n所以不要担心。\n我当贸易商人有段时间了，所以我可以安全的储藏好资讯！另外，我告诉那些打手关于成堆神器的不错的小故事，他们派了一个人过去那边。\n那个地方真的存在，不过那边只有一件神器。\n你要的话我可以把座标给你。\n</text>
	</string>
	<string id="escape_shustryi_start_21">
		<text>旅途平安，潜行者！</text>
	</string>
	<string id="escape_shustryi_start_311">
		<text>当然，谢啦。\n</text>
	</string>
	<string id="escape_shustryi_start_3111">
		<text>但别忘了。\n那边可有一堆凶猛的动物。\n此外。\n他们派的人装备可是相当精良的，所以小心一点！谢了，兄弟。\n</text>
	</string>
	<string id="escape_shustryi_start_31111">
		<text>也谢谢你。\n</text>
	</string>
	<string id="escape_shustryi_start_311111">
		<text>当然，没问题。\n祝好运！</text>
	</string>
	<string id="escape_trader_done_blockpost_box_0">
		<text>任务完成。\n这里是军方前哨站的盒子。\n</text>
</string>
<string id="escape_trader_done_blockpost_box_2">
    <text>你从来没有停止给我带来惊喜，史特列洛克！嗯，我不是一个有头脑的家伙，我可不会阅读这些被加过密的乱七八糟的东西。\n把这个箱子拿给酒吧掌柜，显然这里面有一些对我们所有人都有用的信息。\n你能递送这个箱子吗？</text>
</string>
<string id="escape_trader_jobs_0">
		<text>有什么要给我的特殊任务吗？</text>
	</string>
	<string id="escape_trader_jobs_1">
		<text>不，没有。\n</text>
	</string>
	<string id="escape_trader_jobs_12">
		<text>特殊任务？你还没完成上一个任务！</text>
	</string>
	<string id="escape_trader_jobs_5">
		<text>好吧，事情是这样的…有一个装着深入变异区北方考察任务报告的箱子，被带到了军方前哨站里面。\n白天时，它的警备可是非常森严，但因为某些理由，在晚上他们就只有两个警卫在守卫它而已。\n</text>
	</string>
	<string id="escape_trader_jobs_51">
		<text>继续。\n</text>
	</string>
	<string id="escape_trader_jobs_511">
		<text>安敬的潜入前哨站然后"取回"那个箱子。\n完成后我会付你任何东西…当然是合理的。\n你接受吗？</text>
	</string>
	<string id="escape_trader_jobs_5111">
		<text>我会试试看。\n</text>
	</string>
	<string id="escape_trader_jobs_51111">
		<text>我会把现金准备好--你从没让我失望过。\n还有一件事…保持低调。\n如果军方被激怒了，我们会有一堆麻烦的。\n</text>
	</string>
	<string id="escape_trader_jobs_52">
		<text>不，我还没办法去。\n</text>
	</string>
	<string id="escape_trader_jobs_521">
		<text>来吧，兄弟，它听起来没那么糟。\n一群什么都分不清的醉鬼和一支国家乐团…好吧，OK，但我真的指望着你，史特列洛克…</text>
	</string>
	<string id="escape_trader_jobs_6">
		<text>听着，史特列洛克…我做了些事情，而这是我可以给你的…一般来说，你最需要的就是就是找到史特列洛克，对吧？</text>
	</string>
	<string id="escape_trader_jobs_61">
		<text>假设我是。\n</text>
	</string>
	<string id="escape_trader_jobs_611">
		<text>不管怎样，这里有件关于史特列洛克的事情。\n有一个潜行者叫个名字，据说他找到了一条路可以通往变异区的北方。\n那是一个处女地，一个神器的金矿…耶…反正，我可以帮你找到他…不论如何…如你可以想见的，这不会是免费的，你必须为它付出…但长远来看这对我们两个都有好处：你可以去找出史特列洛克然后查出你身上发生了什么事情…而我可以找到…好吧，我是说…我可以分到我们拿到的东西，嘻嘻…你说呢？成交？</text>
	</string>
	<string id="escape_trader_jobs_6111">
		<text>继续。\n</text>
	</string>
	<string id="escape_trader_jobs_61111">
		<text>好吧，听着…你是认真的，我可以感觉出来…而我…我是说，我们需要像你这样的人。\n我们跟其他商人在进行调查。\n我们想要打开北方的通道。\n通往变异区的中心。\n但在那里有某些人或是某件事在阻挡我们的进度…到底这个史特列洛克是怎么过去的，我不清楚…你看，一接近那个地方你的脑子就会被煮开了。\n一个毛骨悚然的地方…不管怎样，长话短说--有几个为我工作的人在监视着流言，显然的就在离这不远的地方，在农会研究所的人发现了一些东西，一些很重要的东西。\n我很确定那跟变异区的中心有关。\n不论如何，不管他们发现了什么，这些讯息被锁在研究所的三楼。\n我们非常需要它，你知道我的意思吧？</text>
	</string>
	<string id="escape_trader_jobs_611111">
		<text>我了解。\n</text>
	</string>
	<string id="escape_trader_jobs_6111111">
		<text>一旦你拿到了公事包，别带来这里。\n直接将它交给酒保，他经营着一个潜行者酒吧，店名是100辐射。\n我会把座标跟所有资料都传到你的PDA去，清楚了吗？</text>
	</string>
	<string id="escape_trader_jobs_61111111">
		<text>收到。\n</text>
	</string>
	<string id="escape_trader_jobs_611111111">
		<text>你必须穿过废弃区通往北方。\n在经过几公里后，你会停在农会研究中心前面。\n小心点，在废弃区的辐射可是很高的。\n所以我建议你去弄一些抗辐射剂或是伏特加。\n好吧，祝好运。\n</text>
	</string>
	<string id="escape_trader_start_dialog_111">
		<text>有件工作给你，史特列洛克…我要你去找一个叫做明眼的潜行者，他带着很重要的讯息。\n他在桥的附近失踪了。\n找到他，不管生或死--我不在乎。\n我需要装着讯息的随身碟。\n在本地营地里跟沃夫会面，问问他，他知道那家伙会在什么地方。\n</text>
	</string>
	<string id="escape_trader_start_dialog_1111">
		<text>就是它吗？</text>
	</string>
	<string id="escape_trader_start_dialog_171">
		<text>嘿，史特列洛克，怎么了？</text>
	</string>
	<string id="escape_trader_start_dialog_181">
		<text>史特列洛克，你在这作什么？我叫你去找明眼的！</text>
	</string>
	<string id="escape_trader_start_dialog_191">
		<text>那么，你去过X18实验室了吗？拿到文件没？</text>
	</string>
	<string id="escape_trader_start_dialog_1911">
		<text>耶，在这里。\n</text>
	</string>
	<string id="escape_trader_start_dialog_19111">
		<text>好吧，好吧…我知道了..现在有趣了，非常有趣！如果我跟别人说他们一定不会相信我的！嗯…耶…喔！你可不可以看看那个！我没办法解释…它很糟，嗯…好吧，把它们带走然后交给酒保。\n喔，还有我会记得你的帮助的。\n</text>
	</string>
	<string id="escape_trader_start_dialog_199">
		<text>等等，这里，把手枪和子弹拿去。\n你没有武器在变异区里撑不过两秒钟的！此外，当你被带到这里时，你身上有一把刀。\n当你的脑袋还不大清醒时我把它拿走了。\n你现在看起来很好，所以拿回去吧。\n</text>
	</string>
	<string id="escape_trader_start_dialog_1999">
		<text>谢谢你。\n</text>
	</string>
	<string id="escape_trader_start_dialog_200">
		<text>那么史特列洛克，你的异种生意有任何进展吗？</text>
	</string>
	<string id="escape_trader_start_dialog_3">
		<text>你的选择。\n要不是我像对菜鸟一样的把你给洗脑，要不就是我对待你像个真正的潜行者立刻就把任务给你。\n</text>
	</string>
	<string id="escape_trader_start_dialog_300">
		<text>嘿。\n史特列洛克！来得刚好，我有一件小工作要交给你。\n</text>
	</string>
	<string id="escape_trader_start_dialog_31">
		<text>对我像个菜鸟吧，我什么都不记得了。\n</text>
	</string>
	<string id="escape_trader_start_dialog_32">
		<text>把任务交给我？</text>
</string>
<string id="escape_trader_start_dialog_321">
    <text>史特列洛克，我的人干完了差事正在归来，他们中有一个叫明眼的人，有一些信息要给我。\n但他在桥这边的某个地方失踪了。\n我不知道该想什么办法。\n我希望你能找到他，不论死活。\n明眼是沃夫的人之一。\n去问问他，没准他知道一些事情。\n他那有武器和弹药。\n他能够帮助你。\n</text>
</string>
<string id="escape_trader_start_dialog_3211">
	<text>继续。\n</text>
	</string>
	<string id="escape_trader_start_dialog_32111">
		<text>就这样。\n把随身碟交给我，我们会考虑这是不是可以当作我们救你的部分报酬。\n</text>
	</string>
	<string id="escape_trader_start_dialog_321111">
		<text>好的，我会试试看。\n</text>
</string>
<string id="escape_trader_start_dialog_33">
    <text>如果你想赚更多的钱，我可以告诉你如何做到这一点。\n</text>
</string>
<string id="escape_trader_start_dialog_331">
    <text>怎么样？</text>
</string>
<string id="escape_trader_start_dialog_3311">
    <text>你能给我一些帮助与神器。\n我会比其他人出价高。\n</text>
</string>
<string id="escape_trader_start_dialog_33111">
    <text>我要在哪里寻找这个神器？</text>
</string>
<string id="escape_trader_start_dialog_33112">
    <text>我也懒得去寻找一个神器。\n</text>
</string>
<string id="escape_trader_start_dialog_331111">
    <text>据说最近有个地方，那儿有一个叫夜星的神器，属于非常珍稀的那种。\n如果你能带给我，我会出个合适的价格的。\n</text>
</string>
<string id="escape_trader_start_dialog_3311111">
    <text>如果我找到了，我会尽量不会忘记要带给你的。\n</text>
</string>
<string id="escape_trader_start_dialog_34">
    <text>关于那个我让你找的神器，你找的怎么样了?</text>
</string>
<string id="escape_trader_start_dialog_341">
    <text>在这里，这东西真有意思。\n</text>
</string>
<string id="escape_trader_start_dialog_342">
    <text>什么?神器?噢，我还没找到呢!</text>
</string>
<string id="escape_trader_start_dialog_3411">
    <text>太棒了，这是你的酬劳。\n</text>
</string>
<string id="escape_trader_start_dialog_34111">
    <text>谢谢。\n</text>
</string>
<string id="escape_trader_start_dialog_4">
    <text>嘿，史特列洛克，很高兴见到你还活着。\n</text>
</string>
<string id="escape_trader_start_dialog_5">
    <text>你好，史特列洛克！你干得如何了？</text>
</string>
<string id="escape_trader_start_dialog_51">
    <text>任务完成，神器在这里。\n</text>
</string>
<string id="escape_trader_start_dialog_511">
		<text>很好，史特列洛克。\n再帮一次忙我们就扯平了。\n</text>
	</string>
	<string id="escape_trader_start_dialog_5111">
		<text>什么忙？</text>
	</string>
	<string id="escape_trader_start_dialog_52">
		<text>情势越来越明朗了。\n</text>
	</string>
	<string id="escape_trader_start_dialog_52111">
		<text>装着讯息的随身碟在哪里？</text>
	</string>
	<string id="escape_trader_start_dialog_521111">
		<text>这里。\n</text>
	</string>
	<string id="escape_trader_start_dialog_5211111">
		<text>太好了。\n</text>
	</string>
	<string id="escape_trader_start_dialog_521112">
		<text>我没拿到。\n</text>
	</string>
	<string id="escape_trader_start_dialog_5211121">
		<text>那真可惜，史特列洛克，非常的可惜。\n我们不能谈生意，直到你把它带回来给我…</text>
	</string>
	<string id="escape_trader_start_dialog_521211">
		<text>这里，拿去吧。\n</text>
	</string>
	<string id="escape_trader_start_dialog_5212111">
		<text>很好…我们会考虑让你通过测试。\n我现在建议你别去新兵营了。\n</text>
	</string>
	<string id="escape_trader_start_dialog_56">
		<text>还没有。\n</text>
	</string>
	<string id="escape_trader_start_dialog_571">
		<text>那么，你把神器带回来的吗？</text>
	</string>
	<string id="escape_trader_start_dialog_5711">
		<text>还没。\n</text>
	</string>
	<string id="escape_trader_start_dialog_57111">
		<text>好吧，除非你把它带回来，不然我们没什么好谈的，懂吗？</text>
	</string>
	<string id="escape_trader_start_dialog_6">
		<text>史特列洛克，我已经把所有的事都跟你说了。\n里开这里！</text>
	</string>
	<string id="escape_trader_start_dialog_661">
		<text>那么史特列洛克，有什么消息吗？</text>
	</string>
	<string id="escape_trader_talk_info_0">
		<text>我需要一些问题的答案。\n</text>
	</string>
	<string id="escape_trader_talk_info_1">
		<text>你问吧，但是我不知道所有的事情。\n当生活在外面继续时我整天坐在这里，在变异区中。\n我可以告诉你关于变异区一般的事情，跟一些附近我自己去过的地方的事。\n</text>
	</string>
	<string id="escape_trader_talk_info_100">
		<text>告诉我关于变异区的一般事情。\n</text>
	</string>
	<string id="escape_trader_talk_info_101">
		<text>问吧。\n</text>
	</string>
	<string id="escape_trader_talk_info_2">
		<text>军队在变异区里作什么？</text>
	</string>
	<string id="escape_trader_talk_info_21">
		<text>他们守卫和保护，还能有什么？没人知道他们要手卫变异区的什么东西，还是要保护世界免受变异区的伤害。\n有时他们派了整个探险队来寻找某些事物…但我告诉你一些事情：他们并不尊重变异区，而变异区也不喜欢他们，因此他们回去时总是裹着尸袋。\n还有什么？好吧，他们看着每个人就像在扮演着神还是什么的。\n他们不尊重潜行者的规矩，而且就算你死在他们的眼前他们也不会帮你。\n他们会很高兴的开枪射你，而不会因此受到谴责…我跟他们几个人接触过…你知道的，人们总是需要伏特加和…嗯，杂志，对吧？别惹他们--他们会把你整得什么都不是。\n</text>
	</string>
	<string id="escape_trader_talk_info_3">
		<text>告诉我关于变异区的事情。\n</text>
	</string>
	<string id="escape_trader_talk_info_31">
		<text>变异区…你知道的。\n它不只是中心有核电厂、直径大约几公里的一个圆形区域而已。\n它是超乎正常的东西，非常的异常。\n我打赌所有的人都会直接你这样的答案。\n我觉得变异区甚至不是这个世界的一部份--怪异又危险…但也迷人。\n你知道为什么吗？因为带着点运气任何人都可以在这里致富。\n你越接近变异区中心，你就可以赚到越多的钱。\n</text>
	</string>
	<string id="escape_trader_talk_info_311">
		<text>为什么这个"不同的世界"会这么危险？</text>
	</string>
	<string id="escape_trader_talk_info_3111">
		<text>嗯…我不知道很多。\n在这里你可能马上就死掉，还不知道是什么东西打倒了你。\n笨蛋军人的子弹是你最小的问题，他们在这射设置了一堆军事基地。\n被枪击中是变异区最轻松的死法。\n变异点--对你来说那才算个东西…死在变异点中的确是一件恐怖的事情。\n连异种生物都会是着避开它们。\n对了，异种生物，这些"变异区之子"，是另一种麻烦，所以不要空着手就四处乱跑。\n还有，要学习到其他的危险，就去问问别的潜行者。\n</text>
	</string>
	<string id="escape_trader_talk_info_312">
		<text>一个人在这里要怎样发财？</text>
	</string>
	<string id="escape_trader_talk_info_3121">
		<text>唉呀，朋友，你在想什么？你不记得了吗？！神器--这里最重要的东西。\n所有来自变异区的奇怪玩具，在大陆是可以赚一上大笔钱的。\n神器比黄金、钻石或是纯钸还值钱。\n为什么？因为没有任何宝石可以像神器一样给你超自然的力量。\n想想看：你只要挂上一个小玩意儿在你的腰带上，就可以让子弹避过你的身体而不会击中你！还有什么？好吧，即使在这里你也可以发现一些小东西。\n但如果你想找到更有价值的东西，那你就得进入靠近中央的地区。\n</text>
	</string>
	<string id="escape_trader_talk_info_313">
		<text>有人知道变异区中央发生了什么事吗？</text>
	</string>
	<string id="escape_trader_talk_info_3131">
		<text>每次你听到它都会是不同的传说。\n这可是一串的神话故事…我可是不相信这些无聊的空想故事。\n但我相信的是在变异区的中央有一堆很有价值的神器。\n只是我还没见过有任何人去那里可以活着回来的。\n</text>
	</string>
	<string id="escape_trader_talk_info_4">
		<text>你知道我发生了什么事情吗？</text>
	</string>
	<string id="escape_trader_talk_info_41">
		<text>这算什么问题？你知道的，那是一些见不得光的勾当…他们在"死亡卡车"里发现你，那是…是某种尸体的运送工具，是吧？这些车子有时会从变异区的中央来到这里，载满着尸体。\n没有人真正清楚他们要去哪里。\n所以，其中一辆不知撞到了什么，然后你就在附近被发现了。\n这真是最神奇的事情。\n我们以前曾经发现过损毁的尸体运输车，但从来就没有人是活着的。\n我很抱歉，兄弟，我能帮你的只有这样了，其它的你必须自己去弄清楚。\n</text>
	</string>
	<string id="escape_trader_talk_info_5">
		<text>谁是史特列洛克？</text>
</string>
<string id="escape_trader_talk_info_51">
		<text>耶，我有听过一个用那个名字的潜行者。\n谣传说他他是少数几个进入变异区中央而活着回来的人。\n我们一直有这些传奇英雄的故事在流传着，但我不能保证任何的事情。\n至少，我个人从未和他接触过--看来他有自己的交易管道。\n不管怎样，问问在变异区的人，你会知道更多的。\n</text>
	</string>
	<string id="escape_trader_talk_info_6">
		<text>谁是鬼魂潜行者？</text>
	</string>
	<string id="escape_trader_talk_info_61">
		<text>嘿，那又是另一个当地的传说了。\n我们有很久没听到他的事情了，我猜他可能死在变异区深处的某个地方了。\n</text>
	</string>
	<string id="escape_trader_talk_info_99">
		<text>在这附近发生了什么事？</text>
	</string>
	<string id="escape_trader_talk_info_999">
		<text>呼！这里是通往变异区的入口，某种的前厅。\n我们有只军队把这里封锁着。\n除了有时会有几个士兵会找些乐子狂奔热舞外外，这里很安静。\n有经验的潜行者很少会过来这里，会来的大部分都是些菜鸟。\n有些移民者会在这边找东西，耶…这边有条小路可以通往有个驻扎在农场的新兵营。\n小心点，当压力来临时他们可是不会害怕扣下扳机的。\n还有什么？你在这找不到什么多大的利益的，这点很肯定。\n在路上有个废弃的工厂，往北边，在铁路路堤后方有个农场废墟，这里往南有一个军方的前哨站。\n小心点：军方在地面上留下了些地雷。\n还有在中央应该有座桥梁，但不晓得怎样的它倒下了了。\n就这样啦，真的。\n</text>
	</string>
	<string id="escape_trader_talk_info_9991">
		<text>告诉我更多关于军方前哨站的事情。\n</text>
	</string>
	<string id="escape_trader_talk_info_99911">
		<text>有几个士兵被命令不管看到了什么就开枪射击，所以你最好从旁边走，别把你的屁股露出来。\n如果你把他们惹毛了，他们可使会召唤更远地方的特殊部队，这些家伙爆发起来我没有任何客户可以跟他们周旋超过一个月的…我知道一些关于指挥官的事：他很喜欢跟人喝上一杯，谢谢他因为这样我才能在这里生存。\n</text>
	</string>
	<string id="escape_trader_talk_info_9992">
		<text>我想知道更多关于塌桥的讯息。\n</text>
	</string>
	<string id="escape_trader_talk_info_99922">
		<text>从这里到北方不过几分钟的路程--你很快就会看到的。\n那里本来在路上有座桥梁，但是在一次爆炸后桥塌了。\n军方的家伙在那边社了一个检查点，而且不让任何人通过那里…但如果你贿赂对人，你就可以平安的通过。\n一般来说，你不会想出现在那边，除非你有重要的事一定要去做，不然你在那边会可是会受到重伤的。\n</text>
	</string>
	<string id="escape_trader_talk_info_9993">
		<text>还有更多关于工厂的讯息吗？</text>
	</string>
	<string id="escape_trader_talk_info_99933">
		<text>越过道路你会看到一座砖墙建筑--那就是它。\n所有能偷的都被偷光了，就只剩下这一个盒子。\n这里是强盗最爱的地方，我不知道他们现在是不是在那边，但是要小心一点。\n你身上是没什么值钱的东西可以被抢的，不过你真的要穿过那边吗？</text>
	</string>
	<string id="escape_trader_talk_info_9994">
		<text>告诉我关于农场的事。\n</text>
	</string>
	<string id="escape_trader_talk_info_99944">
		<text>你越来越无聊了，你知道吗？它跟其它的农场没什么两样的。\n这地方在民主破坏之前一直都是很兴旺的。\n</text>
	</string>
	<string id="escape_trader_talk_info_9995">
		<text>谢了，就这样。\n</text>
	</string>
	<string id="escape_trader_talk_info_9996">
		<text>我想知道更多。\n</text>
	</string>
	<string id="escape_trader_talk_level_0">
		<text>告诉我关于这个地方的事情。\n</text>
	</string>
	<string id="escape_trader_talk_level_1">
		<text>呼！这里是通往变异区的入口，某种的前厅。\n我们有只军队把这里封锁着。\n除了有时会有几个士兵会找些乐子狂奔热舞外外，这里很安静。\n有经验的潜行者很少会过来这里，会来的大部分都是些菜鸟。\n有些移民者会在这边找东西，耶…这边有条小路可以通往有个驻扎在农场的新兵营。\n小心点，当压力来临时他们可是不会害怕扣下扳机的。\n还有什么？你在这找不到什么多大的利益的，这点很肯定。\n在路上有个废弃的工厂，往北边，在铁路路堤后方有个农场废墟，这里往南有一个军方的前哨站。\n小心点：军方在地面上留下了些地雷。\n还有在中央应该有座桥梁，但不晓得怎样的它倒下了了。\n就这样啦，真的。\n</text>
	</string>
	<string id="escape_trader_talk_level_10">
		<text>好的，谢谢。\n</text>
	</string>
	<string id="escape_trader_talk_level_2">
		<text>告诉我更多关于军方前哨站的事情。\n</text>
	</string>
	<string id="escape_trader_talk_level_21">
		<text>有几个士兵被命令不管看到了什么就开枪射击，所以你最好从旁边走，别把你的屁股露出来。\n如果你把他们惹毛了，他们可使会召唤更远地方的特殊部队，这些家伙爆发起来我没有任何客户可以跟他们周旋超过一个月的…我知道一些关于指挥官的事：他很喜欢跟人喝上一杯，谢谢他因为这样我才能在这里生存。\n</text>
	</string>
	<string id="escape_trader_talk_level_3">
		<text>我想知道更多关于塌桥的讯息。\n</text>
	</string>
	<string id="escape_trader_talk_level_31">
		<text>从这里到北方不过几分钟的路程--你很快就会看到的。\n那里本来在路上有座桥梁，但是在一次爆炸后桥塌了。\n军方的家伙在那边社了一个检查点，而且不让任何人通过那里…但如果你贿赂对人，你就可以平安的通过。\n一般来说，你不会想出现在那边，除非你有重要的事一定要去做，不然你在那边会可是会受到重伤的。\n</text>
	</string>
	<string id="escape_trader_talk_level_4">
		<text>有关于工厂的讯息吗？</text>
	</string>
	<string id="escape_trader_talk_level_41">
		<text>穿过道路你会见到一座砖造建筑--就是它。\n所有能偷的东西都被偷光了，只剩下这个盒子留着。\n这是强盗最爱的地方，我不知道他们现在在不在这边，反正小心一点就是了。\n你身上没啥值钱的东西，但你真的要穿过那边吗？</text>
	</string>
	<string id="escape_trader_talk_level_5">
		<text>跟我说关于农场的事情。\n</text>
	</string>
	<string id="escape_trader_talk_level_51">
		<text>你变得无聊了，你知道吗？那不过是座平常的农场。\n在民主崩坏之前那地方可是很繁荣的。\n</text>
	</string>
	<string id="tutorial_wounded_give_medkit_1">
		<text>我没事…随然到处都在流血。\n给我医药箱，好吗？</text>
	</string>
	<string id="tutorial_wounded_give_medkit_121">
		<text>谢了，兄弟！</text>
	</string>
	<string id="tutorial_wounded_give_medkit_2">
		<text>你在这边。\n</text>
	</string>
	<string id="tutorial_wounded_give_medkit_21">
		<text>谢了，朋友。\n再晚一点我就…我欠你一条命。\n</text>
	</string>
	<string id="tutorial_wounded_give_medkit_211">
		<text>到底发生了什么事？</text>
	</string>
	<string id="tutorial_wounded_give_medkit_2111">
		<text>我们从巡逻区回来…遇上了一些歹徒。\n我们的一个人在那边被杀害了，明眼因为编了个一堆神器的故事，让他们抓住。\n我则是装死保住了小命。\n</text>
	</string>
	<string id="tutorial_wounded_give_medkit_21111">
		<text>我必须见到明眼…我要去追他。\n要跟我一起吗？</text>
	</string>
	<string id="tutorial_wounded_give_medkit_211111">
		<text>喔，兄弟…现在我就像双老袜子般，是个好战士。\n我该回复些体力然后回到营地。\n我会让大家知道你帮了我这么多！再次的感谢。\n</text>
</string>
<string id="tutorial_wounded_give_medkit_2111111">
<text>好的，你去做吧。\n祝好运。\n</text>
	</string>
	<string id="tutorial_wounded_give_medkit_3">
		<text>抱歉，朋友，我没有医药箱。\n</text>
	</string>
	<string id="tutorial_wounded_give_medkit_31">
		<text>搜寻尸体….我们的人一定有一些….一定在某个地方。\n</text>
	</string>
	<string id="tutorial_wounded_give_medkit_5111">
		<text>不太好，但我还活着。\n该死，为什么我没存够钱买件防弹背心，居然带个笨蛋不穿防弹背心的深入到变异区里。\n</text>
	</string>
	<string id="tutorial_wounded_give_medkit_6">
		<text>喔，该死，真痛…我要死了…</text>
	</string>
	<string id="tutorial_wounded_give_medkit_61">
		<text>你还活着？</text>
	</string>
	<string id="tutorial_wounded_give_medkit_7">
		<text>喔…</text>
	</string>
	<string id="tutorial_wounded_give_medkit_8">
		<text>你还好吗？</text>
</string>
<string id="escape_tutorial_wounded_story_0">
    <text>你在害怕什么？</text>
</string>
<string id="escape_tutorial_wounded_story_1">
    <text>我始终无法忘记最近发生的事。\n听我说。\n有一次我正在去废弃区的路上，天已经黑了。\n说实话，当时我真的喝高了。\n就觉得不能再走了，如果大半夜还在异常区里瞎逛，可能会误入变异点或者被嗜血的野狗闻到。\n我想得找个安全的地方过夜。\n我看到了一些破旧的废弃房屋, 四周静寂无声...于是我划亮一根火柴走了进去。\n我看到了一个梯子，当下决定爬了上去。\n我清楚记得屋顶有个破洞，透过破洞可以看到满月和夜空。\n屋子里乱糟糟地，到处是破烂、垃圾和破旧衣服。\n却似乎挺安全，于是我在破屋顶的下面坐了下来，月光静静地倾泻在我的身上，使我恢复了平静。\n没多久我就睡着了。\n不过我的睡眠很浅。\n突然我惊醒了，屋里仍旧一片漆黑，只有月光透过破屋顶照在地板上的，我感觉有些不对劲，忽然我听到轻轻的低吼声...我慢慢地朝我手臂方向看去，我看到屋子的另一头居然ＴＭＤ睡着一只吸血怪。\n它背对着我。\n我的心跳聚然加快，不知道该怎么办才好。\n它应该听到了楼梯的嘎吱声，于是醒了过来。\n我慢慢地躺下，一动也不敢动。\n</text>
</string>
<string id="escape_tutorial_wounded_story_2">
    <text>那么，接下来又发生了些什么？</text>
</string>
<string id="escape_tutorial_wounded_story_3">
    <text>我躺了一小会儿努力让自己镇静下来，理顺一下思路。\n但有一只吸血怪躺在身边想保持蛋定基本上就是不可能的。\n我只是奇怪它为什么还不攻击我，难道它没看到我？鬼才晓得。\n我得先离开屋子先，我的背包里有把枪，但我得先爬过去才能拿到它，老实说，我可不想吵醒它。\n我放松了一下试着鼓足勇气，没有退路了，必须有所行动才行，我慢慢地爬起身，拎过背包，但我却踩到一块松动的楼板。\n吸血怪猛地蹦了起来，我确信它已经醒了，只见它迅速平缓呼吸，凝神静听，它显然知道在这里不止只有它一个。\n当下我迅速伸手入袋掏枪。\n吸血怪显然是听到了动静一跃而起，于此同时我掏出了手枪对着它当胸就是一枪，当时我只想知道有没有干掉它。\n很快，我就知道答案了，吸血怪从阴影中纵身向我扑来。\n当时我还没反应过来，它那颗丑陋的头却卡在我的背包带里了。\n我当即甩掉背包，朝它的腿上来了一枪，同时从屋顶的破洞里爬了上去。\n它想追我但头却还在背包带里，当时它的样子很是滑稽，头被卡得死死的，一边低吼着，一边挥舞着上肢想挣脱出来。\n我的背包里还装着很多好玩意呢。\n</text>
</string>
<string id="escape_tutorial_wounded_story_4">
    <text>你能逃出那里可真幸运。\n</text>
</string>
<string id="escape_tutorial_wounded_story_5">
    <text>我想也是，但是糟糕的是我丢了我的帆布背包。\n</text>
</string>
<string id="escape_shustryi_story_0">
    <text>你要怎么做？</text>
</string>
<string id="escape_shustryi_story_1">
    <text>我会搞定的，只要是在变异区前些日子。\n我听到个故事是关于森林中的Psy发射站的，据说在里面生活着一只变异区内最强大却又性情温驯的脑波怪。\n它从来不会主动伤害任何人除非受到威胁，即使有人碰巧从那经过，它通常也会先躲起来，所以也没人朝它开枪，人们说它是以吃变异野狗为生。\n后来吧，据说军方扫荡了那片区域，想通过杀死幼犬和任何看到的活物解决森林里的犬患问题，按他们的说法，那里的野狗实在是太多了。\n清剿行动结束后，据说还有一只瞎眼的幼犬幸存了，或许可能还有更多吧。\n那只脑波怪在森林里发现了这条畸形幼犬。\n脑波怪很同情它，从那时开始，小狗就跟那只脑波怪生活在一起了。\n它抱着小狗，一起分享食物，成了小狗的保护者。\n你想不到吧？一只性情温顺且喜欢小动物的脑波怪？</text>
</string>
<string id="escape_shustryi_story_2">
    <text>呃，然后发生了什么？</text>
</string>
<string id="escape_shustryi_story_3">
    <text>它们俩成为了好朋友，成天形影不离！不管脑波怪去哪里，那只狗都小跑着跟在身边，它们在森林时游荡冒险，无论是脑波怪或是狗狗都没有主动袭击过人，当然也没有人打扰它们。\n可是后来，一些在森林里巡逻的佣兵看到那只脑波怪靠在一颗树上休息，于是他们朝它开了火。\n据说当时那只脑波怪竭力阻挡佣兵，为得只是尽可能为它忠实的狗狗朋友争取更多的时间逃到安全的地方，但佣兵中也有些是神枪手，于是它身中多枪。\n重重地摔倒在地，然后，不再动弹。\n</text>
</string>
<string id="escape_shustryi_story_4">
    <text>多么伤感啊，然后发生了什么？</text>
</string>
<string id="escape_shustryi_story_5">
    <text>那只脑波怪倒在地上，血浸透了身下的土壤，没多久，就死了。\n在四周恢复平静后，那只狗狗寻着原路回来找它的好友，但它的朋友已经倒在地上死了，狗狗迟迟不肯离去，在它朋友的身旁哀号着，即使雨声也无法掩盖住它杜鹃泣血般的悲号。\n日复一日地，那只狗狗不停哀号着，直到力竭而亡。\n后来，有人进入森林冒险，据说发现了脑波怪和狗狗的枯骨，它们相偎着死在了一起，永不分离。\n</text>
</string>
<string id="escape_shustryi_story_6">
    <text>那太可怜了，我们觉得特异区把这些生物变得凶猛无情，不过也许所有生物只是想生存下去而已......</text>
</string>
<string id="escape_fox_story_0">
    <text>嘿，狐狸，说个故事呗。\n</text>
</string>
<string id="escape_fox_story_1">
    <text>好吧，我有过那么一回冒险经历...那次大概是晚饭前，我正要通过军方的岗哨。\n你知道的，那时他们有多无耻吧，想通行就得贿赂一笔钱。\n当时我身上刚好有些钱又不想跟他们发生冲突，所以我交了钱。\n那时我已经饿得不行，实在撑不到新手村了，于是我在一颗大树下坐了下来，然后从背包里取食物。\n当然伏特加也是必须的。\n把这些吃喝摆在一张报纸上，四下里看了看，鸟儿在飞翔，阳光很明媚。\n我刚打开一听肉罐头，就注意到大约三百公尺左右有一群人。\n我赶紧放下罐头抓过猎枪，决定摸过去看看。\n似乎他们正打算从废弃区那边过来。\n这样的话他们只能在铁丝网上找个破洞了。\n我掏出望远镜，看看是不是自己人。\n结果不是，却是天杀的土匪强盗！紧接着我意识到：“他们是冲着村庄去的！那将会是场血腥屠杀！”天色渐暗...我意识到他们是想搞偷袭啊。\n而当时我仅有一把猎枪。\n我也没办法在他们之前赶到村子，因为他们已经走远了。\n于是我就告诉自己“至少我将像一名真正的潜行者那样慷慨赴死”。\n</text>
</string>
<string id="escape_fox_story_2">
    <text>然后呢？</text>
</string>
<string id="escape_fox_story_3">
    <text>这时我想起背包里还有一枚手榴弹！我拿出手榴弹，意识到就靠这一击了，要么就是他们死，要么就是我死。\n这种形势真让人讨厌。\n但是如果我什么都不做的话，形势会变得更加严峻。\n于是我握起手榴弹，把背包甩在草丛里然后尾随在那伙强盗身后。\n他们背对着我，而且我当时穿的是软底运动鞋，所以他们丝毫没有察觉。\n通过树林和灌木丛的掩护，我接近到了离他们十米左右。\n已经能听到他们说话的声音了。\n他们显然菜得很，行进时还聚成一堆。\n我想, '你们真是找死啊，靠得这么拢'。\n于是我把手雷准确地扔到了人群正中间！难以至信，这一下就干掉了五个，只剩下两个没死。\n其中一个举起猎枪朝我射击，但却失了准头，打中了他的朋友。\n我当然不会放过他了。\n当他重新装弹时，被我用匕首干掉了。\n虽然我不是印第安人, 但我能在两米外扔匕首...你不信？是吗？要是你想亲眼看看，就跟我来吧。\n如果我能扔中那颗树，你就输给我一瓶伏特加。\n所以啊，战术可是门大学问。\n试想一下，要是当时我只用一把猎枪单挑的话会是什么结果吧。\n</text>
</string>
<string id="escape_fox_story_4">
    <text>是啊，手榴弹有时候可真挺管用的。\n</text>
</string>
<string id="escape_lager_volk_story_0">
    <text>封锁线好无聊，有什么新鲜事吗？</text>
</string>
<string id="escape_lager_volk_story_1">
    <text>我可以讲几个故事...有次我到西德洛维奇那，他跟我说有些外国观光客想去变异区看看，拍拍照什么的...他让我给他安排一下变异区观光路线，整点变异点看看，你知道的，就是那种玩意。\n当时我真的缺钱啊，我的卡拉什尼科夫突击步枪弹药已经用光了，猎枪也快坏了，仅有一把装着空包弹的手枪...所以，我同意帮他搞这么一次观光旅行。\n当然，也不会走太远，就在村子附近溜跶一下了，结果，来了个戴着墨镜，挂个照相机，说英语，笑起来一副欠揍相的家伙。\n该死的旅行开始了。\n我示意他跟上。\n我们并没有走多远，因为我们的人只是扫荡过工厂前面的那片区域。\n</text>
</string>
<string id="escape_lager_volk_story_2">
    <text>是啊，然后发生了什么呢？</text>
</string>
<string id="escape_lager_volk_story_3">
    <text>我们到了小机库那里，你知道那地方吧，就是费蝶雅-施工人[Fedya Constructor]挂掉的地方？“保持安静”，我对那家伙说道，“我们要靠近僵尸群了”。\n受到当时氛围的影响，他双目圆瞪着，接着又从背包里掏出把血腥马格南左轮。\n“肏你妈！”我暗骂。\n“不，把枪放下”，我跟他说，接着我示意他跟着我。\n那里很黑，伸手不见五指的黑。\n隐约可闻的水滴声，风吹过窗户发出各种怪异声响，哥一点也不怕，无畏得很，至于原因嘛接着听你就会明白了。\n那个游客却抖得跟筛糠似的，都快被吓晕了。\n突然，一只穿着迷彩服的僵尸从暗处走出来，然后朝我们走了过来。\n还没等我跟他说跑，那个老外就夺路而逃了。\n我和“僵尸”再也忍不住大笑了起来！佩特维奇[Petrovich],那个所谓的 "僵尸", 真的把那客户吓出了屎...你可能会觉得有点过头, 原本'为了更逼真些，我原计划是要用空包弹射他的。\n”似乎那个观光客之前也听说过僵尸的事，但一听到吼叫声又看到有东西朝着我们走过来，那观光客还是跑得几乎飞起来！就这样，我们那时搞到了很多钱。\n</text>
</string>
<string id="escape_lager_volk_story_4">
    <text>啊，这真有趣！</text>
</string>
<string id="escape_lager_fanat_story_0">
    <text>嘿，近来发生过任何有趣的事情吗？</text>
</string>
<string id="escape_lager_fanat_story_1">
    <text>那你听听这个，当时我正路过垃圾区，那儿非常安静，但后来我发现地上有一个凹痕？，就像一个秃了一块的蚊子。\n于是我扔了一颗螺钉在那儿，然后我真的吓坏了。\n螺钉毫无预兆的穿过了那儿。\n我以为那是我的脑子捉弄了我，我想我可能喝的有点多了。\n</text>
</string>
<string id="escape_lager_fanat_story_2">
    <text>啊，你一定是喝多了。\n</text>
</string>
<string id="escape_lager_fanat_story_3">
    <text>不，你在说什么啊？看起来确实一模一样，你应该知道我在说什么，看上去确实就像一个秃头的蚊子！那地面就像个打火机，在那上面有一些咯吱声而且有一些石块被推进去。\n风也正朝着那吹。\n</text>
</string>
<string id="escape_lager_fanat_story_4">
    <text>好吧，也许这可能是...</text>
</string>
<string id="escape_lager_fanat_story_5">
    <text>所以，我坐了下来然后从地上捡起了一颗小石头，然后把它直直的丢入了光秃的地面。\n</text>
</string>
<string id="escape_lager_fanat_story_6">
    <text>然后它被碾成了粉末？</text>
</string>
<string id="escape_lager_fanat_story_7">
    <text>这是我所希望看到的。\n但是没有发生这种情况，石头刚好直直的掉到地上，那儿好像没有出现什么异常。\n刚落下去就是这样。\n这把我弄糊涂了，我开始有点焦急了。\n螺栓和石头本来应该被破坏了，所以我估计这是一个特殊情况！不管怎样，我就静静地蹲在凹陷附近，朝那一直扔石头，看看可能会发生什么。\n</text>
</string>
<string id="escape_lager_fanat_story_8">
    <text>来吧，上车。\n</text>
</string>
<string id="escape_lager_fanat_story_9">
    <text>呃，我坐在了它的右边。\n我吃力的拿起石头拖着沉重的步伐简直要死的感觉……我把那块石头扔在了光秃地面的中心区。\n我当时想着就是尽快从那个地方逃出来！当然我没逃。\n我必须要知道到底发生了什么。\n</text>
</string>
<string id="escape_lager_fanat_story_10">
    <text>严肃点儿，如果你走近些你就不会站在这里一动不动了。\n</text>
</string>
<string id="escape_lager_fanat_story_11">
    <text>但是我就这样。\n不管怎么说，在秃头蚊子区块我把武器放在了我的膝盖上然后伸手去拿那块石头。\n所以我拿到了它。\n那和普通的石头看起来没什么两样。\n</text>
</string>
<string id="escape_lager_fanat_story_12">
    <text>我简直不敢相信。\n告诉我到底发生了什么。\n</text>
</string>
<string id="escape_lager_fanat_story_13">
    <text>呃，让我惊讶的是，我被秃子抛出了5公尺远。\n我觉得我们不应该去碰那些石头。\n糟糕的事情发生了，秃子开始发生特异点的特效了。\n当我飞在空中时我看到那些石头都碎成了渣。\n当我掉到地面时，我失去了知觉。\n</text>
</string>
<string id="escape_lager_fanat_story_14">
    <text>不行！你喝太多了。\n</text>
</string>
<string id="escape_lager_fanat_story_15">
    <text>不，我要告诉你！看着这的那些石头，这里的！</text>
</string>
<string id="escape_lager_fanat_story_16">
    <text>这边有点奇怪啊，简直难以置信……但是我告诉你，你的好奇心早晚有一天会要了你的命。\n</text>
</string>
<string id="escape_lager_fanat_story2_0">
    <text>你觉得那个地方怎么样？</text>
</string>
<string id="escape_lager_fanat_story2_1">
    <text>我有一个推论...或者不能称之为推论，确切说是想法...如果变异区内里所有的一切，只不过是某种钟对人类的超自然实验呢？变异区可能是某些从UFO上下来的家伙创造的...怎么？这个推论也不见得比其它的离谱多少吧。\n有意思的是：如果这是某种类型的实验，那么测试的目的是什么呢？难道是为了测试我们更喜欢哪种神器？或许所有的神器都是炸弹，或是外星人的卵蛋。\n然后，通过我们扩散到世界各地，所有的实难室，收藏它们的富人...你可以想像一下...我爱死了这个想法!“嘿，我刚搞到一个神奇的玩意，来自某个叫做“变异区”的地方，当然也花了老子一大笔钱。\n不过有了这个东东会让我们比其他任何人都要酷逼得多!"。\n后有一天就被射了一脸！哈哈...说正经的吧，鬼才晓得它们倒底是什么... 只有那些去过雷达站的人才可能略知一二。\n嗯，也许他们知道些什么，只是口风都很紧，是吧？吐槽一下而已。\n也许这就是为什么…呃，无所谓了...一点都不好玩...</text>
</string>
<string id="escape_lager_fanat_story2_2">
    <text>耶，那真悲伤。\n过来兄弟让我们喝一些伏特加。\n</text>
</string>
<string id="escape_lager_fanat_story2_3">
    <text>那真是好主意，另外，这些奇怪的想法总是进入到我的大脑。\n</text>
</string>
<string id="escape_trader_story_0">
    <text>为什么在特异区没有任何外国人呢？</text>
</string>
<string id="escape_trader_story_1">
    <text>好，我会回答你的疑问。\n首先，为什么他们要亲自到这里来。\n而不是委托我们的科学家们，然后让科学家直接把结果给他们呢？、其次，老实说，这里曾经有很多外国人。\n但在过去的两年里，那些老外们就不敢再来了。\n在这里他们受到过重挫。\n现如今他们唯一还在做的事只是收购材料和信息。\n因为他们的开价相当有吸引力，所为有很多潜行者乐于为他们效力，当然还有那帮该死的强盗。\n对此你真的一无所知吗？</text>
</string>
<string id="escape_trader_story_2">
    <text>怎么回事？</text>
</string>
<string id="escape_trader_story_3">
    <text>你是无所不能的史特列洛克啊！当你刚刚从岩石下爬出来的的时候，其实整个变异区的人都在时刻关注着。\n哦，不好意思，我忘记你失忆了。\n总之这是一盘大棋。\n目前有超过30位科学家，每位科学家都是从世界各地挑选出来的精英中的精英。\n他们的准备工作十分周全：拥有大量的装备，花钱如流水且眼都不眨一下。\n动员了整排的军事安全专家和我们的三个向导，把所有的东西都装进全副武装的BTR装甲车后就出发了。\n一周之后，一辆受损严重的BTR装甲车载着十几个人返回了，当他们出现在红森林的围墙旁时，迎接他们的是迎新晚会般热烈的开火...。\n是啊，强盗可不会对任何经过的人心慈手软...几乎所有人都做了枪下冤魂，仅有三个设法冲过了边界，两个是我们的人，另外一个是一名科学家。\n这可怜的家伙几乎都要挂了，经急救后活了下来。\n他现在正在写一本关于变异区的书。\n我们的人都是好家伙，毕竟经验摆在那儿。\n尽管他们可能也会有伤亡：有一个去了雷达站就再也没有回来，另一个呢，去了基辅。\n其他的人陆续死在了变异区。\n</text>
</string>
<string id="escape_trader_story_4">
    <text>那曾是一些远征军。\n</text>
</string>
<string id="escape_trader_story_5">
    <text>是啊，一次彻底的失败。\n你听说过32号城镇吗？他们就是在那消失的。\n一开始，一切还比较顺利，他们在那搞某些研究，比如检测变异点之类的，然而接下来怪事就发生了，人们开始陆续发疯。\n是我们中的某个已经金盆洗手的伙计告诉我...他们中的有些人用指甲撕开自己的喉咙，有些人把脑袋往墙上撞得脑浆崩裂。\n还有的人方法就更直接了当，朝自己嘴里就是一枪，随后变异怪物的袭击开始了，剩下的那些神智尚清的把自己反锁在了房屋里。\n你能想像当时的场景吗？外面漆黑一片，那些生物把那些神智不清的人一个接一个的吃干抹尽。\n清晨时那些没有发疯的人设法逃离了那里。\n回来的路仍旧坎坷，他们不敢走大路，我猜应该是通过一些变异点吧。\n他们到了黑森林，那些没有逃出来的就此消失得无影无踪。\n据某些人说那个地方的脑波怪数量增多了。\n从那以后，就再也没有人去32号城镇了，如果你会去杨塔，可以问问我们的科学家萨哈罗夫与之相关的事，他是那次探险的当事人。\n</text>
</string>
<string id="escape_fox_story2_0">
    <text>在你身上发生了什么事？我们刚刚杀死的那些东西是什么？</text>
</string>
<string id="escape_fox_story2_1">
    <text>突变盲犬-----那些该死的白皮狗。\n它们很古怪，我朝他们开枪，但他们看上去毫不介意。\n看起来他们并没感到有多痛苦。\n在和我兄弟Serly 交谈后我正从垃圾区那出发，然后从树林那儿开始它们就一直跟着我。\n我正在走着，树林本来就很黑，又由于那些该死的树所以我什么都看不见。\n（就这么）突然地，一个白色的东西从灌木丛里窜了出来，然后在我肚子上咬了一口。\n我甚至没有感觉到疼痛，所以我朝狗射击并且把一半的狗群骗到了秃头蚊变异点，然后在这里边跑边朝更多的狗群射击…然后，我就看到地上有一大滩血。\n我弯腰时我的一部分护甲就从我的伤口处掉了下来，并且血开始朝外喷涌而出。\n它们有副非常好的牙齿。\n这些怪物已经告诉了我，它们不仅会跳到你的身上而且他们的牙齿更尖锐。\n我非常感谢你把我救了出来，我欠你一个人情！</text>
</string>
<string id="escape_fox_story2_2">
    <text>没问题，狐狸。\n我总是很高兴帮助一位战友。\n</text>
</string>
<string id="escape_lager_volk_story2_0">
    <text>在这周围有什么变异怪物？</text>
</string>
<string id="escape_lager_volk_story2_1">
    <text>这大多都只是狗，但那儿附近还有很多野猪，要留心。\n如果你遇到的只有一只，那就不要害怕，当它冲过来时闪到一边，这并不是难事，然后右转身接着向它射击。\n这世界上就又少了一只野猪。\n但是如果那儿有好几只的话这种战术可能就没用啦。\n但是嘿，我可警告你......</text>
</string>
<string id="escape_lager_volk_story2_2">
    <text>谢谢你的忠告。\n</text>
</string>
<string id="escape_shustryi_story2_0">
    <text>你的夹克上有什么东西？</text>
</string>
<string id="escape_shustryi_story2_1">
    <text>你也不知道发生了什么吗?买了这夹克后，我就意识到自己已经身无分文了，于是就决定出去转转搞点钱。\n垃圾区有很多可以赚快钱的地方。\n但是如果没有某些物殊的保护措施的话，死得也快。\n我没有那种防护设备，所以我的赚钱计划最终以失败收场。\n我仅有防护的只是一件普通的夹克，并且上面还到处是洞和火烧过的痕迹。\n作为一个新手能去哪里搞到好装备呢？垃圾区的枪声此起彼伏，不绝于耳。\n正在进行一次激烈的交火。\n潜行者们正在抵挡强盗对营地的入侵。\n我陷入了激烈的思想斗争：是面对辐射还是面对强盗。\n最终我决定两害相权取其轻吧。\n显然，我选全副武装，嗜杀如命，掠夺成性的强盗。\n我还是有机会避开强盗的，但面对辐射我就毫无办法了。\n你应该明白我当时的处境吧！我躲在一颗大树后面，两步之外就是一个值钱的神器，然而只要向前再迈出一步，我敢肯定，下一秒钟我就会粉身碎骨。\n所以，我在大树下坐了下来，侧耳倾听着枪声和其它动静。\n我得盘算一下怎样才能全身而退。\n我的背包干瘪得就像被吸血怪吸过的干尸一样。\n里面只剩半瓶伏特加和两条面包。\n弹药也用光了，我恼怒地把空枪扔进了一个变异点。\n不到一秒就四分五裂了。\n我坐在那里想了很久，差不多超过一个钟头吧。\n反正强盗也看不到我，所以可以安静地坐下思考。\n然后，我取出那半瓶伏特加和面包。\n呡了一小口酒，感到嘴里发苦，所以我又咬了一大口面包。\n就这样面包就酒，我把剩下的伏特加全部干光了。\n突然，我感到一阵头痛，视线也模糊了起来。\n我站起身，像个白痴一样边扭屁股边摆手跑到马路中间。\n</text>
</string>
<string id="escape_shustryi_story2_2">
    <text>操，你是疯了？还是活腻了？</text>
</string>
<string id="escape_shustryi_story2_3">
    <text>很奇怪吧。\n我只是控制不住自己，我突然冲向通往车库的大门，而此时潜行者与强盗正在那激战正酣。\n我边跑边喊，却不记得当时喊了些什么。\n同时我还像个小屁孩那样蹦蹦跳跳。\n五个强盗立马用猎枪指着我。\n我停了下来，也看不清他们的样子，只是傻愣愣的盯着他们，举起了双手。\n被五支枪指住后，我迅速恢复了神智。\n我心中暗骂自己恨不能扇自己几下。\n然后有个家伙在背后给了我一枪托，我摔倒在地上，意识却还是清醒的。\n接着，又一挨了一下。\n当我再次醒来时，惊讶的发现正身处营地附近。\n但那些混蛋拿走了我的夹克，而且头痛欲裂。\n但毕竟我还活着！这还是值得庆幸的。\n起身后我毫不犹豫就往营地走去。\n营地里的人看到我都很震惊，居然能毫发无损地从强盗手里活着出来。\n从那次以后，我不再做远距离和危险的探险，只是在营地附近溜跶，杀杀狗，赚点小钱。\n我跟你说吧，不到万不得已，不要去垃圾区，那地方充满了危险和死亡。\n可惜了我那件夹克，还是很新的啊。\n</text>
</string>
<string id="escape_shustryi_story2_4">
    <text>机灵点吧，学点教训，下回不要喝太多酒了。\n我告诉你，酒总有一天会害死你的，而且下次强盗可能就不会这么心慈手软了。\n</text>
</string>
<string id="escape_shustryi_story2_5">
    <text>来吧..卖了吧...跟老子那已故的娘似地。\n</text>
</string>
</string_table>