﻿<?xml version="1.0" encoding="UTF-8"?>
<!-- amk_names_lists.script -->
	<string id="name_1">
		<text>埃布拉姆</text>
	</string>
	<string id="name_10">
		<text>阿凡纳塞</text>
	</string>
	<string id="name_11">
		<text>阿帆纳思</text>
	</string>
	<string id="name_12">
		<text>阿丰</text>
	</string>
	<string id="name_13">
		<text>阿冯凯</text>
	</string>
	<string id="name_14">
		<text>阿嘎肥</text>
	</string>
	<string id="name_15">
		<text>阿国利坪</text>
	</string>
	<string id="name_16">
		<text>亚历克斯</text>
	</string>
	<string id="name_17">
		<text>爱克雷西</text>
	</string>
	<string id="name_18">
		<text>爱克雷夏</text>
	</string>
	<string id="name_2">
		<text>爱缭纱</text>
	</string>
	<string id="name_3">
		<text>阿纳斯塔西</text>
	</string>
	<string id="name_4">
		<text>亚纳多留斯</text>
	</string>
	<string id="name_5">
		<text>安德烈</text>
	</string>
	<string id="name_6">
		<text>安心</text>
	</string>
	<string id="name_7">
		<text>安东尼亚</text>
	</string>
	<string id="name_8">
		<text>阿波斯托尔</text>
	</string>
	<string id="name_9">
		<text>阿卡狄乌斯</text>
	</string>
	<string id="name_army_0">
		<text>阿卡迪亚</text>
	</string>
	<string id="name_bandit_0">
		<text>阿坎迪</text>
	</string>
	<string id="name_bandit_1">
		<text>爱利森</text>
	</string>
	<string id="name_bandit_10">
		<text>阿尔谢尼</text>
	</string>
	<string id="name_bandit_11">
		<text>阿图尔</text>
	</string>
	<string id="name_bandit_12">
		<text>爱维尔</text>
	</string>
	<string id="name_bandit_13">
		<text>奥乌伽斯特</text>
	</string>
	<string id="name_bandit_14">
		<text>巴兹尔</text>
	</string>
	<string id="name_bandit_15">
		<text>博加特</text>
	</string>
	<string id="name_bandit_16">
		<text>鲍里斯</text>
	</string>
	<string id="name_bandit_17">
		<text>博尔哈</text>
	</string>
	<string id="name_bandit_18">
		<text>博雅</text>
	</string>
	<string id="name_bandit_19">
		<text>布瑞斯</text>
	</string>
	<string id="name_bandit_2">
		<text>康斯坦丁</text>
	</string>
	<string id="name_bandit_20">
		<text>达尼克</text>
	</string>
	<string id="name_bandit_21">
		<text>邓大勇</text>
	</string>
	<string id="name_bandit_22">
		<text>达尼斯拉夫</text>
	</string>
	<string id="name_bandit_23">
		<text>唐可</text>
	</string>
	<string id="name_bandit_24">
		<text>大卫</text>
	</string>
	<string id="name_bandit_25">
		<text>丹尼斯</text>
	</string>
	<string id="name_bandit_26">
		<text>迪马</text>
	</string>
	<string id="name_bandit_27">
		<text>迪米特里</text>
	</string>
	<string id="name_bandit_28">
		<text>迪米屈</text>
	</string>
	<string id="name_bandit_29">
		<text>杜不阮氏</text>
	</string>
	<string id="name_bandit_3">
		<text>多米尼克</text>
	</string>
	<string id="name_bandit_30">
		<text>毒奶粉</text>
	</string>
	<string id="name_bandit_31">
		<text>埃菲姆</text>
	</string>
	<string id="name_bandit_32">
		<text>伊克穆</text>
	</string>
	<string id="name_bandit_33">
		<text>伊诺穆莱</text>
	</string>
	<string id="name_bandit_34">
		<text>福德坑</text>
	</string>
	<string id="name_bandit_35">
		<text>福德亚</text>
	</string>
	<string id="name_bandit_36">
		<text>福莱克</text>
	</string>
	<string id="name_bandit_37">
		<text>福德斯</text>
	</string>
	<string id="name_bandit_4">
		<text>肥爱特</text>
	</string>
	<string id="name_bandit_5">
		<text>肥里泊</text>
	</string>
	<string id="name_bandit_6">
		<text>佛罗伦缇</text>
	</string>
	<string id="name_bandit_7">
		<text>福马</text>
	</string>
	<string id="name_bandit_8">
		<text>肥油多</text>
	</string>
	<string id="name_bandit_9">
		<text>伽维内</text>
	</string>
	<string id="name_captain_0">
		<text>格兰迪</text>
	</string>
	<string id="name_captain_1">
		<text>格瑞克</text>
	</string>
	<string id="name_lieutenant_0">
		<text>吉罗撒姆</text>
	</string>
	<string id="name_lieutenant_1">
		<text>格雷博</text>
	</string>
	<string id="name_private_0">
		<text>吉格里</text>
	</string>
	<string id="name_private_1">
		<text>吉格力</text>
	</string>
	<string id="name_science_0">
		<text>吉罗斯科</text>
	</string>
	<string id="name_science_1">
		<text>赫里斯坦</text>
	</string>
	<string id="name_science_10">
		<text>伊戈奈特</text>
	</string>
	<string id="name_science_11">
		<text>伊拉瑞</text>
	</string>
	<string id="name_science_12">
		<text>伊利亚</text>
	</string>
	<string id="name_science_13">
		<text>易柳卡</text>
	</string>
	<string id="name_science_14">
		<text>伊诺肯替</text>
	</string>
	<string id="name_science_15">
		<text>艾欧吉姆</text>
	</string>
	<string id="name_science_2">
		<text>艾欧纳分</text>
	</string>
	<string id="name_science_3">
		<text>爱爬梯</text>
	</string>
	<string id="name_science_4">
		<text>艾萨克</text>
	</string>
	<string id="name_science_5">
		<text>一方</text>
	</string>
	<string id="name_science_6">
		<text>伊瓦茨</text>
	</string>
	<string id="name_science_7">
		<text>伊兹雅斯拉夫</text>
	</string>
	<string id="name_science_8">
		<text>雅罗斯拉夫</text>
	</string>
	<string id="name_science_9">
		<text>朱利</text>
	</string>
	<string id="name_sergeant_0">
		<text>卡兹密尔</text>
	</string>
	<string id="name_sergeant_1">
		<text>基里尔</text>
	</string>
	<string id="name_stalker_0">
		<text>克拉芙蒂</text>
	</string>
	<string id="name_stalker_1">
		<text>克莱门特</text>
	</string>
	<string id="name_stalker_10">
		<text>寇利亚</text>
	</string>
	<string id="name_stalker_100">
		<text>寇扎克</text>
	</string>
	<string id="name_stalker_101">
		<text>科斯嘉</text>
	</string>
	<string id="name_stalker_102">
		<text>拉夫瑞蒂</text>
	</string>
	<string id="name_stalker_103">
		<text>兰卡</text>
	</string>
	<string id="name_stalker_11">
		<text>李安利特</text>
	</string>
	<string id="name_stalker_12">
		<text>雷塞科</text>
	</string>
	<string id="name_stalker_13">
		<text>卢德米尔</text>
	</string>
	<string id="name_stalker_14">
		<text>卢卡</text>
	</string>
	<string id="name_stalker_15">
		<text>乐亚福</text>
	</string>
	<string id="name_stalker_16">
		<text>马卡尔</text>
	</string>
	<string id="name_stalker_17">
		<text>马克塞莫</text>
	</string>
	<string id="name_stalker_18">
		<text>莫兰</text>
	</string>
	<string id="name_stalker_19">
		<text>麦特伍</text>
	</string>
	<string id="name_stalker_2">
		<text>麦沃奎</text>
	</string>
	<string id="name_stalker_20">
		<text>莫福笛</text>
	</string>
	<string id="name_stalker_21">
		<text>米哈尔</text>
	</string>
	<string id="name_stalker_22">
		<text>米哈伊尔</text>
	</string>
	<string id="name_stalker_23">
		<text>米库拉</text>
	</string>
	<string id="name_stalker_24">
		<text>米沃什</text>
	</string>
	<string id="name_stalker_25">
		<text>米洛斯拉夫</text>
	</string>
	<string id="name_stalker_26">
		<text>米特卡</text>
	</string>
	<string id="name_stalker_27">
		<text>米蒂亚</text>
	</string>
	<string id="name_stalker_28">
		<text>罗斯卓波</text>
	</string>
	<string id="name_stalker_29">
		<text>奈泽瑞</text>
	</string>
	<string id="name_stalker_3">
		<text>尼基塔</text>
	</string>
	<string id="name_stalker_30">
		<text>尼可莱</text>
	</string>
	<string id="name_stalker_31">
		<text>奥列格</text>
	</string>
	<string id="name_stalker_32">
		<text>奥塞普</text>
	</string>
	<string id="name_stalker_33">
		<text>潘克拉提</text>
	</string>
	<string id="name_stalker_34">
		<text>裴蒂亚</text>
	</string>
	<string id="name_stalker_35">
		<text>帕乌露哈</text>
	</string>
	<string id="name_stalker_36">
		<text>裴楚若</text>
	</string>
	<string id="name_stalker_37">
		<text>批罗特</text>
	</string>
	<string id="name_stalker_38">
		<text>泊亚浩克</text>
	</string>
	<string id="name_stalker_39">
		<text>瑞得寇</text>
	</string>
	<string id="name_stalker_4">
		<text>瑞塞姆</text>
	</string>
	<string id="name_stalker_40">
		<text>柔蒂亚</text>
	</string>
	<string id="name_stalker_41">
		<text>罗门</text>
	</string>
	<string id="name_stalker_42">
		<text>罗斯季斯拉夫</text>
	</string>
	<string id="name_stalker_43">
		<text>鲁斯兰</text>
	</string>
	<string id="name_stalker_44">
		<text>萨德科</text>
	</string>
	<string id="name_stalker_45">
		<text>萨穆伊尔</text>
	</string>
	<string id="name_stalker_46">
		<text>萨莎</text>
	</string>
	<string id="name_stalker_47">
		<text>萨瓦</text>
	</string>
	<string id="name_stalker_48">
		<text>赛凡瓦</text>
	</string>
	<string id="name_stalker_49">
		<text>细门</text>
	</string>
	<string id="name_stalker_5">
		<text>赛米昂</text>
	</string>
	<string id="name_stalker_50">
		<text>谢尔盖</text>
	</string>
	<string id="name_stalker_51">
		<text>睡吧</text>
	</string>
	<string id="name_stalker_52">
		<text>赛巴</text>
	</string>
	<string id="name_stalker_53">
		<text>肖瑞克</text>
	</string>
	<string id="name_stalker_54">
		<text>斯拉维克</text>
	</string>
	<string id="name_stalker_55">
		<text>斯皮里东</text>
	</string>
	<string id="name_stalker_56">
		<text>斯坦尼斯</text>
	</string>
	<string id="name_stalker_57">
		<text>斯特潘</text>
	</string>
	<string id="name_stalker_58">
		<text>苏蒂斯拉夫</text>
	</string>
	<string id="name_stalker_59">
		<text>斯瓦特斯拉夫</text>
	</string>
	<string id="name_stalker_6">
		<text>特拉斯</text>
	</string>
	<string id="name_stalker_60">
		<text>特瑞蒂</text>
	</string>
	<string id="name_stalker_61">
		<text>提姆</text>
	</string>
	<string id="name_stalker_62">
		<text>讨厌</text>
	</string>
	<string id="name_stalker_63">
		<text>托斯卡</text>
	</string>
	<string id="name_stalker_64">
		<text>特韦尔季斯拉夫</text>
	</string>
	<string id="name_stalker_65">
		<text>查哈玛纳国王</text>
	</string>
	<string id="name_stalker_66">
		<text>万尼亚</text>
	</string>
	<string id="name_stalker_67">
		<text>瓦拉姆</text>
	</string>
	<string id="name_stalker_68">
		<text>范塞科</text>
	</string>
	<string id="name_stalker_69">
		<text>梵士卡</text>
	</string>
	<string id="name_stalker_7">
		<text>魏思敏</text>
	</string>
	<string id="name_stalker_70">
		<text>维尼阿明</text>
	</string>
	<string id="name_stalker_71">
		<text>威肯特</text>
	</string>
	<string id="name_stalker_72">
		<text>维克多</text>
	</string>
	<string id="name_stalker_73">
		<text>维特由哈</text>
	</string>
	<string id="name_stalker_74">
		<text>维德伦</text>
	</string>
	<string id="name_stalker_75">
		<text>弗拉迪斯拉夫</text>
	</string>
	<string id="name_stalker_76">
		<text>沃泰克</text>
	</string>
	<string id="name_stalker_77">
		<text>维尔维克</text>
	</string>
	<string id="name_stalker_78">
		<text>伍瑟沃罗德</text>
	</string>
	<string id="name_stalker_79">
		<text>维亚切斯拉夫</text>
	</string>
	<string id="name_stalker_8">
		<text>亚基姆</text>
	</string>
	<string id="name_stalker_80">
		<text>燕</text>
	</string>
	<string id="name_stalker_81">
		<text>雅罗斯拉夫</text>
	</string>
	<string id="name_stalker_82">
		<text>雅美蝶</text>
	</string>
	<string id="name_stalker_83">
		<text>雅莫雷</text>
	</string>
	<string id="name_stalker_84">
		<text>叶夫根尼</text>
	</string>
	<string id="name_stalker_85">
		<text>又软死</text>
	</string>
	<string id="name_stalker_86">
		<text>百合子</text>
	</string>
	<string id="name_stalker_87">
		<text>裕子</text>
	</string>
	<string id="name_stalker_88">
		<text>扎维德</text>
	</string>
	<string id="name_stalker_89">
		<text>周然</text>
	</string>
	<string id="name_stalker_9">
		<text>阿法纳斯</text>
	</string>
	<string id="name_stalker_90">
		<text>爱富纳西</text>
	</string>
	<string id="name_stalker_91">
		<text>爱富妮卡</text>
	</string>
	<string id="name_stalker_92">
		<text>爱富诺斯</text>
	</string>
	<string id="name_stalker_93">
		<text>阿古夫</text>
	</string>
	<string id="name_stalker_94">
		<text>阿克姆</text>
	</string>
	<string id="name_stalker_95">
		<text>亚历山大</text>
	</string>
	<string id="name_stalker_96">
		<text>阿雷西</text>
	</string>
	<string id="name_stalker_97">
		<text>阿利克</text>
	</string>
	<string id="name_stalker_98">
		<text>安包沙溢</text>
	</string>
	<string id="name_stalker_99">
		<text>安那托利亚</text>
	</string>
