﻿<?xml version="1.0" encoding="UTF-8"?>
<string id="cit_doctor_meet_conclusion">
	<text>与博士会面。\n</text>
</string>
 
<string id="cit_doctor_meet_conclusion_txt">
	<text>我不知道该说什么。\n是该高兴呢还是应该感到悲伤呢？我得知我就是史特列洛克。\n显然我在穿越变异区的旅途中，失去了记忆。\n我失去了除了博士之外的所有朋友。\n我找到了某些导致失忆的原因。\n我发现了什么呢？接下来的问题是...博士设方保住了这钥匙，还有我们小组在皮理普亚季的秘密藏身处的位置。\n它位于皮理普亚季的一家老旧的酒店某个房间。\n他说在那里肯定有某些关于“许愿石”或“黑石”的提示。\n我知道的是：在第二次也是最近那次对切尔诺贝利核电厂的侦测行动后，我就一直坚持认为，'黑石'隐藏着些不为人知的秘密。\n“黑石”，我们和你誓不两立。\n你到底是谁，你到底又是什么？</text>
</string>
 
<string id="cit_doctor_task_0_art">
	<text>博士说：“我们最近一次会面时，你给我了这把皮理普亚季秘密藏身处的钥匙，还有去那儿的路线图。\n我千方百计把它们保存了下来。\n没让佣兵发现它们。\n那里搞不好还有别的东西。\n而且你也一直在念叨着“黑石”隐藏着不为人知的秘密。\n毫无疑问。\n”.</text>
</string>
 
<string id="cit_doctor_escape_task_0_txt">
	<text>博士说：“雇佣兵的主力都集中在皮理普亚季的中心城区。\n他们在那里建立了基地。\n你或许可以打开一个传送点，通向东北方的的车诺比尔，或是通向东南方的自由团基地，或者是通向安伯的南方公路。\n”</text>
</string>
 
<string id="cit_doctor_weapon_task_txt">
	<text>博士说：“那些被没收的物资一般是放在首领的房间里。\n他的房间在顶层。\n至少在我被抓时，他们把我的东西带到了这里。\n”</text>
</string>
 
<string id="cit_base_location_text">
	<text>博士说：“我知道，很多人会对一张城市地图很有兴趣，特别是“自由团”或是“纪律团”。\n我听到很多看守提起过这样一张地图，如果可以的话，你应该去找找。\n</text>
</string>
 
<string id="cit_deadcity_maps_txt">
	<text>“死亡之城”的地图，包括佣兵和强盗的位置，同时它上面还标注着很多变异怪物的活动区域。\n</text>
</string>
 
<string id="cit_killers_documents_txt">
	<text>佣兵：为了打造为西方情报机构服务的情报网，人渣[Dushman]来到变异区后，组建了这个组织。\n他们从佣兵那里获取情报来源。\n他们还通过雇佣那些佣兵建起一只触须遍布整个变异区的幕后黑手，就是通过让某些人消失和清除某些势力。\n作为回报他们（佣兵）得到钱，物资和武器装备。\n普通潜行者是没办法加入该组织的，新加入的佣兵在派到变异区之前会先在西方的准军事组织里受训。\n</text>
</string>
 
<string id="Vasya flash">
	<text>瓦斯利 帕拖维奇[Vasily Petrovich]的PDA</text>
</string>
 
<string id="cit_find_vp_pda_txt">
	<text>瓦斯利 帕拖维奇[Vasily Petrovich]的日志\n\n 19：00\n\n 瓦斯利 帕拖维奇：“因为某种原因，需要进入死亡之城找人。\n工作简单，钱也容易赚。\n我们在一小时后离开的\n\n 20：06，五分钟前携带着AK74/2U突击步枪和一些自动武器进入该区域\n\n 20：28\n\n 我们计划绕过佣兵和强盗的营地到达西北区域\n\n 21：08\n\n 妈的！我们被伏击了，博士被抓走了。\n我设法逃跑...看起来他们去追博士了...没有人追捕我。\n我不办法追踪他们...腿上中了一枪...感觉很僵硬尽管已经包扎过了伤口。\n我打算休息一会然后搞清楚要怎样才能安全地从这儿逃出去。\n我不能走去军方仓库的那条路...该死的检查哨。\n我只能赌一把从“森林”穿过去。\n那是我唯一的机会了。\n”</text>
</string>
 
<string id="cit_find_vp_descr_txt">
	<text>瓦斯利 帕拖维奇[Vasily Petrovich]:“突然遇到佣兵的伏击，医生被抓了，我侥幸逃脱，不过他们似乎只想抓医生，我没办法追踪他们...伤了腿，还好至少他给你留了个急救箱。\n休息了一会，然后想想怎么逃出去。\n从这里回军方仓库的路是走不通的，因为有检查站，入口都有佣兵把守，只能穿过雷达站了，这是唯一的出路。\n”</text>
</string>
 
<string id="cit_leader_kill">
	<text>干掉佣兵头子。\n</text>
</string>
 
<string id="cit_leader_killer_text">
	<text>任务1:干掉佣兵头子。\n \n 博士:"杜斯曼很阴险。\n好几次我都注意到他肯定带着一个储有文档的文件夹。\n</text>
</string>
 
<string id="cit_compromat_documents_text">
	<text>任务2:收集关于与佣兵有关的文档。\n \n 博士:"那些文档里可能有着有用的重要信息。\n</text>
</string>
 
