﻿<?xml version="1.0" encoding="UTF-8"?>
<string id="bun_code">
    <text>令人着迷的数字，像是来自于一个逝去的生命那里，它在追赶着我，即使它是错误的我也能够认出来。\n我现在想起来那个密码了－342089。\n这就是那扇门的密码，但是我不记得怎么能够去那扇门了。\n</text>
</string>
<string id="bun_monolith_pda">
    <text>黑石组织人员的PDA。\n</text>
</string>
<string id="rad_code_door_info">
    <text>一个死去的科学家，还有一个像是地图的东西，上面标记着那扇门。\n密码－1287975</text>
</string>
<string id="rad_code_door_info_name">
    <text>密码门。\n</text>
</string>
<string id="rad_get_to_aes_desc">
    <text>酒保：所有人都疯狂地寻找着许愿石。\n所有有力气的人都会立刻冲进特异区的中心。\n独行者，自由团，纪律团（我真的想翻译成基佬团）甚至是佣兵。\n任何赶到那里的第一个人将会拥有一切：许愿石，Klondike神器，剩下的或许只有恶魔才知道了。\n赶快去吧，第一个到达石棺的人的愿望几乎都会被满足。\n现在有一个小队的老兵正在普里皮亚季准备出发。\n如果你赶过去或许还能和他们一起行动。\n</text>
</string>
<string id="rad_sleep_info">
    <text>我关掉了焦脑器。\n因为某些缘故，那时我失去了意识，接着我作了个梦。\n我又看到一团乱的车诺比尔核电厂，还有石棺。\n接着闪光。\n闪亮的黑石进了石棺，我知道那是实现愿望的机器。\n一个潜行者，精疲力竭、衣衫褴褛的，衰弱的到了那里…一阵大闪光后我见到了第一个梦的片段…一个男人背对着我不断的射击。\n某个人喊着，"史特列洛克！"。\n那个男人颤动，停下了一会儿然后慢慢的转身…但那画面飘了回去，好像是影片倒转一样。\n接着我看到他如何用他的武器对抗鼠辈回到电厂…我知道我在那里。\n我必须去黑石那边。\n</text>
</string>
<string id="rad_sleep_info1">
    <text>关于焦脑器[Burner/Scorcher]，它已经被摧毁了。\n</text>
</string>
