﻿<?xml version="1.0" encoding="windows-1252" ?>
<string_table>
	<string id="yantar_general_ucheniy_talk_start_101">
		<text>谢谢你…呃…史特列洛克，是吧？你帮助解救了我们的同伴克鲁格洛夫，为了致上我最真诚的感激，我想要提供给你一套我们的工作服。\n它很轻，你应该知道的…我可以给你额外的帮助吗？</text>
	</string>
	<string id="yantar_general_ucheniy_talk_start_1011">
		<text>我正在寻找X16实验室，酒保告诉我你或许会知道它的位置。\n</text>
	</string>
	<string id="yantar_general_ucheniy_talk_start_1012">
		<text>我们对X16实验室的兴趣有很长的时间了…或者说，在它里面的机械装置会放射出直接影响人的意志的东西。\n我怕我让你失望了：如果没有特殊的放射隔离装备，那里是不可能进入的。\n结局是可以预知的--就算你可以躲掉实验室外面的一大群僵尸，你也要冒着自己变成僵尸的方显，这可是很严重的事情。\n不管怎样，我们设计了一个屏障装置来防护放射物，不过还需要做一些额外的测量。\n如果你帮我们，我们就有可能提供给你一个完全调整过的原型防护装置。\n</text>
	</string>
	<string id="yantar_general_ucheniy_talk_start_1013">
		<text>测量？</text>
	</string>
	<string id="yantar_general_ucheniy_talk_start_1014">
		<text>如果你跟我们的同事一起，做好所有的测量工作，我就可以准备好一个可以正常工作的原型防护装置，让后将它交给你。\n这几乎就可以你进入实验室了。\n</text>
	</string>
	<string id="yantar_general_ucheniy_talk_start_10141">
		<text>好，我同意。\n</text>
	</string>
	<string id="yantar_general_ucheniy_talk_start_101411">
		<text>太好了！跟克鲁格洛夫谈谈然后开始行动，他已经准备好必要的装备了。\n</text>
	</string>
	<string id="yantar_general_ucheniy_talk_start_101412">
		<text>好的。\n</text>
	</string>
	<string id="yantar_general_ucheniy_talk_start_10142">
		<text>好的，我同意。\n</text>
	</string>
	<string id="yantar_general_ucheniy_talk_start_101421">
		<text>太好了！跟谢米诺夫谈谈然后出发，他有所有你需要的东西。\n</text>
	</string>
	<string id="yantar_general_ucheniy_talk_start_101422">
		<text>好的。\n</text>
	</string>
	<string id="yantar_general_ucheniy_talk_start_10143">
		<text>不…现在我可不想参加这个。\n</text>
	</string>
	<string id="yantar_general_ucheniy_talk_start_101431">
		<text>那太糟了，多可惜啊..我不知道如果只有我们自己，要如何或是什么时候才能进行测量活动。\n</text>
	</string>
	<string id="yantar_general_ucheniy_talk_start_11">
		<text>是的，先生？你在找什么？</text>
	</string>
	<string id="yantar_general_ucheniy_talk_start_111">
		<text>我在寻找X16实验室。\n酒保跟我说你可能会知道它的位置。\n</text>
	</string>
	<string id="yantar_general_ucheniy_talk_start_12">
		<text>谢谢你救出了克鲁格洛夫，史特列洛克。\n收下这个压力装作为你的奖赏。\n还有，我想你不会只是为了简单的报酬就过来这里，我说的对吗？</text>
	</string>
	<string id="yantar_general_ucheniy_talk_start_121">
		<text>我在寻找X16实验室。\n酒保跟我说你可能会知道它的位置。\n</text>
	</string>
	<string id="yantar_general_ucheniy_talk_start_1211">
		<text>我们在X16实验室研究放射物有一段很长的时间了，但如果没有特殊装备的话你不会想要过去那里的。\n我们发展出了一套Psi-辐射防护装置，可以帮助你免受辐射伤害。\n如果你可以帮助我们的话，我可以给你一套可以作用的原型装置，这样你就可以用它来进入实验室里面了。\n</text>
	</string>
	<string id="yantar_general_ucheniy_talk_start_12111">
		<text>好的。\n</text>
	</string>
	<string id="yantar_general_ucheniy_talk_start_121111">
		<text>太好了，跟克鲁格洛夫谈谈后出发，他有所有你需要的东西。\n</text>
	</string>
	<string id="yantar_general_ucheniy_talk_start_12112">
		<text>不，我还没有决定要做。\n</text>
	</string>
	<string id="yantar_general_ucheniy_talk_start_121122">
		<text>那真是太可惜了，到目前为止，我们还没办法自己去做测量考察。\n</text>
	</string>
	<string id="yantar_general_ucheniy_talk_start_21">
		<text>是的，先生？你在找什么？</text>
	</string>
	<string id="yantar_general_ucheniy_talk_start_211">
		<text>我们很久之前就对X16实验室很有兴趣了...，确切的说，在它里面有一部机械装置，会放射出可以直接影响人类认知行为的辐射波。\n我怕我会让你失望：如果没有psi-辐射防护装置的保护，那地方是进不去的。\n结果是可以预知的--就算你可以避开出没在实验室入口的僵尸群，你也要冒着变成它们的风险。\n这是很严重的。\n不管如何，我们发展了一个可以防护放射线的装置，但我们还需要一些测量数据来为它做调整。\n如果你帮助我们测量，我就可以提供给你调整好的原型装置让你去做实地测试。\n</text>
	</string>
	<string id="yantar_general_ucheniy_talk_start_2111">
		<text>继续。\n</text>
	</string>
	<string id="yantar_general_ucheniy_talk_start_21111">
		<text>我们在X16实验室研究放射物有一段很长的时间了，但如果没有特殊装备的话你不会想要过去那里的。\n我们发展出了一套Psi-辐射防护装置，可以帮助你免受辐射伤害。\n如果你可以帮助我们的话，我可以给你一套可以作用的原型装置，这样你就可以用它来进入实验室里面了。\n</text>
	</string>
	<string id="yantar_general_ucheniy_talk_start_21112">
		<text>好的，我同意了。\n</text>
	</string>
	<string id="yantar_general_ucheniy_talk_start_211121">
		<text>太好了！跟克鲁格洛夫谈谈然后开始行动，他已经准备好必要的装备了。\n</text>
	</string>
	<string id="yantar_general_ucheniy_talk_start_2111211">
		<text>好的。\n</text>
	</string>
	<string id="yantar_general_ucheniy_talk_start_21113">
		<text>好的，我同意了。\n</text>
	</string>
	<string id="yantar_general_ucheniy_talk_start_211131">
		<text>太好了！跟谢米诺夫谈谈然后出发，他有所有你需要的东西。\n</text>
	</string>
	<string id="yantar_general_ucheniy_talk_start_211132">
		<text>好的。\n</text>
	</string>
	<string id="yantar_general_ucheniy_talk_start_211141">
		<text>你不了解，那边有一个放射器。\n没有人可以靠近超过半里的--它让僵尸远离每个人。\n没有防护服到那里跟自杀一样，知道吗？</text>
	</string>
	<string id="yantar_general_ucheniy_talk_start_2111411">
		<text>嗯，那改变了情况。\n</text>
	</string>
	<string id="yantar_general_ucheniy_talk_start_211142">
		<text>该死，告诉我所有你知道的事情。\n</text>
	</string>
	<string id="yantar_general_ucheniy_talk_start_211143">
		<text>好的，别说我没有警告过你。\n瓦西里在解决研究室的问题，一个星期前，他跟一个叫做鬼魂的潜行者试图进入实验室。\n几个小时后我们感觉到震动，接着放射物消失了，一个小时后，我们收到了瓦西里的讯号，讯号来自沼泽区但马上就消失了。\n事情看来，瓦西里已经死了，试着找到他的尸体：他有关于实验室的准确讯息--它的位置和进入的方法。\n他或许也知道如何关掉放射源。\n实验室的入口很可能隐藏在发电厂区域其中一座建筑物的地下室。\n</text>
	</string>
	<string id="yantar_general_ucheniy_talk_start_211144">
		<text>没错，太好了。\n</text>
	</string>
	<string id="yantar_general_ucheniy_talk_start_21115">
		<text>不…现在我不想去。\n</text>
	</string>
	<string id="yantar_general_ucheniy_talk_start_211151">
		<text>太糟了，真是可惜…我不知道要如何或是什么时候，我们才能自己完成这个测量考察。\n</text>
	</string>
	<string id="yantar_general_ucheniy_talk_start_221">
		<text>谢谢你…呃…史特列洛克，是吧？你帮助解救了我们的同伴克鲁格洛夫，为了致上我最真诚的感激，我想要提供给你一套我们的工作服。\n它很轻，你应该知道的…</text>
	</string>
	<string id="yantar_general_ucheniy_talk_start_231">
		<text>你完成了很棒的工作，史特列洛克！现在放射源关闭了，我们可以在以前难以到达的地区探测跟考察了。\n还有…现在我们将会提供给你很优渥的报酬。\n</text>
	</string>
	<string id="yantar_general_ucheniy_talk_start_2311">
		<text>谢谢你。\n</text>
	</string>
	<string id="yantar_general_ucheniy_talk_start_241">
		<text>是的，史特列洛克？你在找什么？</text>
	</string>
	<string id="yantar_general_ucheniy_talk_start_31">
		<text>你做了件很棒的工作。\n如果这些测量数据是正确的，原型装置将会提供给你对放射线最大的防护。\n</text>
	</string>
	<string id="yantar_general_ucheniy_talk_start_311">
		<text>很高兴听到这件事。\n</text>
	</string>
	<string id="yantar_general_ucheniy_talk_start_3111">
		<text>现在通往实验是的路已经清除了…除了放射源还没被摧毁，而且它也还没失去它的动力，你可能没有足够的时间可以回去。\n亲爱的先生，那么就这样吧。\n根据我们的计算，放射源的地点在地底下，经过你的同意，我已经将地点标示在你的地图上了。\n</text>
	</string>
	<string id="yantar_general_ucheniy_talk_start_31111">
		<text>到底要如何正确的进入X16实验室？入口在哪里？</text>
	</string>
	<string id="yantar_general_ucheniy_talk_start_311111">
		<text>瓦西里在解决研究室的问题，一个星期前，他跟一个叫做鬼魂的潜行者试图进入实验室。\n几个小时后我们感觉到明显的震动，接着一个小时后，我们收到了瓦西里的讯号，讯号来自沼泽区但马上就消失了。\n事情看来，瓦西里已经死了，试着找到他的尸体：他有关于实验室的准确讯息--它的位置和进入的方法。\n他或许也知道如何关掉放射源，我会把我们所有的资料都传给你。\n</text>
	</string>
	<string id="yantar_general_ucheniy_talk_start_311112">
		<text>啊哈…能看一看这些文件一定会很有趣的。\n那么，你认为瓦西里夫有这些文件吗？</text>
	</string>
	<string id="yantar_general_ucheniy_talk_start_311113">
		<text>希望如此。\n不管用任何代价，你一定要开始寻找瓦西里夫的尸体--那是我们找到实验室位置的唯一机会。\n你同僚鬼魂的尸体一定也在附近，你知道的，我认为他知道关于X16的讯息远多过他告诉我们的。\n如果他能活下来…好吧，没有必要存着那个希望，当然。\n</text>
	</string>
	<string id="yantar_general_ucheniy_talk_start_311114">
		<text>好的，我会试试看。\n</text>
	</string>
	<string id="yantar_general_ucheniy_talk_start_41">
		<text>他为什么死了？你本来应该保护他的！</text>
	</string>
	<string id="yantar_general_ucheniy_talk_start_411">
		<text>可鲁格洛夫被僵尸杀死了…我帮不上忙，那边有太多僵尸了。\n</text>
	</string>
	<string id="yantar_general_ucheniy_talk_start_4111">
		<text>喔，天啊…怎么会发生了？怎么会发生这种事？？该死，每件事都出差错了。\n现在我们必须召唤更多的人…我们的问题已经够多了…该死…</text>
	</string>
	<string id="yantar_general_ucheniy_talk_start_41111">
		<text>听着…克鲁格洛夫已经死了，但我还活着。\n把原型装置给我，我会在X16里面进行我的战斗。\n</text>
	</string>
	<string id="yantar_general_ucheniy_talk_start_411111">
		<text>这里是原型装置，小心点使用它。\n它还没有调整得很好，但这是你的错--你解救我的同僚失败了。\n这个装置没办法提供最大的防护能力，但至少会降低放射线的强度，你寻找放射源的必须要快一点。\n</text>
	</string>
	<string id="yantar_general_ucheniy_talk_start_4111111">
		<text>要如何进入X16实验室？它的入口到底在哪里？</text>
	</string>
	<string id="yantar_general_ucheniy_talk_start_41111111">
		<text>瓦西里在解决研究室的问题，一个星期前，他跟一个叫做鬼魂的潜行者试图进入实验室。\n几个小时后我们感觉到明显的震动，接着一个小时后，我们收到了瓦西里的讯号，讯号来自沼泽区但马上就消失了。\n事情看来，瓦西里已经死了，试着找到他的尸体：他有关于实验室的准确讯息--它的位置和进入的方法。\n他或许也知道如何关掉放射源，我会把我们所有的资料都传给你。\n</text>
	</string>
	<string id="yantar_general_ucheniy_talk_start_41112">
		<text>还有呢？</text>
	</string>
	<string id="yantar_general_ucheniy_talk_start_41113">
		<text>你一定要开始寻找瓦西里夫的尸体--那是我们找到实验室位置的唯一机会。\n你同僚鬼魂的尸体一定也在附近，你知道的，我认为他知道关于X16的讯息远多过他告诉我们的。\n如果他能活下来…好吧，没有必要存着那个希望，当然。\n</text>
	</string>
	<string id="yantar_general_ucheniy_talk_start_41114">
		<text>好的，我会试试看。\n</text>
	</string>
	<string id="yantar_general_ucheniy_talk_start_51">
		<text>他为什么死了？你本来不是应该保护他的！？</text>
	</string>
	<string id="yantar_general_ucheniy_talk_start_511">
		<text>赛米诺夫被僵尸射中了…我帮不了他，那边有太多僵尸了。\n</text>
	</string>
	<string id="yantar_general_ucheniy_talk_start_5111">
		<text>喔，天啊…怎么会发生了？怎么会发生这种事？？该死，每件事都出差错了。\n现在我们必须召唤更多的人…我们的问题已经够多了…该死…</text>
	</string>
	<string id="yantar_general_ucheniy_talk_start_51111">
		<text>听着…赛米诺夫死了，但我还活着。\n把原型装置给我，我会为自己在X16中战斗的。\n</text>
	</string>
	<string id="yantar_general_ucheniy_talk_start_511111">
		<text>这里是原型装置，小心点使用它。\n它还没有调整得很好，但这是你的错--你解救我的同僚失败了。\n这个装置没办法提供最大的防护能力，但至少会降低放射线的强度，你寻找放射源的必须要快一点。\n</text>
	</string>
	<string id="yantar_general_ucheniy_talk_start_5111111">
		<text>到底要如何正确的进入X16实验室？入口在哪里？</text>
	</string>
	<string id="yantar_general_ucheniy_talk_start_511111111">
		<text>瓦西里在解决研究室的问题，一个星期前，他跟一个叫做鬼魂的潜行者试图进入实验室。\n几个小时后我们感觉到明显的震动，接着一个小时后，我们收到了瓦西里的讯号，讯号来自沼泽区但马上就消失了。\n事情看来，瓦西里已经死了，试着找到他的尸体：他有关于实验室的准确讯息--它的位置和进入的方法。\n他或许也知道如何关掉放射源，我会把我们所有的资料都传给你。\n</text>
	</string>
	<string id="yantar_general_ucheniy_talk_start_51112">
		<text>啊哈…能看一看这些文件一定会很有趣的。\n那么，你认为瓦西里夫有这些文件吗？</text>
	</string>
	<string id="yantar_general_ucheniy_talk_start_51113">
		<text>希望如此。\n不管用任何代价，你一定要开始寻找瓦西里夫的尸体--那是我们找到实验室位置的唯一机会。\n你同僚鬼魂的尸体一定也在附近，你知道的，我认为他知道关于X16的讯息远多过他告诉我们的。\n如果他能活下来…好吧，没有必要存着那个希望，当然。\n</text>
	</string>
	<string id="yantar_general_ucheniy_talk_start_51114">
		<text>好的，我会试试看。\n</text>
	</string>
	<string id="yantar_general_ucheniy_talk_start_61">
		<text>是的，史特列洛克？</text>
	</string>
	<string id="yantar_general_ucheniy_talk_start_71">
		<text>是的，史特列洛克？</text>
	</string>
	<string id="yantar_general_ucheniy_talk_start_81">
		<text>克鲁格洛夫的死真是太糟了…不过人死不能复生，重要的是你带回给我们的测量数据。\n你带了吗？</text>
	</string>
	<string id="yantar_general_ucheniy_talk_start_811">
		<text>耶，在这里。\n</text>
	</string>
	<string id="yantar_general_ucheniy_talk_start_8111">
		<text>很好，让我调整一下原型装置。\n在这里等我一下。\n</text>
	</string>
	<string id="yantar_general_ucheniy_talk_start_81111">
		<text>知道了。\n</text>
	</string>
	<string id="yantar_general_ucheniy_talk_start_812">
		<text>不。\n</text>
	</string>
	<string id="yantar_general_ucheniy_talk_start_8121">
		<text>那么就去拿回来，而且要快一点！没有资料我没办法调整原型装置。\n</text>
	</string>
	<string id="yantar_general_ucheniy_talk_start_91">
		<text>你做了个很棒的工作，如果测量数据是正确的，那么这个原型装置应该可以提供你对放射线的最大保护。\n</text>
	</string>
	<string id="yantar_general_ucheniy_talk_start_911">
		<text>你可以说清楚一点吗？</text>
	</string>
	<string id="yantar_general_ucheniy_talk_start_9111">
		<text>潜行者，你现在可以进入实验室了。\n即使你开启了防护功能，这个装置也不能让你撑太久，不过足以让你关掉发射器了。\n我们已经估算出了发射器的大概位置；它位于一座地底设施中，我已经在你的地图上标好了位置。\n</text>
	</string>
	<string id="yantar_general_ucheniy_talk_start_9112">
		<text>我要怎么进入X16？入口到底在什么地方？</text>
	</string>
	<string id="yantar_general_ucheniy_talk_start_9113">
		<text>瓦西里夫曾经在实验室工作，大约在一个星期之前，他跟一个称为鬼魂的潜行者试着想要进入。\n几个小时后，我们感觉到明显的震动，再过了一个小时，我们接到了瓦西里夫从沼泽发过来的讯号，但这讯号消失了，而瓦西里夫也跟着消失了。\n我们试着寻找他的尸体，他身上有关于实验室的资讯，和进去的方法。\n实验室可能会有关于如何关闭放射源的方法，我会把我们知道的资料上传到你的PDA里。\n</text>
	</string>
	<string id="yantar_general_ucheniy_talk_start_9114">
		<text>啊哈…能看一看这些文件一定会很有趣的。\n那么，你认为瓦西里夫有这些文件吗？</text>
	</string>
	<string id="yantar_general_ucheniy_talk_start_9115">
		<text>希望如此。\n不管用任何代价，你一定要开始寻找瓦西里夫的尸体--那是我们找到实验室位置的唯一机会。\n你同僚鬼魂的尸体一定也在附近，你知道的，我认为他知道关于X16的讯息远多过他告诉我们的。\n如果他能活下来…好吧，没有必要存着那个希望，当然。\n</text>
	</string>
	<string id="yantar_general_ucheniy_talk_start_9116">
		<text>好的，我会试试看。\n</text>
	</string>
	<string id="yantar_help_scientist_101">
		<text>没时间了…</text>
	</string>
	<string id="yantar_help_scientist_11">
		<text>是的，史特列洛克？</text>
	</string>
	<string id="yantar_help_scientist_111">
		<text>教授要求我前往测量点。\n</text>
	</string>
	<string id="yantar_help_scientist_1111">
		<text>现在你在谈生意了！让我们快点离开。\n单独到那边是没什么用的，但如果有你一起的话就不同了…我想我们要快一点--不过要小心别让那些尸体靠太近。\n那么，你准备好了吗？</text>
	</string>
	<string id="yantar_help_scientist_11111">
		<text>耶。\n</text>
	</string>
	<string id="yantar_help_scientist_111111">
		<text>你知道吗…你为什么不先走。\n你有一堆经验，不像我。\n还有这些尸体又开始移动了…</text>
	</string>
	<string id="yantar_help_scientist_1111111">
		<text>好吧。\n</text>
	</string>
	<string id="yantar_help_scientist_21">
		<text>哇！史特列洛克来到这里做私人造访！你终于来了。\n跟教授聊聊--他想要感谢你解救了我。\n</text>
	</string>
	<string id="yantar_help_scientist_31">
		<text>晚点，晚点！</text>
	</string>
	<string id="yantar_help_scientist_41">
		<text>嘿，史特列洛克！事情进行的如何了？</text>
	</string>
	<string id="yantar_help_scientist_51">
		<text>是的，史特列洛克？</text>
	</string>
	<string id="yantar_help_scientist_511">
		<text>教授要求我前往测量点。\n</text>
	</string>
	<string id="yantar_help_scientist_512">
		<text>现在你在谈生意了！让我们快点离开。\n单独到那边是没什么用的，但如果有你一起的话就不同了…我想我们要快一点--不过要小心别让那些尸体靠太近。\n那么，你准备好了吗？</text>
	</string>
	<string id="yantar_help_scientist_513">
		<text>好的。\n</text>
	</string>
	<string id="yantar_help_scientist_514">
		<text>你知道吗…你为什么不先走。\n你有一堆经验，不像我。\n还有这些尸体又开始移动了…</text>
	</string>
	<string id="yantar_help_scientist_515">
		<text>好的。\n</text>
	</string>
	<string id="yantar_help_scientist_61">
		<text>抱歉，我现在没有时间。\n</text>
	</string>
	<string id="yantar_help_scientist_71">
		<text>嘿，史特列洛克！最近过的如何啊？</text>
	</string>
	<string id="yantar_help_scientist_81">
		<text>等一下下…我们需要结束交谈。\n</text>
	</string>
	<string id="yantar_help_scientist_91">
		<text>等等，我还没说完关于测量的事情。\n</text>
	</string>
	<string id="yantar_wounded_scientist_11">
		<text>呀！喔…啊…</text>
	</string>
	<string id="yantar_wounded_scientist_111">
		<text>你还活着？来吧，起来…慢慢起来。\n都结束了。\n</text>
	</string>
	<string id="yantar_wounded_scientist_21">
		<text>嘿，史特列洛克。\n你好吗？</text>
	</string>
	<string id="yantar_wounded_scientist_211">
		<text>搞定！收好相机，该走了。\n</text>
	</string>
	<string id="yantar_wounded_scientist_31">
		<text>嘿，史特列洛克！日子如何啊？</text>
	</string>
	<string id="yantar_general_ucheniy_talk_start_231">
		<text>史特列洛克，事情办得漂亮！电磁风暴已经停了，我们可以组织新的探险活动，探索那些之前无法进入的区域。\n而且从现在开始，我们将给你一个对你极为有利的价格政策。\n对了，差点忘了，看下你的ＰＤＡ，我已经把关于“神器修改器”的资料传上去了。\n希望对你有帮助。\n</text>
	</string>
	<string id="yantar_general_ucheniy_story_1">
		<text>关于这个，聪明的家伙早已听到了。\n西多罗维奇告诉你了吗？</text>
	</string>
	<string id="yantar_general_ucheniy_story_2">
		<text>好的。\n</text>
	</string>
	<string id="yantar_general_ucheniy_story_22">
		<text>所以，你想得知什么呢？</text>
	</string>
	<string id="yantar_general_ucheniy_story_23">
		<text>你参与了这次远征？</text>
	</string>
	<string id="yantar_general_ucheniy_story_24">
		<text>我应该在队伍里的，不过最后没有。\n我其实并不想去说这个事情。\n因为那段时间里，我的朋友，同事都相继离我而去。\n既然你对这事这么有兴趣，那我就说说吧。\n不过离那时已经有些日子了，希望我还能记得那些事。\n之前说过，这是两年前的事情了。\n一切皆始于一场在柏林举行的科学会议，主题讨论的是变异区，还有它对环境的影响。\n结果这次会议决定组建一支由尖端专家领导的科学考察队进入变异区，去收集信息并探索变异区的生态环境。\n很快，几支乌克兰政府背景的赞助商参与了进来。\n在一座位于车诺比尔地区边缘地带的军营里，这支探险队花了三个月去做准备。\n呃，就好像整个世界都聚集到了这，包括科学界人士，著名外籍人士，本国的科学家-包括物理学家，化学家，生物学家，工程师，医生，机械师还有生态学家。\n</text>
	</string>
	<string id="yantar_general_ucheniy_story_25">
		<text>那么发生了什么？</text>
	</string>
	<string id="yantar_general_ucheniy_story_26">
		<text>他们有着充分的后勤保障。\n包括大量各式设备，特制装备，移动实验室，防护服，食物，药物等等等等。\n政府还分派了两支特警部队，甚至包括特制的BTR装甲车。\n这支探险队里还有着向导潜行者，翻译，甚至还有一些游客。\n在探索变异区32号城前，他们有两周的时间去做策划，训练。\n这是他们应该做的。\n在出发前一天，我大病一场，在医院里躺了四天。\n从某种意义上讲，这病救了我一命。\n因为无法参加探险队，当时的我非常懊恼，打心底里羡煞了那些去了的同事。\n当时我还给自己说，我可以搭乘下一批直升机去科学家营地。\n那时探险队已经抵达了32号城。\n科学家营地里的一直升机机组决定要建立与基地年联络并带回一些研究结果。\n刚开始一切正常，我们开始测量辐射等级，研究各类变异点的性状与神器里的化学构成。\n每天我们都会很规律地收到营地里的汇报，一些关于新发现或新神器的消息。\n那时我还在病床上自怨自艾。\n</text>
	</string>
	<string id="yantar_general_ucheniy_story_27">
		<text>继续说。\n</text>
	</string>
	<string id="yantar_general_ucheniy_story_28">
		<text>但是很快，营地开始发生一些怪事。\n首先我们注意到无线电里的声音变得极富攻击性和急躁，但没有引起足够的重视。\n接着两名突击手失踪了。\n探险进行三天后，我们收到信息称其中一位科学家，罗森博格[Rosenberg]教授，处于极度烦躁不安的状态，随后开枪自杀。\n这消息震惊了所有人！两天后，就再没有接收到营地的讯息。\n我们都陷入了迷茫和困惑，于是决定派一架直升机去营地看看，但却因为暴风雨未能成行。\n我们所能做的只有等待。\n一天后，我们得到一条讯息，来自两名潜行者，当时是晚上，他们被发现时身处树林中的一辆BTR装甲车中。\n他们应该被强盗伏击了。\n军方派出了一支特别行动小组。\n至于那里发生了什么，鬼才晓得，只能确信仅有少数人幸存下来。\n三名探险队成员藏在了树林中。\n当我们找到他们时，他们已经更像动物而非人类，未开化、胆怯且邋遢。\n他们最初被发现时就像是精神病院的病人，很难想像一周前他们还是正常人。\n经过一个月左右的强化治疗，他们才得以恢复部分心智。\n</text>
	</string>
	<string id="yantar_general_ucheniy_story_29">
		<text>结束了吗？</text>
	</string>
	<string id="yantar_general_ucheniy_story_291">
		<text>经过事故分析，幸存者的讲述，委员会认定导致探险队人员死亡的原因是变异区里称为“焦脑器”发出的极强的精神辐射。\n过度暴露在这种辐射之下，人类的大脑会被烧坏。\n症状表现是极度的攻击性，愤怒和兽性。\n有些人因无法承受这种精神压力而自杀，比如可怜的罗森博格教授。\n有些人则表现出侵略性，像发疯的野兽一样攻击并杀掉其他人。\n营地一片混乱。\n一波未平一波又起，变异怪物在营地防御力量不足时，发动了袭击。\n那些尚未完全失去理智的试着回到了BTR装甲车，但在半路上遇到了强盗的埋伏，在交火中被杀。\n所以32号城镇的探险以失败告终。\n从那之后，我就发誓如果不能搞明白那该死的辐射并研究出防护措施，我决不离开变异区半步。\n好了，停止聊天，我们已经聊得够久的了，现在，得开工了。\n</text>
	</string>
	<string id="yantar_general_ucheniy_story_292">
		<text>是的,我不会耽搁您了，教授。\n</text>
	</string>
	<string id="yantar_general_ucheniy_story_3">
		<text>不。\n</text>
	</string>
	<string id="yantar_general_ucheniy_story_33">
		<text>以后再说，现在我没有时间听你的故事。\n</text>
	</string>
	<string id="yantar_general_ucheniy_story2_0">
		<text>教授，你有任何关于变异体的信息吗？</text>
	</string>
	<string id="yantar_general_ucheniy_story2_1">
		<text>是的，当然了，克鲁格的关于吵闹鬼的最后报告在这里。\n</text>
	</string>
	<string id="yantar_general_ucheniy_story2_2">
		<text>从他们身上发现些新的特征是很有趣的，我以前只是听过传闻。\n</text>
	</string>
	<string id="yantar_general_ucheniy_story2_3">
		<text>那么，看看关于吵闹鬼我们都知道些什么：1、这些人暴露在喷射物中。\n他们有很强的心灵感应能力，能控制人类、动物、变异怪物，甚至部分脑波怪。\n2、他们很难被发现。\n依据是那些在变异区受到吵闹鬼影响的潜行者都心智失常。\n3 变异的心灵操控能力。\n他们可以隔空取物，小到物品大到金属门。\n4、据说吵闹鬼能制造出脑波怪。\n怎么做到的还是未知，据推测，所谓的脑波怪是受到吵闹鬼长时间的影响变成的。\n吵闹鬼是理性与逻辑的混合产物。\n某些脑波怪能抗拒吵闹鬼的精神控制。\n脑波怪在byurera影响下会退化。\n相关的理论信息两年前遗失了。\n5、据推测生活在洞穴中，虽然还没有被完全证实。\n6、通过对脑波怪的精神分析发现它们智力高度发达。\n可以推测，它们不像吵闹鬼可以通过改变精神平衡杀死。\n</text>
	</string>
	<string id="yantar_general_ucheniy_story2_4">
		<text>呃……教授，最后一句话您能说得慢一些么？</text>
	</string>
	<string id="yantar_general_ucheniy_story2_5">
		<text>史特列洛克射死那些混蛋。\n</text>
	</string>
	<string id="yantar_general_ucheniy_story2_6">
		<text>啊！现在干净多了，谢谢你提供的消息。\n</text>
	</string>
	<string id="yantar_saharov_0">
		<text>好的教授，你想要问我问题吗？</text>
	</string>
	<string id="yantar_saharov_1">
		<text>史特列洛克我需要鬼魂的PDA。\n你能帮我把他的PDA带来吗？那里面储存了很有价值得信息，是有关于还未完工的可以找到附近地区中心的装备。\n当然，事成之后我会非常感谢你的。\n</text>
	</string>
	<string id="yantar_saharov_2">
		<text>如果我找到了它，我会把它带给你的。\n</text>
	</string>
	<string id="yantar_saharov_3">
		<text>我希望如此，史特列洛克。\n对于我和整个科学界来说的这些信息都是很有价值的。\n</text>
	</string>
	<string id="yantar_saharov_next_0">
		<text>>你好，博士，我把你要的东西带来了。\n你好，博士，我把你要的东西带来了。\n</text>
	</string>
	<string id="yantar_saharov_next_1">
		<text>喔，你找到了它！非常感谢你，史特列洛克。\n这里，拿着这些东西以便应付麻烦。\n</text>
	</string>
	<string id="yantar_saharov_next_2">
		<text>博士想知道在这个PDA中是否有一些关于来自史特列洛克小队的方的笔记。\n也许关于他的死你知道点什么？</text>
	</string>
	<string id="yantar_saharov_next_3">
		<text>老实说，我知道的并不多。\n就问问沃罗宁将军吧。\n不久前鬼魂去与瓦西里耶夫进入了地下实验室，他告诉我说他们有一些共同点。\n或许沃罗宁将军会告诉你更多。\n</text>
	</string>
</string_table>
