﻿<?xml version="1.0" encoding="UTF-8" ?>
<string_table>
<string id="dm_action_info_0">
    <text>怎么会有任何新的东西在这里呢？甚至都想到这个幼稚园。\n当然你如果停留在这里你会用5分钟的时间洗劫这个区域，聪明的人留在这里一会儿，然后他们该去的某些地方。\n并且只有魔鬼知道。\n而且你可以在这里使用弹药和武器，这是没有疑问的。\n每个人都知道这个。\n</text>
</string>
<string id="dm_action_info_1">
    <text>所有我必须做的就是等待紫罗兰制服？然后出去吃午饭。\n没有理由呆在这儿。\n我需要去基辅，但是他们不让我去。\n不管怎样，我也不是唯一一个试图出去的，但是我们仍然不能溜走呢。\n</text>
</string>
<string id="dm_action_info_10">
    <text>离这里不远的地方会有同伴们需要的东西，他们并不常来这儿。\n但是他们在我来到这里切断电缆之前就清楚的了解有秩序的任何事。\n然后他们看见了我。\n我不能够靠近一点去让他们注意到我。\n马上他们就会开始射击。\n很高兴我成功的离开我的藏身处。\n</text>
</string>
<string id="dm_action_info_100">
    <text>不多，试着去做它，就是这样。\n</text>
</string>
<string id="dm_action_info_11">
    <text>我们在一起的队伍无法足够的到达特异区的地下世界。\n有一个旧的工厂，在这些电线底下。\n他们说这里有一大堆吸引人的东西。\n一直有新的东西要被检查，很有趣。\n</text>
</string>
<string id="dm_action_info_12">
    <text>没有新的和旧的！他们说史特列洛克的老基地就坐落在这里。\n我好奇有什么类型的补给那一次被发现了。\n假如他们准备好了仔细的寻找。\n</text>
</string>
<string id="dm_action_info_13">
    <text>一小时前我差点倒大霉你相信吗？我半年前来过这里，那时这里安静祥和，现在却到处都是大兵！简直就是疯了！</text>
</string>
<string id="dm_action_info_14">
    <text>你小子命真大，没被强盗逮住。\n他们在这附近不远处有个据点。\n哦，如果可以的话，我要怎么才能荡平那据点呢？但目前我们只能先观察了。\n那是他们的补给据点。\n他们的总部位于变异区中心地带附近。\n</text>
</string>
<string id="dm_action_info_15">
    <text>他们说这儿曾经有个不同寻常的实验室，被伪装隐藏了的。\n要是能找到入口就太好了。\n我敢打赌里面有很多好东西。\n另一方面，它也让我感到紧张。\n</text>
</string>
<string id="dm_action_info_16">
    <text>你知道吗？灾变前的黑暗山谷里曾有一个地下科研所。\n我不知道是研究什么的，但我敢肯定不是干好事的地方。\n关于它有各种不同的传闻，但大多数都不太好。\n真是个可怕的地方！</text>
</string>
<string id="dm_action_info_17">
    <text>那还等什么？你还想知道什么？我会告诉你这些：纪律团就是这里的警察，他们很清楚要怎么去维持秩序，肯定的。\n但是，我不太喜欢他们。\n他们就像管家婆一样，让人们不能带这个或不能带那个出变异区。\n不仅如此，甚至你在“基辅”那边能说什么，哪些事要保密之类的都要由他们说了算。\n他们指手划脚，其实就是想逐渐毁掉变异区。\n其实，对此我也并不惊讶，毕竟他们都是些军队出来的...都是些空想家。\n糟糕的是，据说他们有来自高层的支持。\n</text>
</string>
<string id="dm_action_info_18">
    <text>现在“纪律团”控制着这片区域，他们的规矩就是这里的法律。\n我们监视着变异区的边界，保持头脑冷静。\n那些可怜的傻瓜纷涌而来，都是些来自商队、业余爱好者、浪漫主义者... 然后在这连头一天撑不过就成批挂掉。\n</text>
</string>
<string id="dm_action_info_19">
    <text>你在我们的驿站吗？其实了，它也不仅仅是我们的，你在那里可以遇到很多其它的人。\n关键的是，那是个好地方，没有任何约束，在那可以听到有关变异区的所有新闻。\n在那能获得很多有用的资讯，至少可以毫无顾忌地跟其他人聊天。\n可惜的是秃子那帮人前天就离开了，所以这次我是见不到他了。\n</text>
</string>
<string id="dm_action_info_2">
    <text>让我们到营地去吧，在那你能听到所有的传闻。\n我们跟你一样都是些第一次干这行的新手，通常都会顺便去那获取一些建议，或是休息一小会儿。\n在那附近会有士兵出没，你不用太害怕他们，当然也别去挑衅他们（不要挡他们的道）。\n否则他们会毫不犹豫向你开火。\n在那儿还有一个商人，也就是那种土特产零售商。\n真是个安静且适合休整的好去处。\n</text>
</string>
<string id="dm_action_info_20">
    <text>现在这片潜行者聚集的地方很安全，我们也在为它的长期安全而努力。\n这儿有不少人，那些当这里是家的人不会跑出这一片区域，而其他人则在准备着抵抗又一波侵袭。\n可恨的是莫霍克再没有回来了，他很乐意带领像你这样的新手走上正当的道路。\n</text>
</string>
<string id="dm_action_info_21">
    <text>你有听到纪律团说征募新成员的广播吗？我考虑了一会儿，然后决定去他妈的。\n不用多久他们就会来招我入伍了，不过我不需要这样的军规。\nn年前我在军队服役的两年就已经够了。\n</text>
</string>
<string id="dm_action_info_22">
    <text>我们正在征募新的成员，或许你没有注意到广播。\n如果你有过些经历，那么来吧！你不会后悔的。\n来自彼得连科真诚的邀请。\n</text>
</string>
<string id="dm_action_info_23">
    <text>你去过看些竞技赛，顺便下个注啥的吗？我想说你懂个屁！这里有个竞技场，你一无所知，所以听好了，纪律团小队抓突变体，对吧？如果这些野兽经过研究实验之后还活着，他们就扔到竞技场里，然后把它们打成一块块形状各异的碎片，有些你看了会狂笑而死，有些你看了会直接吓到失禁！</text>
</string>
<string id="dm_action_info_24">
    <text>他们只是给竞技场提供新鲜的靶子，给人们带来笑料，给我们带来下注赢钱的财路而已。\n我们会证明一个事实给潜行者看，那就是纪律团不只是喷些口水绕绕舌而已，我们是真有本事的。\n</text>
</string>
<string id="dm_action_info_25">
    <text>听着，你有去过罗斯托克吗？它曾经是个安宁的地方，但是现在独自前去那里是很困难的，你在野外的每一步路都可能遇到突变体。\n不如我们一起去吧，你怎么看？对了，话说咱俩素不相识，万一有个三。\n。\n。\n。\n别在意，兄弟，当我没说过什么。\n</text>
</string>
<string id="dm_action_info_26">
    <text>我们刚从罗斯托克回来。\n你没必要在那儿露出你的脸，尤其是你独自一人的时候。\n想活命？那听我说的，别去那。\n</text>
</string>
<string id="dm_action_info_27">
    <text>呃我想去了扬塔来着，后来想想算了。\n那里的理论家们在那片地方建起了一个十分完善的科学基地。\n他们把那些地方都挖了一遍然而只有撒旦知道为什么。\n当那些僵尸在那个科学所外面活蹦乱跳的时候。\n我的天，多有田园气息。\n</text>
</string>
<string id="dm_action_info_28">
    <text>他们正在肃清扬塔这片区域……嗯哼，清理一下不错。\n那里有几个搞研究的实验室，但是那个地方僵尸太多了。\n所以我们不得不定期去那里把困在那里的科学家给救出来。\n</text>
</string>
<string id="dm_action_info_29">
    <text>通过老的仓库，你知道的，拿到自由的基础条件。\n他们是有灵魂的，并且活得很快乐。\n和那些喝酒喝醉的人聊天也是一件令人高兴的事情。\n然而责任不会时时刻刻在你身边并不像他们整天都在酒吧周围。\n</text>
</string>
<string id="dm_action_info_3">
    <text>这附近有一个旧工厂，我们总要去肃清这些强盗，然而他们总是会再回来！上一次去清理他们已经是一个月之前的事了，现在他们差不多要回来了。\n你在那里最好小心些。\n</text>
</string>
<string id="dm_action_info_30">
    <text>“自由团”藏在了那个老仓库的后面，把他们全部解决掉，那些狗娘养的……</text>
</string>
<string id="dm_action_info_31">
    <text>在天黑前离开那里！白天的时候或多或少还可以，一旦太阳落山，你看看外面。\n</text>
</string>
<string id="dm_action_info_32">
    <text>潜行者滚开！我们要去封锁线。\n现在我们已经走了一天一夜了。\n这鬼地方晚上简直让人发抖。\n</text>
</string>
<string id="dm_action_info_33">
    <text>你看啊，晚上你要躲好，最好是有个好的藏身之所。\n天黑以后就感觉自己基本上是被困住了。\n</text>
</string>
<string id="dm_action_info_34">
    <text>哟，兄弟，你消息不大灵光啊。\n晚上你可得远远地找个地方打盹。\n就这地方到了夜里就算是给你个榴弹发射器都没屌用。\n</text>
</string>
<string id="dm_action_info_35">
    <text>你猜怎么回事，让纪律团、自由团跟掠夺者[marauders]抢这块地盘吧。\n对我来说这儿就是地狱。\n</text>
</string>
<string id="dm_action_info_36">
    <text>潜行者，我们现在在这工作了。\n不仅是这些恶棍盘踞在这里，而且还有傻瓜佣兵跟自由团的退役老兵挡咱的路。\n</text>
</string>
<string id="dm_action_info_37">
    <text>我得警告你，这里白天都不算安全。\n据我所知时不时就有交火。\n这里盘踞的多股本地强盗间都是有世仇的。\n</text>
</string>
<string id="dm_action_info_38">
    <text>听着，你干嘛不告诉我这里是我们的地盘？这样我们把从特异区中心来的那帮恶棍拖延住就容易多了，不是吗？科学家可以在这里悠闲的找出他们想要的答案，但是纪律团跟掠夺者[marauders]必须得滚得远远儿的。\n</text>
</string>
<string id="dm_action_info_39">
    <text>你不知道吗？他们在这儿建造了一条能够得到过去义务巡逻的权利的路径，然后再利用这些退路，所有路都通向农业研究所</text>
</string>
<string id="dm_action_info_4">
    <text>没什么。\n我不知道蹲下；我不知道我占用了土地。\n我抢夺了这里和那里的一小块，尝试着去为我做些足够的日常食品。\n进入特异区太恐怖了，去他妈的。\n但是在家乡没有工作，我的妻子不断的对我啰嗦。\n我现在才觉得活着。\n这里是垃圾堆，如果你想在周围找个一整天，你可以得到一些神器。\n并且这些会为你换来奶油和面包。\n</text>
</string>
<string id="dm_action_info_40">
    <text>并且你为什么在这儿？计划着去扬塔，或者你可以试图去潜行避开其他兄弟并找到一些神器？</text>
</string>
<string id="dm_action_info_41">
    <text>我不会隐瞒你的潜行者同僚，不时提供我们一些有趣外型的神器的事情--你是这样称呼它们的。\n因为…我们应该说…它们充满了未知的控制领域…这地方可到处是走私活动。\n</text>
</string>
<string id="dm_action_info_42">
    <text>你怎么了伙计？我们铺设了一条路，假如我们想要从“基辅”得到一些东西这样我们就不会有来自纪律团乱撞人的伙计了。\n但是他们仍然偶尔在这周围闲逛，至少他们现在不会知道任何状况了，所以你可以避开他们了。\n</text>
</string>
<string id="dm_action_info_43">
    <text>我正在从扬塔返回。\n觉得我像往常一样从科学家那里错过了一些，但是他们全部都被锁在他们的地堡中，他们甚至不出去，即使是白天。\n所以如果你计划往那个方向去，还是改变方向吧。\n</text>
</string>
<string id="dm_action_info_44">
    <text>在扬塔区域有一个研究正在被进行，但是最近来了更多的丧尸，都在那个地方闲逛。\n所以我们就去防守入口。\n</text>
</string>
<string id="dm_action_info_45">
    <text>我都不知道该告诉你什么了。\n我想回到我们的在一起组队的时候，它叫扬塔，正如你可能知道的。\n这里有：他们说之前的只不过是普通的危险，现在根本不可能获得通过。\n也许他们太夸张了？</text>
</string>
<string id="dm_action_info_46">
    <text>我在扬塔，那个地方科技完全没有发展一片死寂：躲躲藏藏。\n他们那里直升机可以降落。\n另一方面那个地方现在确实有很多的僵尸。\n如果你在那个地方和那里的人住一个星期，你也会开始躲躲藏藏。\n就是那么一片地方。\n让人觉得不愉快。\n</text>
</string>
<string id="dm_action_info_47">
    <text>去跟着他。\n你以为他在和僵尸一起闲逛？！他们当中的很多都傻的不一般，于是乎他们便继续。\n而且那里僵尸是有一群的。\n</text>
</string>
<string id="dm_action_info_48">
    <text>我们正在尽力让从综合实验室来的僵尸停止前进。\n说实话，我完全无法想像如果你加入后，我们正好缺少人手。\n</text>
</string>
<string id="dm_action_info_49">
    <text>你知道我们也收集各种各样的数据。\n打个比方，我在大路上找幸存者……就是那样，僵尸会依照你的用辞……散布开来。\n你愿意共享你的发现么？</text>
</string>
<string id="dm_action_info_5">
    <text>耶，就是关于那个的。\n有一些是从垃圾中获取能量的，收集小的垃圾，其他的渗透了区域的深处。\n自然你在那里可以找到很棒的东西，但是并不是所有人都想去哪里。\n这可不是菜鸟呆的地方，如果你没任何的武器，就不要想去地方这是注定要失败的。\n</text>
</string>
<string id="dm_action_info_50">
    <text>那些僵尸从实验室的窗户里爬出来后你还去过学校么？好吧，你最好注意点，因为他们什么都不怕，也感觉不到疼痛，换句话说，那些不幸的家伙已经没脑子了。\n</text>
</string>
<string id="dm_action_info_51">
    <text>我要去去实验室找个工作。\n嘿，轻松点，我只是开个玩笑。\n你也知道如果你就这样淡定地走进去，那出来的就只能是尸体了。\n最好的结局恐怕也只有变成僵尸吧。\n</text>
</string>
<string id="dm_action_info_52">
    <text>我警告你，别进实验室。\n但如果你真想进去，那就去吧，我不会拦你的。\n别忘了，没有潜行者能从那活着回来。\n</text>
</string>
<string id="dm_action_info_53">
    <text>你看，我想要警告你的。\n你不该进入实验室。\n实际上任何人都不该进去。\n它会影响人体的主要精神活动和新陈代谢，而且我担心这些效果无法消退。\n</text>
</string>
<string id="dm_action_info_54">
    <text>嘿!现在我要开灯把你照亮喽，这样应该就能救回你这迷途羔羊了。\n朋友，做个交易吧:停止你去实验室密集区的计划。\n那是个迷雾重重的地方，非常可疑。\n去的人都在那消失了。\n有些晚上他们还会回来在你身边如幽灵般游荡。\n这不是什么恐怖的吸血鬼故事，这些僵尸故事是真的。\n这就是他们的本来面目。\n</text>
</string>
<string id="dm_action_info_55">
    <text>你看见那些自以为是的家伙了吗?才进去一会儿他们就完全吓跑了。\n即使叫来了一整个团的军队和空军来保护他们，但也就活着逃离基地几步而已。\n</text>
</string>
<string id="dm_action_info_56">
    <text>还有，里面有什么东西对你这么重要?别用谎言搪塞，不然他们会把你直接丢在这儿。\n</text>
</string>
<string id="dm_action_info_57">
    <text>你也知道，如果我们没有必要的保护措施，一般是不会离开堡垒的。\n因为附近地区的环境不允许这么做。\n但我是个例外，不喜欢集体行动行动 - 各种争论，还有士兵在一边。\n管它，无论如何，就暂时而言我恐怕不能告诉你任何有用的消息了。\n</text>
</string>
	<string id="dm_action_info_58">
		<text>我把我们快乐的科学家给踢出来了！我把他拉出了来，朋友。\n他通常不会在碉堡外出现的--我的女神啊！到处都是士兵、飞行器、装甲科技！他们就像把战舰拉到这里了一样，不然至少也是一整串的武装列车。\n</text>
	</string>
	<string id="dm_action_info_59">
		<text>这是第三天我留在这里观察了。\n这边有座实验室，对吧？一开始就没有人进去，纪律团的人只从上方清除僵尸，现在已经完全停了下来，对吧？但是科学家得进去里面，那就表示他们找到了一个保护他们自己的方法。\n所以我在想，为什么不在四处看看，找出--我打赌那边一定有不少好东西，你或许可以用一把铲子把它们找出来。\n</text>
	</string>
	<string id="dm_action_info_6">
		<text>最后这几天整群的动物都出现在黑暗山谷，是什么把它们逼出来的并不清楚，但是动物们就是被赶了出来，就像从火场中逃生一样。\n在东边的异种繁殖的就像苍蝇一样快，我们所能做的就是不断的把它们击毙，事情就是这样了。\n</text>
	</string>
	<string id="dm_action_info_60">
		<text>你在这里找什么？你也想要进入实验室吗？你有听过关于魔法物品跟神器的神话传说吗？嘿…你们这些白痴永远都学不会？</text>
	</string>
	<string id="dm_action_info_61">
		<text>我在这里工作，年轻人。\n单纯的在这工作，在科学和人性之前执行我的任务。\n如果你想找出废弃的实验室，跟我见过的每个潜行者一样，我会跟你说：我不知道，也不想知道。\n我对这件事没有兴趣，也绝不会引起我的兴趣，这样清楚吗？</text>
	</string>
	<string id="dm_action_info_62">
		<text>或许大脑真的被某种装置所影响了？我怀疑有什么东吸引藏在那该死的实验室中。\n就算里面没什么好东西--它仍然很有趣。\n</text>
	</string>
	<string id="dm_action_info_63">
		<text>我很好奇--或许我该加入自由团？那边是他们的基地，就在旧的军用仓库。\n为什么不呢？看起来都是些聪明的家伙，就算他们稍微欠缺纪律又如何？这样更好：我不需要被训练，我知道自己要做什么--不像第一个月才刚到这里时那样。\n</text>
	</string>
<string id="dm_action_info_64">
    <text>你跟‘自由团’的人不太合得来，是吧？不过你也不用烦恼。\n我想用不了多久，我们就能把他们撵出军方仓库。\n他们无组织无纪律。\n充其量就是群乌合之众。\n那伙北约菜鸟，居然胆敢跟我们作对。\n</text>
</string>
<string id="dm_action_info_65">
    <text>停战期间，我遇见过一个“纪律团”的人。\n我们做过一番交流。\n那家伙是个聪明人，但却TMD眼光短浅。\n你也知道，我们的理念跟他们的完全不同。\n对于变异区，可以驯服它，同化它，但不要破坏它。\n要做到这点，就得敞开大门，广开言路。\n总会有人能找到最终的解决办法。\n而他们呢，却张口闭口就是‘关闭它’，“封锁它”还有“禁止散布”。\n冒险，彻底禁止。\n另一方面，这么做倒也符合他们的理念。\n当你跟当权者扯上关系时，就不能站在局外考虑问题了。\n</text>
</string>
<string id="dm_action_info_66">
    <text>那有一幢小农舍，曾经是个安静的地方，但现在有些爬行生物在那安了家生儿育女。\n所以最好绕道走，我就打算这么做。\n嗨，小伙子，我有警告过你的哟。\n</text>
</string>
<string id="dm_action_info_67">
    <text>我要警告你，潜行者，就是现在：吸血怪很久之前就在村庄里建立了巢穴，或许还有更糟糕的东西，小心点。\n</text>
</string>
<string id="dm_action_info_68">
    <text>我要提醒你，潜行者。\n吸血怪们早就把老巢安在那座村庄了，可能还要更糟，所以千万小心。\n</text>
</string>
<string id="dm_action_info_69">
    <text>毫无悬念的。\n现在那些小农舍里既没有神器也没吸鬼怪了。\n都被我们赶尽杀绝了。\n现在我来到这里，就没再打算回那地方去了。\n可能是直觉吧，反正我不会再回去了。\n没办法！那里现在是一片死寂。\n</text>
</string>
<string id="dm_action_info_7">
    <text>我要离开这个鬼地方！在边境足足转了四星期，我已经受够了。\n不断有怪物从石棺那边向这里涌来，而且一天比一天多。\n</text>
</string>
<string id="dm_action_info_70">
    <text>现在很多都成垃圾工了。\n在以前它们甚至不习惯看到成堆的东西。\n这里的辐射高到半分钟就能煮熟鸡蛋。\n而如今找食物越来越难，它们就用些化学品把自己裹起来，然后爬到垃圾堆里翻找。\n在这里各种各样的东西都有，虽然绝大多数都是些小破烂。\n</text>
</string>
<string id="dm_action_info_71">
		<text>你来这是要到通关口吗？不错--至少还有个正常人来这边。\n我们组织了起来并且运作的很好…但所有的野兽都朝着我们过来了！…现在的情势是越来越糟了。\n</text>
	</string>
	<string id="dm_action_info_72">
		<text>你没听说吗？通往变异区中的的道路开启了！不是它自己开的，就是有人拼命的去把给打开了--如果是这样，那我衷心的感谢他们。\n现在你要做的事，就是就是去搜集最棒的货品！</text>
	</string>
	<string id="dm_action_info_73">
		<text>你可以等待，潜行者。\n别追逐任何东西。\n告诉我：你知道那边有什么吗？没错，你不知道。\n不知道那边有没有任何东西。\n你也不知道有什么样的陷阱在等着你。\n那你干嘛要像一头也牛一样横冲直撞？</text>
	</string>
	<string id="dm_action_info_74">
		<text>通往中央的道路开放了，了解吗？！现在有一条笔直的道路通往中央了！现在每个人都想到那边去寻宝。\n但最重要的事情就是抢第一，来拿到最初的收获！</text>
	</string>
	<string id="dm_action_info_75">
		<text>继续前进--你会自己看见每一件事情的！你不想自己看看前面发生了什么事情吗？哪么你还真是…神明保佑啊。\n那边一定有很多好东西！举例来说，你有听说过“实现愿望”，对吧？</text>
	</string>
	<string id="dm_action_info_76">
		<text>天啊，就跟小孩子一样！"实现愿望"，"克隆迪克的神器"…我不敢相信我听到的！</text>
	</string>
	<string id="dm_action_info_77">
		<text>我想自己找出事情的真正原因，朋友！如果我们能找出来，或许就可以一次解释变异区的事情了吗？</text>
	</string>
	<string id="dm_action_info_78">
		<text>你有看到摩天大楼吗？那就是皮里普亚季了？电厂就在它的后方，我真希望能到那里去…指示现在很难确认这些日子以来，有些什么东西在那边活动了。\n</text>
	</string>
	<string id="dm_action_info_79">
		<text>让我解释一下。\n那边是皮里普亚季，在后面就是--车诺比核电厂！那边在进行些什么还有现在谁在那边，都是未知的事情。\n这是给我们的地方，我们会去找一些东西，跟以往一样。\n</text>
	</string>
<string id="dm_action_info_8">
    <text>没有听过！我正要前往酒吧，跟那些家伙聊聊。\n什么？你从没去过？天啊！那么就这样吧：从你站的地方往北走，酒吧就在角落的地方。\n在那边停留一下会有帮助的，特别是像你这样的新手，：那边都是一些老手，谁晓得。\n或许他们帮得上忙，告诉你一些事情，怎么做或是如何。\n还有一件事，你会在路上遇上我们纪律团的同伴…到时--如果你够幸运，他们就会喜欢你的。\n如果不幸运，那你就惨了。\n还有注意那些强盗。\n</text>
</string>
<string id="dm_action_info_80">
		<text>皮里普亚季！该死，这是真的吧！终于！从这里只有一条路到电厂。\n该死，尽管你可以直接冲进去那里--我可不知道有什么怪物会在那边磨着利齿等你。\n</text>
	</string>
	<string id="dm_action_info_81">
		<text>听着。\n朋友…你有听到脑子里的一种声音，还是只是我的幻觉而已？这声音不停又不停的呢喃着...</text>
	</string>
	<string id="dm_action_info_82">
		<text>该死，另一个…这样吧。\n我已经试着解释过上万次，在这边的某种精神干扰的经验了。\n这个声音不是来自外部，而是不断的从变异区的中心发出来，尝试想要实现他们的愿望，那些想要触碰到那东西的人…那叫什么？…对了，某种的黑石。\n</text>
	</string>
	<string id="dm_action_info_83">
		<text>你有听到声音吗？酷，就像在你的脑子里有个播放器一样！可惜它只能放一种声音：来到我这边，你就会拥有最大的喜悦。\n连续两个小时都在述说同样的事情。\n</text>
	</string>
	<string id="dm_action_info_84">
		<text>你能猜出那是什么吗？你也想要穿越电厂！好吧，我们也是--还有什么？如果我们尽快可以清除这些路上的笨蛋…</text>
	</string>
	<string id="dm_action_info_85">
		<text>电厂的区域很接近了！现在我们仍然无法对抗黑石组织份子的抵抗！</text>
	</string>
	<string id="dm_action_info_86">
		<text>就是它，车诺比核电厂，就在触手可及的。\n只有一点东西留下而已，但这些该死的家伙真是顽固，就是不让我们通过！小事一桩，我们会马上把他们清除掉的！</text>
	</string>
	<string id="dm_action_info_9">
		<text>听着，朋友，你不知道关于农会的事情吗？我想要去那里，但每个人都开始嘲笑我：那边已经没有什么好东西留下来了，他们前阵子把那地方都给清光了。\n你知道吗，他们是说真的还是开玩笑而已？我才刚刚来这里--相信当地人说的…或许他们都联合起来愚弄我？他们不过是想要找些乐子，这些浑球！</text>
	</string>
	<string id="dm_action_info_94">
		<text>等等！走快点，但不要急过头了。\n到处都是黑石信徒，他们对这城市可是很熟悉的，在这放了一堆的陷阱。\n我们需要小心一点。\n</text>
	</string>
	<string id="dm_action_info_95">
		<text>我警告你：现在城市有一大部分被黑石组织所控制着。\n一大堆的陷阱--他们对这个城市可是非常的熟悉。\n眼睛放亮一点，并且检查好你的武器</text>
	</string>
	<string id="dm_action_info_96">
		<text>喔，我最想做的是给这座城市来个地毯式的轰炸。\n猪啰…他们唯一不会去躲藏的地方只有沙坑和花盆里。\n有多少人因为这群讨厌鬼死掉了。\n</text>
	</string>
	<string id="dm_action_info_97">
		<text>听着，有谁知道这个“愿望实现者”…或许它不是永恒的，所以对没办法满足所有的人？还有我们该怎么做？五体投地的膜拜吗？还有你，兄弟，我答应你：如果我们到了那里，我保证在我之后就是你…</text>
	</string>
	<string id="dm_action_info_98">
		<text>纪律团已经来到中央了，如果他们不是第一个，那也是第一个的其中一个！想想看那个画面，潜行者，那些疯子跟你们这些不是药瘾者、偏执狂就是智力迟钝的人--来到这个可以实现愿望的东西的前面，嘿？然后呢？</text>
	</string>
	<string id="dm_action_info_99">
		<text>世纪新闻：所有能走的和带着武器的现在都来到这里了！在这里什么事都可能发生！你刚刚听到了：任何你所希望的事！然后接着就会有人说"我想要隔离区永远的消失"。\n嘿？你有抓到悲剧的重点吗？我们都来到了虚空之中的死亡尽头，我们全都是！</text>
	</string>
<string id="dm_action_info_119">
    <text>是的，新来的，强盗一直在追捕我们，但是科学家们正在帮助我们。\n这是我们所有的交易？ or 生意？</text>
</string>
<string id="dm_action_info_120">
    <text>兄弟，昨天喝多了我的头现在像是被重击了一样，也许最好等时间过去一点后，然后我们在谈谈。\n</text>
</string>
<string id="dm_action_info_121">
    <text>坚持住，兄弟。\n现在和那些家伙坐在冒烟的篝火附近，他们可能会开始问很多的问题，而我的大脑并不清楚。\n</text>
</string>
<string id="dm_action_info_122">
    <text>关于史特列洛克，当然这个你不必担心，你能依靠你自己的。\n你想跟更资深一点的人谈谈，不是吗？当然他一直在等你而你没有出现的话他会变得非常生气的，而当他生气的时候他就算踢他的妈妈。\n没有一丝抱怨。\n</text>
</string>
<string id="dm_action_info_123">
    <text>我告诉你，我看到了雇佣兵去了罗斯托克，并且也带走了一个兄弟和其他的潜行者。\n恩...你知道他们的，如果他们还活着，那么他们就不会得到释放。\n我从科学家那里知道了那将会是一场地狱之旅。\n</text>
</string>
<string id="dm_action_info_124">
    <text>我们需要召集到一些全副武装的家伙去打击这个小组。\n昨天这个愚蠢的家伙被抓到了而且被雇佣兵丢到了一口井里。\n现在他已经死了。\n</text>
</string>
<string id="dm_action_info_125">
    <text>检查一下我们的兄弟，看好我的小队，酗酒的混蛋。\n和这些家伙去攻击佣兵？！Dolgovtsev 只会用嘴来帮忙。\n偶尔我们会得到一个小队的帮忙，但这并不常见。\n其他人经常往 [琥珀(视游戏过程改变此地名 stable_dialog_manager.xml第304行)]的方向走去。\n所以我们不会提供太多的帮助。\n</text>
</string>
<string id="dm_action_info_126">
    <text>是的，哪里有野兽。\n它们从哪来的？我正在想要不要闯进琥珀去找到答案。\n那是某一天的一个晚上，当我远离了 火堆后，大约在30米的地方尿尿，然而一个吸血鬼当时就在我的身后并且几乎快吞噬了我。\n幸运的是瓦迪克当时正在守望，他当时就直接拿起了刀刺穿了吸血鬼两眼之间的脑袋。\n</text>
</string>
<string id="dm_action_info_127">
    <text>你不应该独自一人在这里行走。\n我们在这里有一群家伙组成的小队。\n有一个奇怪的声音在这里甚至还出现在厕所里。\n甚至连突变体都是两或三只组队的。\n如果是一个人旅行，那你在这里将会是必死无疑。\n</text>
</string>
<string id="dm_cool_info_0">
    <text>有什么新闻吗？去你的新闻，你连一些老消息都弄不清楚了。\n强盗们抓狂了，这群猪猡！我们在异种生物之间试图拿取神器，他们却在偷取其他人的东西…混蛋！小心点别走进废弃区了--那可是他们的地盘。\n</text>
</string>
<string id="dm_cool_info_1">
    <text>我卡在这里了，你懂吧，卡住了。\n我想回家，但他们不让我走。\n事情是这样的，那些人深入了变异区，那个东西就在那边，他们所说的不同的东西。\n他们也拿了一堆好东西--你嫉妒了喔。\n他们说那里就像是个金矿一样：有成堆的东西可以自由拿取。\n假使没有很多人可以到那里，那么可以活着回来的人就更少了。\n</text>
</string>
<string id="dm_cool_info_10">
    <text>一个星期前欧特在焦脑器上焦脑了。\n如果是那些菜鸟也就算了--但他可是有好几年年资的潜行者，人们说他曾经在史特列洛克的小队上。\n那时就那么突然的…</text>
</string>
<string id="dm_cool_info_100">
    <text>好吧，我不晓得最近有什么新闻。\n</text>
</string>
<string id="dm_cool_info_101">
    <text>当地的这些生物来自四面八方。\n我曾想过如果我们死得越多它们就会出现得越多。\n我们一定会得到胜利因为我们有强大的同伴。\n我们要把东西放整齐，对于已故的同胞我们要向他们表达敬意之情。\n</text>
</string>
<string id="dm_cool_info_102">
    <text>这该死的地方，总之不会是农业研究所区域。\n打啊打的……你到底和谁有过节？你这么做，为了什么啊？那些变异体如此快速的增长这不正常啊。\n我们杀了很多变异体然而他们却变得更多了。\n</text>
</string>
<string id="dm_cool_info_103">
    <text>我曾听说很多的异常现象和异常的东西都是不明显的。\n或许是因为辐射的缘故，它们汲取的能量波过多了。\n所以小心些，现在出门不再是那么容易了，现在你有没有侦查器将决定你的死活。\n描述出的物品只能通过探险用的探测器找到。\n祝你好运。\n</text>
</string>
<string id="dm_cool_info_104">
    <text>如果要找到这个地区最安全的一个庇护所。\n你要么在垃圾填埋场被勒索，或在成群的突变体呆的地方，或是在农场里干活，或在腐败的军事部队。\n甚至是变异体和正常的生物这个地方相比于其他地方还是不错的。\n</text>
</string>
<string id="dm_cool_info_105">
    <text>狩猎变异体。\n那些变异者的尸体，商人和科学家会给你个好价钱。\n你相信我吗？自己去试试吧。\n</text>
</string>
<string id="dm_cool_info_11">
		<text>你告诉我，潜行者，为什么像你这样的孤行者有时会发神经？你缺乏了什么纪律的训练吗？上个星期有人决定要通过焦脑器。\n大家说他也是有经验的老手了…如果你们想把脑子搞掉的话--把火药放到嘴里引爆会更快的！</text>
	</string>
	<string id="dm_cool_info_12">
		<text>这些混蛋的佣兵团。\n他们剥削我们有很长的时间了，现在他们也打算对那些书呆子这样做。\n他们为什么要让步？因为一些赎金？还是去分享他们诺贝尔奖？</text>
	</string>
	<string id="dm_cool_info_13">
		<text>最近佣兵团的活动变多了，我们也把他们称为掠夺者。\n在这里有另一种猪啰，不晓得你有没有听过。\n有一种像强盗，他们不善于战争。\n很奇怪的，他们通常喜欢攻击潜行者，但后来却都对科学家比较有兴趣。\n不管怎样你都小心一点，我也不会放他们通过，而让他们把你的头给射掉的。\n</text>
	</string>
	<string id="dm_cool_info_14">
		<text>谣传说书呆子发现了惊人的东西，然后突然间所有的人都抓狂了：军队、佣兵团，甚至是在附近不远的纪律团的人。\n</text>
	</string>
	<string id="dm_cool_info_15">
		<text>如果你也想知道这两天每个人都在烦我的事情，那么我跟你说：去洗个澡！如果我知道，而他们没有禁止我，我一定会说出来的。\n但就是这样，我不知道--他妈的不知道！那些科学家发现了什么？我们的老大去哪里了？我该做些什么？他们这些人都度假去了，而且没有告诉我们答案，来为他们自己解释。\n</text>
	</string>
	<string id="dm_cool_info_16">
		<text>哈！每个在这边的人都疯了！康福德瑞特跟他的队伍从一次突袭中回来了，带了一堆的神器--妈妈咪啊！当然康福德瑞特一直都很沉默--一个字也没有说，就像往常一样--而他所有的手下都到处嬉闹，仿佛他们挖到了育空河的黄金一般…这群猪猡！</text>
	</string>
	<string id="dm_cool_info_17">
		<text>这几天所有的这些野兽都来自焦脑器那里。\n在老仓库旁建造军营的那些人，现在他们看来得要应付了。\n如果状况没有改变…他们就需要去找援军，不然也没有别的方法了…</text>
	</string>
	<string id="dm_cool_info_18">
		<text>你有听过关于变异区在扩张的谣言吗？我想那是真的：我在周围看过一个可怕的人形怪物，这以前你只能在变异区的中心见到。\n事情看来不太妙，是吗？</text>
	</string>
	<string id="dm_cool_info_19">
		<text>很有可能关于变异区边界吸血怪的事，他们并没有说谎。\n但那跟变异区的扩张有什么关连？不就是有一群怪物闲晃通过了边界，它们通过了，有时我们就得花上些日子来不断的巡逻！而我们做得很好，因为在过去周围没有人喊着，"救命啊，我们正被怪物包围着！"。\n</text>
</string>
<string id="dm_cool_info_2">
		<text>耶，那还真有点悲伤，毕竟，在前些日子欧特死了，当然死的毫无价值。\n真是无法相信…你没有听过欧特吗？好吧，他事实上是一个教授--他很早就来到变异区，对这里的一切了若指掌…接着就像意外一样！那边有一些真正老经验的潜行者，但是变异区还是毫不留情的夺走了他们，而其他的人在最后后都回到了大陆去。\n</text>
	</string>
	<string id="dm_cool_info_20">
		<text>你认为如何，酒保知道关于科学家发现的东西的细节内容吗？听着，或许他跟科学家挂勾了？看来他最近找到更多有经验的潜行者，而且给了他们奇怪的任务。\n这不能解释每件事，只是说说，这样那样的…但那地方危险又没有好东西，那么他还在那里找些什么？</text>
	</string>
	<string id="dm_cool_info_21">
		<text>奇怪的事情正在进行着。\n僵尸一般都害怕在光线之下，但现在它们却遍布在所有的地方了。\n这到底是怎么一回事？</text>
	</string>
	<string id="dm_cool_info_22">
		<text>因为某些原因僵尸变得更具侵犯性和活跃了。\n以前我们可以在设施旁清除它们，但现在我们只能守住设施的入口。\n但你没听我提过，知道吗？</text>
	</string>
	<string id="dm_cool_info_23">
		<text>小心这些活死人到处都是，又笨又具侵犯性。\n我们被彻底的包围了--不管白天还是黑夜。\n现在这里非常的危险，年轻人。\n</text>
	</string>
<string id="dm_cool_info_24">
		<text>喔，我打赌书呆子们一定弄砸了试验室中的某些事情。\n以前不会这么容易去碰到僵尸的，但现在实验设施的四周到处都是它们。\n更糟糕的是，它们看起来就像是在找什么遗失的东西一样。\n</text>
	</string>
	<string id="dm_cool_info_25">
		<text>谣传说科学家雇用了我们其中一个人下去到实验室中。\n给了他一些东西…某种的保护装置…没别的了，事情就这样。\n</text>
	</string>
	<string id="dm_cool_info_26">
		<text>他们泄漏所有的事情。\n他们甚至说有个疯子出现，跟一个科学家交谈后，为了某些原因同意为他们下去实验室里。\n这真是胡闹！</text>
	</string>
	<string id="dm_cool_info_27">
		<text>现在是本周最大笑话！书呆子们给了你们的一个人很好的报酬，带着他们的装备让他爬进去实验室里。\n另一个受害者，该死！</text>
	</string>
	<string id="dm_cool_info_28">
		<text>我想某些事情又再酝酿了。\n书呆子们发现了某些东西让每个人都竖起了耳朵，那表示你跟我之间不再有任何的和平了。\n</text>
	</string>
<string id="dm_cool_info_29">
		<text>恶魔才知道。\n我们的压力是以前的两倍--不是封锁，就是清除…而这也代表了在变异区中的军队数量的增加。\n</text>
	</string>
	<string id="dm_cool_info_3">
		<text>我就知道这么多了。\n总是会有一堆人聚集在外围，但他们有一半的人没有深入过变异区，那边也没有那么多的足够的神器可以给他们。\n他们甚至拿走了所有在实验室和工厂可以拿的东西。\n很快的这里什么都不会留下，只剩下一个餐厅…充满着异国情调的景观和不同风味的菜肴。\n</text>
	</string>
	<string id="dm_cool_info_30">
		<text>我甚至不知道要告诉你什么…这边总是有些事情在进行着，但都有一堆理由。\n虽然在大陆上的人不么认为，但就某种意义来说，你跟我现在就在这个变异区中。\n</text>
	</string>
	<string id="dm_cool_info_31">
		<text>那些书呆子发现了某些东西。\n天知道他们偶然间发现的秘密是什么，但他们的确派了军队在四周驻守着。\n他们已经搜遍了农会跟黑暗山谷，搜寻、不停的搜寻，试着找出某些东西…</text>
	</string>
	<string id="dm_cool_info_32">
		<text>每天都有越来越多的垃圾从焦脑器那里过来，而自由团跟纪律团的人又开始对干了，他们要把对方都给杀掉，接下来呢？我们靠着自己防守边界还能守多久？</text>
	</string>
<string id="dm_cool_info_33">
		<text>异种生物们闯关的动作越来越强硬了。\n最近的日子真的不好过，如果有人能阻挡它们的话，我们就可以获得更多的胜利。\n</text>
	</string>
	<string id="dm_cool_info_34">
		<text>纪律团继续在通关口喊着他们的超级英雄行动。\n如果有人会相信他们…我们开始这么做，而我们是那个继续在做事的人，并且有许多像你一样的孤行者愿意在后面支持着。\n但那些从纪律团来的人…那些混蛋…下地狱去吧！</text>
	</string>
	<string id="dm_cool_info_35">
		<text>我听说纪律团已经完全背叛理想了。\n他们不断的说一些像"我们是维持变异区安全和秩序的自愿军"…耶，对啦，自愿军！一些支持者给这些所谓的志愿军这么多的弹药跟火药，让你到死都会嫉妒，所以他们变了。\n</text>
	</string>
	<string id="dm_cool_info_36">
		<text>现在在谣传些什么？我告诉你的可不是谣传：很快的会更有秩序的。\n我们将要清除变异区中所有的野兽，还有那些特定的混蛋也是...</text>
	</string>
	<string id="dm_cool_info_37">
		<text>你有听说那些纪律团的人说他们将要对付我们吗？"把他们化为尘土"--那说的还真是清楚。\n这件事一直困扰着我…特别是在听说他们用了顶尖的装备，来重新武装自己之后。\n</text>
	</string>
	<string id="dm_cool_info_38">
		<text>有什么消息？我们坐在这，野兽朝着我们过来，我们射死它们，它们又过来，只是变得更强大。\n有几次军方的飞行器飞了过来，看来他们甚至飞越了焦脑器。\n</text>
	</string>
	<string id="dm_cool_info_39">
		<text>还能有什么新鲜的…同样的，同样的老东西。\n异种生物，自由团…虽然最近士兵们开始用飞行器飞行，至少他们可以立刻射击野兽…而不是什么都没有…</text>
	</string>
	<string id="dm_cool_info_4">
		<text>新闻？谁在乎他们说什么！你不能相信每个人说的话。\n举例来说，有人说有些来自内部区域有经验的潜行者，带来了一些没有人见过的东西，一堆令人讶异的好货色…我可以自己编造一百个像那样的故事！</text>
	</string>
	<string id="dm_cool_info_40">
		<text>我看到一些军方的飞行器：想想看，他们从上面飞过，并且飞越了焦脑器！好吧，我在想，他们应该要坠机了。\n但没事--他们就这样继续飞着，在那飞了一阵子，四处盘旋，然后就飞回去了。\n很典型，对吧？</text>
	</string>
	<string id="dm_cool_info_41">
		<text>喔，现在已经有条路可以进入中心了--那边一定有很多的宝藏，就躺在你的脚底下而已！</text>
	</string>
<string id="dm_cool_info_42">
		<text>现在往变异区中心的路相对的变得安全了，潜行者们就像被花蜜吸引的苍蝇一般的冲了过去。\n耶…贪婪真的不是人性最好的品质。\n</text>
	</string>
	<string id="dm_cool_info_43">
		<text>现在这就是生活！所有那些来自酒吧和边界的人仍试着到这里来，我们拥有最棒的东西。\n我们收集了所有最好的货品，然后把小垃圾留给在我们身后的人。\n</text>
	</string>
	<string id="dm_cool_info_44">
		<text>人们说它确实存在--愿望实现者。\n某个人甚至已经到了那边，而且许下了一堆的愿望…</text>
	</string>
	<string id="dm_cool_info_45">
		<text>听着，伙伴，我知道在变异区什么事都可能发生。\n我自己都见过了。\n但关于这些能立即实现愿望的故事，关于一个在加勒比海的私人饭店--根本就是胡扯，什么都不是。\n</text>
	</string>
	<string id="dm_cool_info_46">
		<text>你还不知道吗？两个我们的人--一些最早到达中央的人--真的见到了愿望实现者而且实现了愿望！他们一辈子都在梦想着温暖的海岛，所以现在他们一定是在某个热带地区做日光浴。\n</text>
	</string>
<string id="dm_cool_info_47">
		<text>我们发现了一个英雄--来自自由团的重要人士？每个人都以为他回到大陆去了，但事实上他带了一个小队伍，不晓得用什么方法通过了焦脑器。\n看，这才是男人啊。\n</text>
	</string>
	<string id="dm_cool_info_48">
		<text>在以前难以进入的区域，一只自由团的特遣队被发现了。\n他们是如何平安的通过，而且在这里生存了数个星期？真的无法想像。\n我想我们低估了这群人？</text>
	</string>
	<string id="dm_cool_info_49">
		<text>想想看--他们发现了我们的麦鲁哈！所有跟着他的人也都活着。\n他们穿越了焦脑器，然后整整一个月只是在消磨时间，有可能永远都回不来了。\n</text>
	</string>
	<string id="dm_cool_info_5">
		<text>有一些奇怪的事情发生了。\n谣传说纪律团的首领，不只是离开变异区谈生意而已，他还跟自由派的人作了协议。\n他们应该把这些协议公开，因为现在每个人都给弄糊涂了。\n事情看来不妙，在另一方面，一些老资格的人没有特别为了什么，已经开始在反击了。\n希望那些大陆来的内阁官员，可别把我们全部都丢到另一场灾难之中。\n</text>
	</string>
	<string id="dm_cool_info_50">
		<text>你听到了吗？军队已经都准备好了，他们很快的就会到这里来了！他们发现焦脑器坏了，决定要自己拿走所有的东西！…</text>
	</string>
	<string id="dm_cool_info_51">
		<text>新的消息进来了：会有一大群的陆军部队降落在电厂。\n我给你的建议是：如果你还想抢到好东西，那动作快一点。\n</text>
	</string>
	<string id="dm_cool_info_52">
		<text>这真是一团混乱，它就是这个样子！但你看，通道已经开启了，他们清除了电厂的所有废物--如你所见，军队已经要接管那里了！真是没有羞耻心也没有良心。\n</text>
	</string>
<string id="dm_cool_info_53">
		<text>有一件事我不懂：自由团的人怎么可以守住这地方一整个月？他们有隐形斗蓬还是什么的？不可能！</text>
	</string>
	<string id="dm_cool_info_54">
		<text>你知道这边发生了什么事情吗？我刚刚才获得了麦鲁哈的敬重！想想看--四个星期要生存在这一团糟里面，也且还不能损失任何人手！</text>
	</string>
	<string id="dm_cool_info_55">
		<text>这里有些人抓狂了。\n想想看，他们曾都是坚韧的汉子，但现在却像个留口水的大笨蛋一样，真吓人。\n</text>
	</string>
	<string id="dm_cool_info_56">
		<text>你越靠近电厂，那个未知的精神感应力量就会越强。\n有些人开始抓狂，有些则受到了创伤，开始看到某些东西。\n或许这是撤退的好时机…</text>
	</string>
	<string id="dm_cool_info_57">
		<text>听着，在这边的人都失去心智了，有人看到石头就开始叫喊，说它就是那个该死的神器，他是第一个看到的，其他人都要滚开。\n另一个家伙看到失踪多年的人漂浮在云端…不，这边一定有某些病态的东西在运行着。\n</text>
	</string>
	<string id="dm_cool_info_6">
		<text>军队的人都忙着--寻找、挖掘。\n以前飞行器都只用来飞到扬塔--保护科学家、运送补给和技术物品。\n但现在他们确实开始入侵这里了--计划着所有的探险、开着APC's四处跑来跑去。\n他们已经跑到农会跟黑暗山谷去了，真不了解他们。\n</text>
	</string>
	<string id="dm_cool_info_7">
		<text>他们又在说有人穿越了焦脑器。\n很明显的他没再回来过…你从来都没听过焦脑器吗？你到底怎么了，兄弟？它可是这个区域里最危险的东西了！唯一的问题是所有他们说的关于它的恐怖事情大多都是事实。\n</text>
	</string>
	<string id="dm_cool_info_8">
		<text>这里，除了盗贼之外，军队也因为某些原因开始四处活动了。\n以前你只能在一百尺外偶而看见直升机，但现在他们可是飞遍整个变异区了。\n他们是不是弄丢了东西还是什么的？</text>
	</string>
	<string id="dm_cool_info_9">
		<text>我要警告你，潜行者。\n最后在这边被见到的士兵已经抓狂了。\n之前他们都安静又沉稳，负责保护那些科学家，但现在好像屁股被火烧到了一样：到处乱跑乱跳…没办法平静下来--已经不止一次的去攻击你的兄弟，即使在我们之间，他们也在上个礼拜伤了两个人。\n</text>
	</string>
	<string id="dm_help_thanks_1">
		<text>非常感谢你。\n</text>
	</string>
<string id="dm_intro_0">
		<text>你在做什么，没有任何保护就到处乱跑？是不是活的不耐烦了？在树丛后面有特异点--一碰上，你就挂了！在这里如果没有保护的话，他们连小便都不敢去，一不小心你马上就会得到了一身的辐射污染。\n</text>
	</string>
	<string id="dm_intro_1">
		<text>看来你还不是很了解附近的情势，做为朋友我要警告你：别跟军方扯上关系。\n如果你发现了他们就马上离开，因为那些家伙根本就没有脑子。\n首先他们会开枪射你，等你死了以后他们才会确认检查你的身份。\n</text>
	</string>
	<string id="dm_intro_10">
		<text>这里由纪律团的人统治，就是我们亲爱敬爱的警察势力，或是类似那样的东西。\n牢记在心会让你避开麻烦的。\n</text>
	</string>
	<string id="dm_intro_100">
		<text>日安。\n</text>
	</string>
	<string id="dm_intro_101">
		<text>日安。\n</text>
	</string>
	<string id="dm_intro_102">
		<text>愿你一切安好。\n</text>
	</string>
	<string id="dm_intro_103">
		<text>嘿，伙伴！</text>
	</string>
	<string id="dm_intro_104">
		<text>嘿。\n</text>
	</string>
	<string id="dm_intro_105">
		<text>喔嘿！</text>
	</string>
	<string id="dm_intro_106">
		<text>哈啰。\n</text>
	</string>
	<string id="dm_intro_107">
		<text>你好！</text>
	</string>
	<string id="dm_intro_108">
		<text>哈啰，潜行者。\n</text>
	</string>
	<string id="dm_intro_109">
		<text>你好，潜行者。\n</text>
	</string>
	<string id="dm_intro_11">
		<text>你正在一个由纪律团维护的区域中。\n所有巡逻队的要求都必须立刻马上被执行，而且不得反抗；有需要时也必需马上解释原因。\n然而这边的行为准则很简单：对待每个人都谦恭有理，每件事就都会运作的很好。\n</text>
	</string>
	<string id="dm_intro_110">
		<text>嘿你，潜行者！</text>
	</string>
	<string id="dm_intro_111">
		<text>哈啰。\n</text>
	</string>
	<string id="dm_intro_112">
		<text>看看是谁在这里？</text>
	</string>
	<string id="dm_intro_113">
		<text>在这里的是谁？</text>
	</string>
	<string id="dm_intro_114">
		<text>哈啰，朋友。\n</text>
	</string>
<string id="dm_intro_120">
    <text>我最近才来这儿。\n我已经厌倦了当地的现状了。\n没想到脱身更难。\n</text>
</string>
<string id="dm_intro_121">
    <text>好吧，伙计！你也是躲在这的？这里一切都是神秘不可知的，甚至是潜行者们的过去，还有他们自己所逃避的东西。\n</text>
</string>
<string id="dm_intro_122">
    <text>你知道晴空组织吗？那些跟秘密特工合谋的人。\n对于他们的了解只有通过无线电通信片段跟潜行者们谈论的各种故事。\n</text>
</string>
<string id="dm_intro_123">
    <text>有一队被称作复仇者的人最近在这一区域露面。\n还不知道他们对什么想要什么。\n我这辈子见得人多了，跟别人交流，理解他们.....但是这群人是天生的杀手。\n一个词概括就是“专业的”。\n</text>
</string>
	<string id="dm_intro_12">
		<text>如果你有问题，那么就到酒吧去不要烦我。\n他们会跟你说你问题的答案，然后也会问问他们自己的问题。\n不过我现在可是没时间了。\n</text>
	</string>
	<string id="dm_intro_13">
		<text>第一次来这里？那我建议你去酒吧走走：那边你的同僚会告诉你最新的消息。\n</text>
	</string>
	<string id="dm_intro_14">
		<text>试着离僵尸远一点，还有不要进入实验室，懂吗？</text>
	</string>
	<string id="dm_intro_15">
		<text>我不建议你靠近实验室，那边有太多僵尸了。\n。\n</text>
	</string>
	<string id="dm_intro_16">
		<text>你知道的，我会建议你跟实验室保持距离。\n</text>
	</string>
	<string id="dm_intro_17">
		<text>你小心僵尸--它们很笨，但是不害怕任何东西。\n最好不要进入实验室--它们都在那里繁殖，或是一些其它的东西…</text>
	</string>
	<string id="dm_intro_18">
		<text>你记住焦脑器就在附近，别试着想要往北走。\n</text>
	</string>
	<string id="dm_intro_19">
		<text>小心--如果你不想要失去你的脑子，就别从这里往北走。\n</text>
	</string>
	<string id="dm_intro_2">
		<text>过桥时小心一点，懂吗？那边有太多闲晃的狗了。\n如果你不注意点，它们马上就可以把你撕成碎片的。\n</text>
	</string>
	<string id="dm_intro_20">
		<text>你自己小心一点！你要知道焦脑器离这里很近；如果你往北走，你就会是另一个垂死之人。\n</text>
	</string>
	<string id="dm_intro_21">
		<text>如果我们穿过矿区，只会更糟的。\n恶魔知道这边在进行些什么--所以在这几乎是没办法放松的。\n</text>
	</string>
	<string id="dm_intro_22">
		<text>我建议你提高注意力，随时警觉不要放松。\n一旦你松懈了，你就惨了--死亡将会盯上你的。\n</text>
	</string>
	<string id="dm_intro_23">
		<text>在这边要做的就是随时警觉！即使是睡觉时也要睁开你的眼睛！这边随时都会发生糟糕的事情。\n</text>
	</string>
	<string id="dm_intro_24">
		<text>小心那一群猪头！他们在这边就跟一群蟑螂一样到处都是！</text>
	</string>
	<string id="dm_intro_25">
		<text>当你看到那群自称为黑石信徒的人时，尽快的把他们都给毁了。\n他们可是非常的危险--他们都是一群狂热份子！</text>
	</string>
	<string id="dm_intro_26">
		<text>这边有一些笨蛋，他们自称为黑石信徒…或是谁开始称呼他们什么--好吧，都可以啦。\n基本上，他们不怕痛。\n如果他们的子弹用完了，他们就会自己跳到你的身上去撕碎你的喉咙。\n所以，如过你看到他们，别考虑，马上就开火！</text>
	</string>
	<string id="dm_intro_3">
		<text>听着，如果你看到了隧道，不要进去。\n我认真的跟你说，不是每个人的脑到都很清楚的，他们甚至没办法带你出来--到时你的下场会很惨的。\n那已经是变异区了，你了解吗？</text>
	</string>
	<string id="dm_intro_4">
		<text>你为什么被抢光了？你遇到了桥下的那群变态吗？那群野兽！他们刚刚也差点杀了我，逼得我把身上的东西都给他们了！他们就在附近四处巡逻。\n连检查点中有军队驻扎也不怕，这对他们来说根本就没什么不同的。\n</text>
	</string>
	<string id="dm_intro_5">
		<text>你为什么独自一个人？这边有一堆的剃刀头，随时会逮到你！最近我听说他们完全的失控了，他们甚至会去攻击安全检查点！</text>
	</string>
	<string id="dm_intro_6">
		<text>我警告你，如果你没有留心这些讯息的话：最近强盗们移动到这边来了。\n这已经是这星期以来第二次的交火了，小心一点--他们已经派出六个独立行动的人到另一边去了。\n</text>
	</string>
	<string id="dm_intro_7">
		<text>你有听过关于在研究机构旁的军队需要些什么吗？他们为什么变的那么活跃？</text>
	</string>
	<string id="dm_intro_8">
		<text>你在这里要更小心一点。\n那群无法之徒就藏身在主建筑物里。\n一句话来说--他们是豺狼虎豹--没有道德心、没有怜悯…他们会杀光所有的人。\n</text>
	</string>
	<string id="dm_intro_9">
		<text>你不该单独进入黑暗山谷的，在那边的一个建筑物里有个严密的强盗巢穴--现在还不知道到什么地方。\n小心点别闯进去了，朋友。\n</text>
	</string>
	<string id="dm_intro_help_1">
		<text>救命啊，朋友！</text>
	</string>
	<string id="dm_intro_help_10">
		<text>谁可以救我！</text>
	</string>
	<string id="dm_intro_help_11">
		<text>守卫！我受伤了！过来这里！</text>
	</string>
	<string id="dm_intro_help_12">
		<text>救命，我要死了！</text>
	</string>
<string id="dm_intro_help_13">
    <text>潜行者....救命...给个急救包吧.....我要死了.....帮帮我——我会回报你的。\n</text>
</string>
<string id="dm_intro_help_14">
    <text>潜行者！给我个医疗包吧。\n。\n我快死了。\n。\n帮帮我，我会帮助你的。\n</text>
</string>
<string id="dm_intro_help_15">
    <text>嘿，潜行者，我需要医疗包。\n。\n快不行了。\n。\n帮我吧，你不会后悔的。\n</text>
</string>
<string id="dm_intro_help_16">
    <text>兄弟！能给我个绷带吗。\n。\n我快要流血而死了。\n。\n我会给你回报的。\n</text>
</string>
<string id="dm_intro_help_17">
    <text>潜行者。\n。\n快给我个医疗包，我伤得好严重。\n。\n你会得到回报的。\n</text>
</string>
<string id="dm_intro_help_18">
    <text>潜行者，能给我个医疗包吗？人工呼吸也成。\n。\n我快要死了。\n帮帮我，我不会忘记的！</text>
</string>
	<string id="dm_intro_help_2">
		<text>嘿，把急救箱拿过来！</text>
	</string>
	<string id="dm_intro_help_3">
		<text>把急救箱拿过来！</text>
	</string>
	<string id="dm_intro_help_4">
		<text>抗休克，朋友！快一点！</text>
	</string>
	<string id="dm_intro_help_5">
		<text>急救箱，朋友！</text>
	</string>
	<string id="dm_intro_help_6">
		<text>有谁可以给我急救箱！</text>
	</string>
	<string id="dm_intro_help_7">
		<text>朋友，急救箱…箱！</text>
	</string>
	<string id="dm_intro_help_8">
		<text>救命，朋友！</text>
	</string>
	<string id="dm_intro_help_9">
		<text>嘿，朋友，你可以跟我分享你的急救箱吗？好不好？</text>
	</string>
<string id="dm_action_info_128">
    <text>噢，你的妈妈。\n。\n。\n所有事情都没按它应走的方向发展。\n曾经有很长一段时间，无论我做什么事好运都一直伴随着我。\n直到有一天外界开始改变。\n你认为我是为了找乐子才活在这该死的泥坑里吗?变异区曾有一段黄金时代。\n那时候这儿很安全，挣钱也很容易。\n但这一切都不复存在了，我的笔友们也都不在了。\n</text>
</string>
<string id="dm_action_info_129">
    <text>很简单。\n我回到了路上然后逃走了。\n政府悬赏了一大笔钱来换我的脑袋。\n但你知道我不想死。\n这就是为什么我移居到了这杳无人烟的地方。\n我会等到一切都归于沉寂的时候。\n不久后我就会回去。\n我要去搞定这个问题。\n</text>
</string>
<string id="dm_action_info_130">
    <text>我加入晴空纯属偶然。\n在我陷身沼泽时他们及时地把我拖了出来。\n又带我去了基地去见斯维布洛夫。\n我认为斯维布洛夫是个聪明人。\n他脑子里关于变异区的知识不是每一个人都可以比肩的。\n而且我认为他们想使变异区变天堂的目的很合适现况。\n所以我加入了他们。\n我一直都在尽我最大的努力帮他们。\n</text>
</string>
<string id="dm_action_info_131">
    <text>我的经历日渐丰富，而且存下了一些钱。\n为了变成有钱人，我给自己添置了一份枪和护甲。\n然后去变异区中心地区。\n我想看看那儿是否有人准备进去。\n这就是我的计划。\n啊!我真希望我能到达那儿。\n</text>
</string>
<string id="dm_action_info_132">
    <text>听过太多关于封锁线地区的罪恶故事。\n你随时可能死在那儿，而且物资很难运进去。\n但最让我痛苦的是，这地方没一个安静又安全的地方。\n连安稳睡个觉都做不到。\n</text>
</string>
<string id="dm_action_info_133">
    <text>我被变异区深深的吸引了。\n我来这也是纯属偶然，因为一次非法旅行。\n然后正如你所知道的，我马上就被迷住了！这里的人都很真实－－敌人也好朋友也罢。\n危险带来的是那种濒死的快感。\n变异区给人的那种生与死的感觉是如此的强烈。\n</text>
</string>
<string id="dm_action_info_134">
    <text>我的一个朋友在这等我。\n我要还一些东西给他。\n我们在这失去了联系。\n这里的路就像卷饼一样一团糟。\n我想我得回酒吧区去找一些朋友了。\n</text>
</string>
<string id="dm_action_info_135">
    <text>有个狗养的卖了张标有藏物点的地图给我。\n我现在怀疑他妈的是假的。\n为了找到这些藏物点我已经把这地方翻了个遍。\n好吧，要是再让我看到那个混蛋，老子一定宰了他。\n</text>
</string>
<string id="dm_action_info_136">
    <text>那次袭击后我就一直在休息。\n游荡到靠近分界线的地方。\n我们在这共同抵御恶灵。\n很多志同道合的人（同志）聚集在一起。\n夏奇[Shaggy] 谢尔盖[Sergei], 林奇[Lech], 马尔登[Malden] －－都是些活生生有血有肉的人。\n而且我一直能得到补给。\n这儿有个商人。\n所以我马上就决定留下来了。\n这里的生活比变异区的其它地方简单得多。\n</text>
</string>
<string id="dm_action_info_137">
    <text>这就像是趟雷区，而且更糟。\n这里经常只有鬼才晓得在发生些什么。\n你甚至连一秒钟都不敢松懈。\n</text>
</string>
<string id="dm_action_info_138">
    <text>为什么？你想听到什么？我要告诉你：多尔郭夫茨夫[dolgovtsev]，警察和他的伙计们，能够恢复秩序的力量。\n所以基本上我不喜欢他们。\n他们到处去显示他们的力量。\n此外，他们只是想统治特异区。\n</text>
</string>
<string id="dm_action_info_139">
    <text>为什么？你想听到什么？这里大部分的潜行者都是梦想家。\n</text>
</string>
<string id="dm_action_info_140">
    <text>我听到“纪律团”的无线电通告。\n</text>
</string>
<string id="dm_action_info_141">
    <text>最近，琥珀清除了僵尸。\n那里有一个研究实验室。\n这可以帮助科学家。\n</text>
</string>
<string id="dm_action_info_142">
    <text>你知道吗？让'多尔郭夫茨夫 '和' 斯沃博多夫[svobodov]' 操控掠夺者。\n我不在乎！</text>
</string>
<string id="dm_action_info_143">
    <text>我爱科学！去燃料库没有那么简单。\n那个地方到处都是军人啊，直升机那类的东西！</text>
</string>
<string id="dm_action_info_144">
    <text>小心点，因为那些行尸走肉遍布整个区域。\n他们非常笨，但是极具侵略性。\n我们日日夜夜都在做着防御工作。\n所以年轻人这个地方是比较危险的。\n</text>
</string>
<string id="dm_action_info_145">
    <text>你听说过'多尔郭夫茨夫'在近期说了很多大话吗？说实话，那有一点点困扰我。\n</text>
</string>
<string id="dm_action_info_146">
    <text>你永远不知道他们在说什么。\n有一些人相信他们说的每一句话。\n这就有一个老练的交谈者。\n</text>
</string>
<string id="dm_cool_info_7">
    <text>我听说有一行潜行者在大泄漏前开辟了一条通往区域中心的路。\n有趣的是，当他们在斗争中灭亡时，他们却努力前往许愿石。\n</text>
</string>
<string id="dm_cool_info_8">
    <text>这年头钱不好赚啊。\n就算你你逃出怪物跟变异点的魔爪，紧接着就是到处游荡的强盗，最后军队也来分杯羹。\n最后你回来的时候比你去的时候还穷。\n我们也来教训教训这些吸血怪吧。\n希望潜行者们已经能找到这些怪物了。\n</text>
</string>
<string id="dm_action_info_101">
    <text>去他妈的黑石！他们现在完全是疯了!过去他们还相安无事过。\n我还记得有一次我碰到个黑石组织的人，他跟我扯些关于黑石的鬼话，说什么：“（以下都是黑石士兵说的）伙计，黑石昨晚召唤我了。\n我跟“他”说话了。\n他富丽华美。\n他的光芒差点亮瞎我的狗眼，但这些光芒让我充满力量！我很清楚，我能感觉到他的力量笼罩着我们！他告诉我只有坚强的信念才能战胜邪恶。\n他还说他的力量只与他真正的追随者同在。\n他跟我说胜利就在前方。\n”我给他回了句（这是跟黑石士兵说的）：“跟你的黑石胡话一起滚得远远地。\n”他（黑石士兵）变得很生气并大叫道：“总有一天我们会清除特异区所有不实之物！”还有些跟这差不多的鬼话。\n看起来他说的是真的啊，你看现在黑石的追随者们从车诺比尔核电厂内蜂拥而出，见人就射，真是他妈的一群混蛋。\n</text>
</string>
<string id="dm_action_info_102">
    <text>有火柴吗？哦，你不抽烟。\n我今天怎么这么背？</text>
</string>
<string id="dm_action_info_103">
    <text>年轻的潜行者啊，要是你看到PDA上收到塞米茨基（Semetsky）死亡的消息，别担心，他已经成为了特异区的传奇之一了。\n你会收到还几条这种消息的。\n人们说塞米茨基（Semetsky）是少数到达黑石的人之一。\n而他要求了什么呢？当然是永生了。\n所以他现在在特异区游荡，死了又活循环往复。\n有潜行者说他们在黑石附近看到了他，不过也可能是撒谎的。\n特异区充满了秘密和未知之谜。\n你没有对我的故事感到厌烦，是吗？那么平静的去吧。\n祝你好运。\n</text>
</string>
<string id="dm_action_info_104">
    <text>好了，我这有个笑话。\n有三个潜行者关于谁最屌的问题争了起来。\n他么决定谁能从酒吧里弄出最多的人谁最屌。\n第一个人拿了挺重机枪进了酒吧大喊：-全都从这滚出去！！！-大概有一半人跑了出来，大概10个潜行者留了下来把他揍了一顿。\n第二天，第二个人打扮成变异怪物冲进酒吧咆哮起来。\n一些人从窗户逃了出来，另外的从大门跑了，但一队纪律团士兵动都没动-这么说吧，他们给他好好上了一课。\n他们把他阴囊给剃了毛。\n又过了一天，第三个家伙走进酒吧说道-这儿有潜行者吗？好家伙，酒吧里的人跟磕了药的沙鼠似得全跑出去了。\n</text>
</string>
<string id="dm_action_info_105">
    <text>好吧，有这么一个故事，尽管他们说这事儿发生在很久很久以前，我那时还没来这里。\n故事是这样的，有一次一个外国佬决定成为潜行者，想赚点钱，我猜他应该是个科学家。\n没有人知道他来这里的真正目的，他说话几乎一点都没有俄罗斯人的口音。\n事实上，甚至没人知道他是怎么摸进来特异区的，还找到了酒吧老板，就好像之前他就知道这些似的。\n他的口音不像俄罗斯人，尽管他以为很像，然后他糟糕的俄罗斯口音就开始充斥着酒吧了。\n他跟酒吧老板侃了几个小时，可能他想去某个地方，想结伴去吧，我不是很清楚。\n可是，酒吧老板压根听不懂他讲的什么东西，于是叫他到自由团的领土去，跟他说“去那儿吧，走到那个地方，那里被自由团的士兵控制，他们会告诉你一切你想知道的。\n” 不知道为啥，大家都觉得自由团的英语讲得不错。\n想不到这个外国佬学到了”控制“这个词，他们说英语里面“控制”和“脑波怪”的词根是一样的，不知道是不是。\n然后当这家伙走到自由团的领地之后，他就一直嚷嚷“控制！脑残！脑波怪！”，还边说边向纪律团的方向挥手。\n据说那些自由团士兵都吓到尿出来了，把整个营地的人都叫醒了，当时是夜晚，所以他们一夜没睡，一直警戒到天亮。\n后来他们把这个外国佬拿去给吸血怪当饭吃了。\n</text>
</string>
<string id="dm_action_info_106">
    <text>如今很多人都变成“捡破烂的“了。\n废弃区的大垃圾堆有很高的辐射，甚至能煮熟你的蛋蛋，因此之前根本没人敢接近。\n不过现在神器变得很难找了，所以他们穿上防护服，磕点抗辐射药，就去那儿找东西。\n那里有很多种类的东西，不过没多少是有用的。\n</text>
</string>
<string id="dm_action_info_107">
    <text>现在真的是菜鸟满天飞啊，他们总是会不慎被卷进变异点然后两脚一伸。\n仅仅是过去的两天，就死了5个潜行者你敢相信？妈蛋其他人一点都不会吸取教训的，一点也不！你看，苍蝇不是找了3个菜鸟进他的小队吗，他们现在在哪呢？不过他最近确实找到了些不错的神器，说不定他自己干了那些菜鸟呢。\n噢不，应该不会。\n他是个老实人。\n相当老实。\n无论如何，我看你也是个新手潜行者，所以你还是小心点吧，祝你好运！</text>
</string>
<string id="dm_action_info_108">
    <text>你有听说过特异区深处的那些秘密实验室吗？听说它们还在运作。\n对呀对呀。\n我搞不懂为啥有人能在那里生存，那里又危险又没有食物。\n我有个有趣的猜想：也许那里根本没有人在工作。\n之前我和一些家伙有过一次有趣的谈话，那个人没有亲眼看过那些实验室，他从来没有看过！但是他的PDA却收到了来自扬塔的一些奇怪的信息，是关于其中一个实验室的。\n他们其中一个人跟其他人信誓旦旦地说，他遇到过一个穿着制服的家伙，那制服看起来像”潜行者防护服“，但还是有区别的，而且那个家伙。\n是透明的！就像幽灵一样。\n那个家伙还跟他说”离开这个地方，别来打扰我们，我们在这儿做很重要的事情呢。\n“ 他吓得差点破了胆，谁不会呢！要是我碰上了我绝逼撒腿就跑啊！还有，他还说这事儿发生在接近雷达的某个地方，所以可能这事儿不是真的。\n不过你懂的，突变地区总是不同寻常而且变幻莫测的，对吧？也许那些不是人类，而是纯能量造成的幻影。\n你觉得呢？</text>
</string>
<string id="dm_action_info_109">
    <text>听说有两个特种部队出身的战士被邀请到竞技场来了，我会很想认识一下那个敢单挑他们的勇敢白痴的。\n</text>
</string>
<string id="dm_action_info_110">
    <text>一队老鼠正在跑步。\n一个潜行者拦到它们面前，问道:"你们中谁最屌?"。\n "没屌的。\n"。\n "那一只老鼠交出一个神器，你们就可以走了。\n"。\n第二天又是这样。\n所以这些老鼠决定找盲犬帮忙。\n它们再次开始跑步。\n那个潜行者又出现了，拦住鼠群并说:"你们中谁最屌?"。\n老鼠们让盲犬走上前去，盲犬说:"嗯，我最屌。\n"。\n那个潜行者仓皇逃窜。\n接着一个脑波怪出现了，并说:"那个最屌的给我十个神器，剩下的一只交一个，这样你们就可以继续跑步了!"</text>
</string>
<string id="dm_action_info_111">
    <text>嘿兄弟，你听说过"拦截者"吗?大家都说他们是军方的特种部队!但你看见过他们的行动吗?他们可不是封锁线那种新兵蛋子。\n他们不仅进入了变异区最深入的地区，还在那呆过数月!这可不是开玩笑。\n他们在变异区有数个基地，很多秘密地点。\n而且他们是通过直升机获取补给。\n他们的头儿，有些人说他叫格洛莫夫博士。\n我不认为那是他的真名。\n他们还叫他少校或者雷霆。\n你不相信我说的对吧?帕霍米奇[Pahomych]曾见过一次拦截者。\n幸好他跑得快，不然他早就被拦截者干掉了。\n因为拦截者涉及的秘密太多了。\n现在人人都知道帕霍米奇的事了!那些人不是傻子，他们是一只严谨的队伍。\n鬼才知道他们在这想要什么，但他们总归为此投入了巨大精力。\n如果我态度能有他们十成，不，三成那么好，那我早就可以在索契拥有一套豪宅了。\n据说这些人拥有一种仪器，可以在200M外探知变异怪物。\n探知到的是所有的变异怪物!正因为有了这仪器，他们在变异区里的行动就跟在公园里散步一样简单。\n对了，听一个潜行者说。\n放心，他不是军人，是自己人。\n他说拦截者到达了变异区中心。\n不仅如此，据说他们还能驯服变异怪。\n他们从不走出去，而且也没人进去找他们。\n当然，那些想找许愿石的人除外。\n拦截者有很多很多神器。\n纪律团知道他们的存在。\n他们明知他们的存在却保持沉默，那群混蛋!如果你去问他们这件事，他们会说:"那不是真的。\n"难道他们不是一群婊子吗?!</text>
</string>
<string id="dm_action_info_112">
    <text>之前一件很不幸的事情落在了我的头上。\n我丢掉了我的背包和里面的战利品。\n就当我想着我能获得一笔巨款时，却突然出了这么个事。\n那是晚上，一只盲犬从草丛里跳出来并开始朝我狂吠。\n那玩意差点把我吓出一身冷汗，刚开始我以为那是一只地狱犬。\n因为一般老远就能听见盲犬的声音，而地狱犬的则听不到。\n无论怎样，我抛下了我的背包逃走了。\n我以为那怪物会追我，但它却叼走了我的背包，从另一个方向走了。\n那畜生!现在我打算出一趟任务。\n顺便问一下，你愿意和我一起走么?不么?那就这样吧，再见。\n</text>
</string>
<string id="dm_action_info_113">
    <text>我听说那群脑波怪在那次爆炸中受了不轻的伤，而且现在它们基本失去活动能力了，所以你现在能轻易干掉他们了。\n</text>
</string>
<string id="dm_action_info_114">
    <text>这是个笑话，有点蠢但我觉得还挺搞笑的。\n三个潜行者坐在酒吧里一边喝伏特加一边互相说道他们的经历。\n第一个潜行者说:"我曾在变异区里碰见了一群怪物，我把我所有的子弹都撒了出去，但一点用都没有，直到我拿出了一只榴弹发射器。\n"。\n旁人都吼道"喔!"。\n 然后第二个潜行者说:"昨天我在变异区看见一大群怪物，我把我所有弹药都撒了出去，还拿出了一只榴弹发射器，但一点用都没有，直到我拿出了我的火焰喷射器。\n"旁人又都吼道"喔!"。\n 然后第三个潜行者又开始说了:"我在变异区碰见了怪物潮。\n。\n。\n"。\n其他人问"然后呢?"。\n那潜行者继续说道:"我得去洗洗我的裤子了。\n"。\n 大家都笑到岔了气。\n</text>
</string>
<string id="dm_action_info_115">
    <text>你有听说过那个向导吗？他是最早来这的潜行者之一。\n据说他是第一个进入变异区的而且还活着的老潜。\n大家都说他能带你去（变异区内）任何你想去的地方。\n可要找到他却不容易，他又不在树上贴小广告，明白吧。\n而且他从来不跟其他人一起做事。\n如果要请动他可能要花很多钱，不过如果你找到他而他又愿意帮你，他肯定能带你去任何你想去的地方。\n那个就是我想跟他谈谈的人！他可能知道除了雷达还有什么。\n</text>
</string>
<string id="dm_action_info_116">
    <text>你知道吗？你不能在变异区的这个地方睡觉的。\n我就幸运了，我一直失眠。\n便其他人就没这么走运了，他们经常没办法在第二天清晨再醒过来，因为晚上做了可怕的恶梦导致心脏病突发。\n有些人死了，幸存下来的也都疯了。\n但据说有一个解决的办法。\n要是你实在想睡觉的话，先找一只桶或一口锅。\n但不能是破的，也不能有任何的洞。\n然后扣在你的头上，就可以放心大睡了。\n嘿，你可以笑话我，但过几天等你疲劳得发疯的时候，就轮到我笑你了。\n你自以为很聪明是吧？那你告诉我，为什么那些士兵要戴头盔？嘿嘿，现在开窍了吧！一两年前，他们可是不戴的哟，但现在你再看看他们吧！他们的那种头盔也确实奇怪。\n有些家伙告诉我，他们曾发现过一具士兵的尸体，头上就戴着那种头盔。\n那头盔里有个用细铜丝织成的网状物连接着头盔内部。\n也没人知道这玩意放在那是做什么用的。\n但我敢说，肯定和那嗡嗡声有关联。\n这绝对不是异象，这些东西在这还不多，但在其它地方一定有更多。\n我认为潜行者们找到办法了。\n万事齐备了，记住我说的，他们想到石棺那去。\n很快这里会发生一次任何人都不希望看到的大爆炸。\n记住我说的。\n我只希望当这一切发生时我能离得远远的。\n</text>
</string>
<string id="dm_action_info_117">
    <text>你听说了吗？昨天这附近的一个营地里发生了一起大屠杀，佣兵干的。\n他们杀掉了所有人。\n当时守卫睡着了。\n佣兵先割开了他的喉咙，然后把他那些仍在熟睡中的伙伴们一起干掉了。\n他们连开枪的机会都没有。\n</text>
</string>
<string id="dm_action_info_118">
    <text>我有跟你说过黑暗潜行者吗？好吧，在变异区流传着一个关于黑暗潜行者的传说，然而没有人晓得他来自哪里，在做些什么。\n传说中他身穿一件带兜帽的黑色长风衣，所以你看不清他的真实面目也没人看见过他带枪。\n老实说吧，其实只有几个人隔得远远的看见过他，据他们事后描述，他给人一种毛骨悚然的可怕感觉，甚至连变异体都远远的躲开他。\n他是谁？有人说他是一个新型变异体，有人坚称他是一只鬼魂，然而也有些人认为他不过是酒鬼们编造出来的。\n天才晓得了。\n我是不相信他的存在除非哪天我亲眼看到。\n</text>
</string>
<string id="dm_cool_info_58">
    <text>听我讲个脑波怪的故事。\n一只年长的脑波怪教育年轻的脑波怪，说：看到那个站岗的士兵了吗？他的腰带紧束，制服崭新，军靴光亮－－这种人叫作“新兵”。\n你甚至可以从这里控制住他，但价值不大－－枪打不准，见什么都怕，没什么肌肉。\n再看看那个站在他旁边抽烟的家伙。\n他的制服破旧，鞋子也很旧－－这种叫“兵痞”他很难被控制住，枪法精准，警惕性高，肌肉也多，就是丑得多。\n如果等他晚上睡着后，你可以控制住他。\n看到那个在灌木丛下面呼呼大睡的家伙了吗，没束腰带，光着脚的那个。\n这种叫做“老兵”他肥瘦适中（口感更佳），但却很难控制，他晚上不睡觉，徒手就能干掉你。\n你得等他进村里喝伏特加或是进变异区找神器的时候再下手。\n再看下最后那个，看到那个兵了吗，腰带束得紧紧的，鞋子发亮的那个？不要搞错了，你千万别把他当作是“菜鸟”。\n我曾经搞到过一个这样的，后来，我足足花了两个星期去清整我的老巢，差点被逼得要离家出走。\n这种就叫“中士同志”。\n</text>
</string>
<string id="dm_cool_info_59">
    <text>我在酒吧听人说过一个笑话。\n一个潜行者去找西德洛维奇，然后西德洛维奇说:"听着，潜行者。\n我收到了一份来自基辅一个秘密研究所的防护服，它有着充分的辐射防护性能。\n但现在还没人帮我测试那玩意。\n穿着它到变异区去，检测下这防护服。\n如果你或者回来了，那我就可以把这防护服打折卖给你。\n"那潜行者同意了。\n他跑进了变异区，一天，两天，最后第三天过去了，但他还是没有回来。\n第四天他回来了。\n怒气冲冲的样子活像了史诺克。\n他找上西德洛维奇，然后直接把防护服甩在了他的桌子上。\n西德洛维奇大吃一惊。\n"你这怎么回事，潜行者。\n这玩意没有防护性能吗?""不，它有。\n""性能很差?""不，性能极好。\n""那你为啥生这么大气?""变异区里的人早上都用伏特加去处理辐射，我路过时他们一边喝酒一边笑我这穿的跟万圣节来了似的。\n"</text>
</string>
<string id="dm_cool_info_60">
    <text>几天前我看见黑石成员在清理“焦脑器”（Brain Scorcher）周围地区。\n他们大概有30多人在那见着能动的就射：豚兽，野猪，甚至是野狗....然后我呢.....你知道的，为了以防万一从那逃了出来。\n我可不想屁股上挨枪子。\n</text>
</string>
<string id="dm_cool_info_61">
    <text>想听个笑话吗？一辆装满人的尼瓦（拉达产的吉普车）在开往特异区的路上，时速大概120km。\n岗亭里的警察吹哨示意，吉普停了下来，一队纪律团士兵走了出来。\n他们把警察胖揍了一顿，把哨子给塞进他的屁眼儿里去了，接着开车走了。\n这警察掏出对讲机喊道：拐两拐两，这里是拐三！一群白痴像你方向过去且不听从指挥！拿根大棍子阻止他们！拐两明白？</text>
</string>
<string id="dm_cool_info_62">
    <text>嘿兄弟，你听说过鬼魂这个人吗?=============没听说过?那我就给你说说他的事吧，你肯定不会相信我说的那些话的。\n据说有一名潜行者，他的真名不为人所知，慢慢的，人们开始称呼他幽灵。\n他是一个经验丰富的潜行者，而且人很好，他熟知别人，别人也熟知他，有人说他曾经大学里读过心理学，不过那都不重要。\n重要的是，他能在不被任何人发现的情况下到达变异区的任何一个角落。\n军方关卡和变异点根本没法妨碍到他。\n他轻松的进入了变异区中心，但他没能回来。\n也许被电磁风暴或者什么的给杀了。\n按小道消息的说法，他变成了类似吵闹鬼一样的东西，而且已经在变异区游荡过十年了。\n十年间他一直在寻找潜行者，当他找到一个后，就会深入他的内心，如果发现那潜行者是好人，它就会助他一臂之力，比如告知避难所的位置，干掉他附近的变异怪。\n但如果发现的是满满的罪恶，那么那潜行者就基本活不长了，幽灵会把他撕裂而死。\n</text>
</string>
<string id="dm_cool_info_63">
    <text>史特列洛克，你从哪弄到那把枪的？从西德洛维奇那买的，是吧？他那有不少好枪，就是太贵了。\n那个混蛋估计是从军队那低价弄来再翻个三倍卖给我们！哦，伙计，我可没那么傻。\n我宁愿在废弃区自己找把枪，或许会残留点辐射，但至少是免费的。\n</text>
</string>
<string id="dm_cool_info_64">
    <text>嘿潜行者，最近我听说了一个有趣的事情。\n听我说。\n自由团和纪律团又干上仗了。\n那个自由团指挥官站了出来，大吼道:"出发!为了自由团!" 接着所有人都投入了战斗。\n纪律团成员在战场的另一边，有人说道:"不好，我们现在状况太糟糕了，快逃命吧!"但一个纪律团老兵一边鸣枪示意一边吼道:"等等。\n"自由团们马上卧倒了。\n五分钟过去了，一个自由团成员叫了一声"为了变异区!上啊!"。\n于是冲锋又开始了。\n又有纪律团成员说:"现在情况越来越不妙了。\n我们得赶紧逃命啊!"那个纪律团老兵又站了出来:"乖乖等着就好!"。\n然后拿出AK扫了一波。\n自由团们又集体卧倒了。\n那自由团指挥官站了起来。\n"为了你的兄弟们，为了自由团在变异区的明天!冲啊!" 于是他们又开始冲锋了。\n纪律团新兵蛋子又开始被吓得瑟瑟发抖了。\n于是那老兵又站了出来扫射了一波。\n然后自由团们又卧倒了。\n。\n。\n五分钟后自由团指挥官怒气冲冲地爬了起来。\n他脸上满是污泥，身上脏兮兮的。\n他一声怒吼:"我操你妈!你是想要来真的吗!!!"这时纪律团老兵才把烟头丢掉，很淡定的来了句:"嗯，现在是时候跑路了。\n"</text>
</string>
<string id="dm_cool_info_65">
    <text>你听说过佣兵吗?没听过?那就听好喽:他们是一群杀手，严肃而又坚定。\n他们想抓谁就能抓到谁，无论死活。\n你最近听说过赛奇[Sycy]的死讯吗?一发子弹准确命中心脏。\n尸体又被烧毁，没有留下一丝证据，这就是他们的风格。\n他们看重的只有钱了。\n据传闻说他们的基地在死城，但没人能从那走出来验证这个消息。\n他们不喜欢那些不请自来的人。\n你知道他们怎样训练自己人的吗?他们把俘虏到的潜行者或强盗带到他们的基地。\n给他们一把AK和两发子弹，然后放走他们。\n如果那些人能活过12个小时，那他们就能继续活下去。\n那就是他们取乐的方法。\n朋友。\n到现在为止只有米沙史魁特[Mishap Squint]能在被他们俘虏后还能活下来。\n只因为他是一名有着10年特种部队经历的老兵。\n所以，如果你看见那些穿着蓝色制服的人时，能跑多远跑多远吧!如果佣兵被雇佣来杀你，那你就已经死了，即使你逃到地底下他们也能把你找出来!</text>
</string>
<string id="dm_cool_info_66">
    <text>我听说这有一群特殊的人，大家叫他萨满或者德鲁伊。\n据说他们没有准备什么装备就进了变异区。\n他们的生活方式无比接近自然。\n他们说，任何电磁反应都将引起变异区和电磁环境的反应，而那会给你招来一堆变异怪物。\n如果你信了，那你应该能发现变异区也许是一个活物。\n那些人告诉大家，不要把各类装备带入变异区。\n变异区里，聪明的人能找到一套不需要装备的生活方式。\n虽然这么说，但那些人还是带上了枪。\n毕竟他们还是不想用牙齿和指甲去搏斗的。\n不管怎么说，他们的死伤率非常低。\n肯定没我们的多。\n所以也许他们的理论是对的。\n不过他们来变异区应该也是来找神器的。\n</text>
</string>
<string id="dm_cool_info_67">
    <text>嘿，酒保跟我说吸血怪昨天袭击了军方仓库附近的村子，无人幸存。\n那些可怜的家伙甚至没机会发求救信号。\n纪律团的人今天去那了，他们说到处都是血啊，就跟个屠宰场似得。\n太可怕了。\n</text>
</string>
<string id="dm_cool_info_68">
    <text>赏根烟抽呗。\n你不抽烟？这样啊！这对你有好处知道吧。\n有益健康还能让你有足够的肺活量逃离野狗，嘿嘿。\n他告诉我一些老练的佣兵跟冷酷的狙击手用一种很有趣的方法猎杀潜行者。\n当潜行者们聚在一起抽烟，佣兵发现了火柴跟烟头上的火光。\n然后呢，当第二个潜行者点着烟后，火光不就转移了吗，这样狙击手就能看清这两个抽烟的了。\n最终，当第三个潜行者用同一根火柴点着他的烟时，一颗子弹就已经钻进他脑袋里了。\n这就是为什么潜行者们现在有个规定：三人行，点烟异火。\n说着只是开玩笑啊，笑话啦什么的，但有时候小命说不定就保住了。\n</text>
</string>
<string id="dm_cool_info_69">
    <text>我想起几天前的某个晚上，我在去一个营地的路上遇到个人，他穿着军队的装备，手里捧着一支雪域特战队专用步枪。\n他的行为有些怪异，刚开始他似乎并没有注意到我，他拖着一只脚走起路来一瘸一拐地，但他紧握着步枪，所以我也用枪指着他，他似乎并不在意，实际上，他只是从我身旁走过去，他的眼睛却盯着我，我意识到他有些不对劲，因为当他从我身边经过时，他试图说些什么，但却语无伦次，可我还是听清了他说“脑波怪... 救我”。\n当我正想去帮他的时候，我听到了直升机的声音，于是就落荒而逃了。\n我跑进了一片小树林。\n然后我看到了七名士兵和直升机。\n三名士兵冲他喊话，其他几个扑向他然后把他摁在地上。\n可以想像一下那场面，自己的脸被摁进泥巴里！他们还叫嚷着什么头盔之类话。\n接着他们把他架进直升机。\n真的很奇怪。\n那个倒霉蛋说的关于脑波怪... 士兵...难道他实际上是想摆脱脑波怪的袭击？</text>
</string>
<string id="dm_cool_info_70">
    <text>最近，我和其他四个冻得发抖的潜行者问一名佣兵是否可以在他的营火旁暖和一下。\n他其实是个不错的家伙，佣兵说他其实只为订单杀人。\n很多潜行者很尊敬雇佣兵，大家相处和睦。\n雇佣兵们尊重潜行者，但骨子里还是有很强的优越感。\n这名佣兵向我们讲述了他的生活。\n因为他在“勇气召唤”中的表现还被授予了一枚勋章。\n他曾在一个狙击手训练中心受训；“在那大家做事都非常认真”，他说。\n每次都是开枪后，检查武器，再开枪，然后不断重复。\n他还说除非在前线经过一年实战磨炼否则成不了一名合格的狙击手。\n有时有些人严格训练了很长时间，但就是过不了实战测试（通常是在车臣），这人干不了这行。\n有的人在学校训练时枪枪中靶，一旦动真格的时候，就大脑短路了。\n这其实也就是史特列洛克在变异区变强的原因吧。\n</text>
</string>
</string_table>
