﻿<?xml version="1.0" encoding="UTF-8" ?>
<string_table>
	<string id="actor_break_dialog_0">
		<text>再见。</text>
	</string>
	<string id="actor_help_wounded_0">
		<text>你是何人?</text>
	</string>
	<string id="actor_help_wounded_1">
		<text>糟了，我没有急救包甚至连绷带都没有。</text>
	</string>
	<string id="actor_help_wounded_11">
		<text>带着这个急救包。</text>
	</string>
	<string id="actor_help_wounded_111">
		<text>兄弟谢了。我不会忘记你的帮助的。</text>
	</string>
	<string id="actor_help_wounded_12">
		<text>呐，带着这个。</text>
	</string>
	<string id="actor_help_wounded_13">
		<text>对不起，我什么都做不了。</text>
	</string>
	<string id="actor_help_wounded_131">
		<text>你怎么能在特异区到处乱跑呢？你感染了了一种不可治愈的传染病。</text>
    </string>
	<string id="actor_help_wounded_14">
		<text>呃，你是谁？抱歉，可是我不能再送你东西了。会有人需要我的。</text>
	</string>
	<string id="actor_help_wounded_141">
		<text>那是你的事情，但是我不认为这能让你感到光荣。</text>
	</string>
	<string id="hello_dialog_2">
		<text>你好!</text>
	</string>
	<string id="hello_dialog_3">
		<text>嘿！兄弟，救我！</text>
	</string>
</string_table>