﻿<?xml version="1.0" encoding="windows-1252"?>
<!-- ;;;;;;;;;;;;;;;;;;;;;;;;;;;;;;;;;;;;;;;;;;;;;;;;;;;;;;;;;
;	 ,,,,,      ,,,,,,,    ,,,,,,_  ,,,,,,,,  ,,,,,,   
;       MMMMM1     M0MMMM&    MMMMM@'  MMMMMM0"  MMMM0!   
;       4MMMM#      ^MMMMMr   MMMMMf    #MMMM&    B0'     
;      &]MMMMMc      #MMMM# ] MMMMMf    #MMMM&   j#       
;      M 0MMMM&       MMMMML# MMMMMf    #MMMM&  pM&       
;     pY 4MMMMM     ] #MMMMM# MMMMMf    #MMMM& pMMMt      
;     M   MMMMMc    ]& MMMMMf MMMMMf    #MMMM&]MMMM0      
;    ]#   0MMMM&    ]M #MMMM  MMMMMf    #MMMM& MMMMM&     
;    QfjMMMMMMMM    ]M  MMMf  MMMMMf    #MMMM& 4MMMMM     
;   _M    "MMMMMf   ]M  BMM   MMMMMf    #MMMM&  MMMMM&    
;  _Q#     MMMMM&   jMg  M8  _MMMMMf    BMMMM&  jMMMMM,   
; 4MMMM   #MMMMMM# 0MMM& B  ]MMMMMMM&  0MMMMMM&]MMMMMMMt  
;;;;;;;;;;;;;;;;;;;;;;;;;;;;;;;;;;;;;;;;;;;;;;;;;;;;;;;;;

-->

	<string id="amk_metka">
		<text>GPS定位仪</text>
	</string>
	<string id="amk_metka_s">
		<text>GPS定位仪</text>
	</string>
	<string id="enc_amk_metka">
		<text>GPS定位仪在变异区一出现就大受欢迎，因为很实用而且价格低廉。最初原型机被送到纪律团那里作展示希望能打开销路。然而，就在双方代表会面的前夕，测试用的原型机意外遗失了。这直接导致他们与供应商的关系恶化。此时 沃洛宁将军与 萨哈罗夫通过长期的互惠互利建立起的合作关系起了作用，在一个当地商人的帮助下，该定位仪原型机落入了在Amber的野战实验室的科学家们手里。在对它经过改装升级后，投入了大批量生产。由于是直接对原型机进行了升级所以原型机没有保存下来，升级后的样机有很大的改进。因为可以在定位仪上植入一个数位认证（遗憾的是不支持西里尔字母）并且可以与使用者的PDA的数据同步。以精神影响防护研究成果为基础，科学家们还使得该定位仪几乎不受人为的干扰和侦测。鉴于这款GPS定位仪是在Amber的实验室内部生产的，科学家们的定价相对于那些变异区的中盘商们要合理得多。</text>
	</string>

<!-- 20:58 09.07.2007 -->
<-- Modified="" by="" Aero="" 19:22="" 20="">

