﻿	<string id="aes_btr1">
		<text>犰狳1</text>
	</string>
	<string id="aes_btr2">
		<text>犰狳2</text>
	</string>
	<string id="aes_btr3">
		<text>犰狳3</text>
	</string>
	<string id="aes_grif">
		<text>鸠</text>
	</string>
	<string id="aes_korshun">
		<text>鸢</text>
	</string>
	<string id="aes_kvartet">
		<text>四重奏</text>
	</string>
	<string id="aes_lun">
		<text>夜鹰</text>
	</string>
	<string id="aes_pustelga">
		<text>红鹰</text>
	</string>
	<string id="aes_sapsan">
		<text>游隼</text>
	</string>
	<string id="aes_sarcofag_hint">
		<text>石棺入口</text>
	</string>
	<string id="aes_sokol">
		<text>雄鹰</text>
	</string>
	<string id="aes_sova">
		<text>猫头鹰</text>
	</string>
	<string id="aes_yastreb">
		<text>天鹰</text>
	</string>
