﻿<?xml version="1.0" encoding="UTF-8"?>
<string_table>
<string id="aes_case1_desc">
    <text>普通的金属箱子一号，很显然，它包含有价值的文档。</text>
</string>
<string id="aes_case1_name">
    <text>普通金属箱子。</text>
</string>
<string id="aes_case2_desc">
    <text>普通的金属箱子二号，很显然，它包含有价值的文档。</text>
</string>
<string id="aes_case2_name">
    <text>普通金属箱子。</text>
</string>
<string id="aes_case3_desc">
    <text>普通的金属箱子三号，很显然，它包含有价值的文档。</text>
</string>
<string id="aes_case3_name">
    <text>普通金属箱子。</text>
</string>
<string id="stranger">
    <text>潜行者</text>
</string>
<string id="doctor_box_desc">
    <text>药品容器，方便货柜运输。</text>
</string>
<string id="doctor_box_name">
    <text>药品容器。</text>
</string>
<string id="box_food_desc">
    <text>带有保鲜盒的木箱，显然还有未腐败的肉，它被保存的很完好，我们知道怎样弄到好的食物了。</text>
</string>
<string id="box_food_name">
    <text>带有保鲜盒的木箱。</text>
</string>
<string id="enc_sms">
    <text>个人陈述。</text>
</string>
<string id="sms">
    <text>陈述。</text>
</string>
<string id="sms_haron_text">
    <text>这里是卡戎，我正在等你...有一个很紧急的事情。</text>
</string>
<string id="shceme_document_desc">
    <text>普里皮亚季和车诺比尔的地下通信系统。图纸和图片，对于一个没有经验的人很难理解它们。.</text>
</string>
<string id="shceme_document_name">
    <text>普里皮亚季和车诺比尔的地下通信系统。</text>
</string>
<string id="solomon_box_desc">
    <text>小型金属箱。所罗门的包裹。</text>
</string>
<string id="solomon_box_name">
    <text>小型金属箱。</text>
</string>
<string id="zahar_pismo_desc">
    <text>由扎哈寄给索伯列夫，并且包裹了硬纸包装的信件。</text>
</string>
<string id="zahar_pismo_name">
    <text>扎哈寄出的信件。</text>
</string>
<string id="informator_doc_desc">
    <text>写有药剂清单的厚纸板。可以通过这个以某种方式或其它方式与军队合作。</text>
</string>
<string id="informator_doc_name">
    <text>写有药剂清单的厚纸板。</text>
</string>
<string id="wpn-winchester_knyaz">
    <text>杜克的温彻斯特霰弹枪。</text>
</string>
<string id="labx10_computer_desc">
    <text>来自红森林 X-10实验室的一台桌上型电脑主机。</text>
</string>
<string id="labx10_computer_name">
    <text>电脑主机</text>
</string>
<string id="labx10_doc_desc">
    <text>红森林 X10实验室的文件</text>
</string>
<string id="labx10_doc_name">
    <text>X10实验室的文件</text>
</string>
<string id="part1_desc">
    <text>一块地图的残片，上面标注了塞米茨基的藏匿点的位置</text>
</string>
<string id="part1_name">
    <text>地图残片#1.</text>
</string>
<string id="part2_desc">
    <text>一块地图的残片，上面标注了塞米茨基的藏匿点的位置</text>
</string>
<string id="part2_name">
    <text>地图残片#2.</text>
</string>
<string id="part3_desc">
    <text>一块地图的残片，上面标注了塞米茨基的藏匿点的位置</text>
</string>
<string id="part3_name">
    <text>地图残片#3.</text>
</string>
<string id="part4_desc">
    <text>一块地图的残片，上面标注了塞米茨基的藏匿点的位置</text>
</string>
<string id="part4_name">
    <text>地图残片#4.</text>
</string>
<string id="part5_desc">
    <text>一块地图的残片，上面标注了塞米茨基的藏匿点的位置</text>
</string>
<string id="part5_name">
    <text>地图残片#5.</text>
</string>
<string id="part6_desc">
    <text>一块地图的残片，上面标注了塞米茨基的藏匿点的位置</text>
</string>
<string id="part6_name">
    <text>地图残片#6.</text>
</string>
<string id="part7_desc">
    <text>一块地图的残片，上面标注了塞米茨基的藏匿点的位置</text>
</string>
<string id="part7_name">
    <text>地图残片#7.</text>
</string>
<string id="part8_desc">
    <text>一块地图的残片，上面标注了塞米茨基的藏匿点的位置</text>
</string>
<string id="part8_name">
    <text>地图残片#8.</text>
</string>
<string id="semeckii_treasure_box_descr">
    <text>塞米茨基的藏匿处，据说他在那里存放了非常有价值的东西</text>
</string>
<string id="rad_semeckii_treasure_box_name">
    <text>塞米茨基的USB快闪储存碟的藏匿位置</text>
</string>
<string id="tainik_semeckii">
    <text>寻找塞米茨基的USB快闪储存碟的藏匿位置</text>
</string>
<string id="first">
    <text>第一块碎片</text>
</string>
<string id="first_part_text">
    <text>你发现的第一块地图的残片上面显示了塞米茨基的藏匿处的位置</text>
</string>
<string id="second">
    <text>第二块碎片</text>
</string>
<string id="second_part_text">
    <text>你发现的第二块地图的残片上面显示了塞米茨基的藏匿处的位置。</text>
</string>
<string id="tri">
    <text>第三块碎片</text>
</string>
<string id="tri_part_text">
    <text>你发现的第三块地图的残片上面显示了塞米茨基的藏匿处的位置。</text>
</string>
<string id="four">
    <text>第四块碎片</text>
</string>
<string id="four_part_text">
    <text>你发现的第四块地图的残片上面显示了塞米茨基的藏匿处的位置。</text>
</string>
<string id="five">
    <text>第五块碎片</text>
</string>
<string id="five_part_text">
    <text>你发现的第五块地图的残片上面显示了塞米茨基的藏匿处的位置。</text>
</string>
<string id="six">
    <text>第六块碎片</text>
</string>
<string id="six_part_text">
    <text>你发现的第六块地图的残片上面显示了塞米茨基的藏匿处的位置。</text>
</string>
<string id="seven">
    <text>第七块碎片</text>
</string>
<string id="seven_part_text">
    <text>你发现的第七块地图的残片上面显示了塞米茨基的藏匿处的位置。</text>
</string>
<string id="vosem">
    <text>第八块碎片</text>
</string>
<string id="vosem_part_text">
    <text>你发现的第八块地图的残片上面显示了塞米茨基的藏匿处的位置。</text>
</string>
<string id="new_plan_desc">
    <text>带给杜克[Duke]的装大麻的背包</text>
</string>
<string id="new_plan_name">
    <text>装着大麻的背包。</text>
</string>
<string id="wpn-m1891_30_scope_ucen">
    <text>改进型步枪“保泰特”。</text>
</string>
<string id="ammo-7.62x54-ucen">
    <text>带有跟踪标记功能的狙击子弹。</text>
</string>
<string id="enc_weapons1_ammo_ammo-7.62x54-ucen">
    <text>根据科学家们的要求为一把改进型“保泰特”特别改良制做的狙击枪弹。这种子弹的杀伤力很小，它不是用来杀伤的，而只是在目标物上留一个小标记。这样便于研究变异区的植物生态体系。</text>
</string>
<string id="enc_weapons1_wpn-m1891_30_scope_ucen">
    <text>这把“保泰特”步枪是根据科学家们的要求改进过的，只能使用一种子弹。一种带有跟踪标记功能的狙击子弹。这种子弹动能很小。几乎杀不死人。</text>
</string>
<string id="text_arc_ucen_need_metka">
    <text>身上要作标记的怪物:巨型地狱犬最后出现在 罗斯托克的一架坠毁直升机那里。秃头奇美拉在黑暗山谷的那个废弃工厂出没，强盗们也经常在那里聚会，在围墙边的排污管旁的那个小沼泽那里。我希望你不要搞错了，那只吸血怪在封锁线的那座毁坏的铁路桥也就是废弃的猪场附近。现在教你怎么做标记:你现在是我们的临时工了，我会给你一把“保泰特”步枪。它只能发射一种特制的子弹，这种子弹击中目标身体时只会留下一个标记而不对目标生物造成任何伤害，当然对我们人类也同样有效。如果一切顺利的话，我会把有关杨塔到雷达站的转移点信息传到你的PDA上。当然，任何一只刚才提到的怪物你都不能杀，我要活的。</text>
</string>
<string id="af-caterpillar">
    <text>控制者之心</text>
</string>
<string id="af_caterpillar-desc">
    <text>神器很稀有，但还是能找到的，只是会很麻烦，还需要些特殊的装备，这种神器对怪物们也很有吸引力，特别是脑波怪。因此人们叫它"控制者之心"。这种神器有很好的防弹效果，但如果是来自控制者的攻击，这种神器就保护不了你了。同理，这种神器也能强化脑波怪对你大脑的控制能力。</text>
</string>
<string id="volk_pda_name">
    <text>沃夫的PDA</text>
</string>
<string id="volk_pda_desc">
    <text>沃夫个人的PDA</text>
</string>
<string id="text_arc_krest_razborka">
    <text>在废弃区，通向黑暗山谷的转移点附近，克罗斯和契诃夫的人会在那里会面。千万别被他们看到你!!契诃夫的人都是些精神病;所以喜欢乱开枪。如果你被他们发现了，他们会马上掉你开火。在检查站附近有一幢毁坏的建筑。那里的视野很好。Zashkersya在那里。坐那等着。如果事情一切顺利，就相安无事各回各家。一旦发生交火，就干掉所有的nitz，但最重要的是照看好克罗斯。总之，我发信号之前，不能开枪也不能被发现，安静的坐在那等着。我了解你，一定要有耐性。</text>
</string>
<string id="detector_kruglov">
    <text>控制者之心专用探测器</text>
</string>
<string id="detector_kruglov_desc">
    <text>控制者之心专用探测器，要使用时就把它挂在腰带上，它能帮助你找到那个非常稀有的被称作"控制者之心"的神器。</text>
</string>
<string id="book_zombi_name">
    <text>疯教授的日记。</text>
</string>
<string id="book_zombi_desc">
    <text>一个疯子教授的日记本。很明显这个教授曾经在杨塔的实验室工作。最让他着迷的事PSI射线装置的工作方式。</text>
</string>
<string id="notebook_x16_name">
    <text>X-16实验室得到的笔记型电脑。</text>
</string>
<string id="notebook_x16_desc">
    <text>X-16实验室得到的笔记型电脑。有多年来实验的记录。也许X-16实验室曾经辉煌过，不过在某件事发生后雇员们逃了出来，但大多数人还是晃悠在这个设施里，当然已经不是人类了，都成了僵尸。</text>
</string>
<string id="wpn_colt_ucen">
    <text>克鲁格洛夫的柯尔特手枪。</text>
</string>
<string id="wpn_colt_ucen_desc">
    <text>克鲁格洛夫的柯尔特手枪。由熟练的技工调教过，这把枪装有消音器，发射的特殊子弹不会打死人而是将其瘫痪一段时间。</text>
</string>
<string id="ammo_9x19_ucen">
    <text>科学家的特殊弹药。</text>
</string>
<string id="ammo_9x19_ucen_desc">
    <text>科学家的特殊弹药。被调整过的子弹，还是9x19口径，不会杀死对方，只能将其瘫痪。</text>
</string>
<string id="kruglov_case_name">
    <text>克鲁格洛夫的箱子。</text>
</string>
<string id="kruglov_case_desc">
    <text>克鲁格洛夫的箱子。本来准备交给沃罗宁将军的。</text>
</string>
<string id="check_name">
    <text>一袋大麻</text>
</string>
<string id="check_desc">
    <text>带着“草”袋的小包裹，没有欧芹或莳萝，它是大麻。</text>
</string>
<string id="labx18_flash_name">
    <text>黑石组织成员的USB快闪储存碟。</text>
</string>
<string id="labx18_flash_desc">
    <text>来自X-18实验室的黑石组织成员USB快闪储存碟。</text>
</string>
<string id="text_arc_mayor_yarofeev">
    <text>根据瓦兰吉-亚罗费耶夫中校说过它有可能超出警戒线。而且在检查点之外。</text>
</string>
<string id="text_arc_sidr_lab">
    <text>去杨塔实验室找到些东西：文件，计算机，笔记本电脑或任何东西，将有助于我们了解什么。无论你找到了什么拿给方，他会在接近自由团基地的仓库旁等着你。他们说在实验室里有一些燃烧所有生物大脑的东西。与科学家们交谈，也许他们会帮忙。</text>
</string>
<string id="text_arc_sahar_shlem">
    <text>有一个以前和我一起工作的人，但是后来...后来一些事情发生在他身上了，一些可怕的事情：他曾在夜里呐喊，然后突然陷入了沉默，只是坐在一个地方就一天。更糟糕的是，他向人们扔东西，我们...我不得不和他坐在一起，很显然，他经历了一次来自实验室的辐射波，丹和伙计们将他带到斯威比洛夫的雷达那去，但是他说他跑了，所以你需要找到他。他在PSY辐射对人类大脑的影响方面工作很长时间了，他的日志里面包含了有价值的文件，如果你得到了这个日志我能够重新装配你的头盔。</text>
</string>
<string id="box_black_name">
    <text>黑盒子</text>
</string>
<string id="box_black_desc">
    <text>在雷达里显示坠毁的直升机的黑盒子，小心它是有放射性的。</text>
</string>
<string id="pda_priz_name">
    <text>鬼魂的PDA</text>
</string>
<string id="pda_priz_desc">
    <text>鬼魂的PDA。其上有神器的数据跟神器出现的地点。而且还提到了一个势力“审判日”和这个势力头目被谋杀的信息。还有一点关于黑石组织的信息。数据被加密了。</text>
</string>

<string id="svitok_1_name">
    <text>手稿 #1.</text>
</string>
<string id="svitok_1_desc">
    <text>一卷手稿，记载了“黑石”兄弟会法律第一章。</text>
</string>
<string id="svitok_2_name">
    <text>手稿 #2.</text>
</string>
<string id="svitok_2_desc">
    <text>一卷手稿，记载了“黑石”兄弟会法律第二章。</text>
</string>
<string id="svitok_3_name">
    <text>手稿 #3.</text>
</string>
<string id="svitok_3_desc">
    <text>一卷手稿，记载了“黑石”兄弟会法律第三章。</text>
</string>
<string id="svitok_4_name">
    <text>手稿 #4.</text>
</string>
<string id="svitok_4_desc">
    <text>一卷手稿，记载了“黑石”兄弟会法律第四章。</text>
</string>
<string id="svitok_5_name">
    <text>手稿 #5.</text>
</string>
<string id="svitok_5_desc">
    <text>一卷手稿，记载了“黑石”兄弟会法律第五章：\n “...背叛兄弟会的士兵会被驱逐，使其不得安宁，永无救赎，魔鬼伴身，</text>
</string>

<string id="box_pekar_desc">
    <text>装有火炉子备用零件的木盒子。</text>
</string>
<string id="box_pekar_name">
    <text>贝克[Baker]的木盒子。</text>
</string>

<string id="diplomat_skryaga_desc">
    <text>装有重要消息皮革公事包。由基辅送到吝啬鬼那。</text>
</string>
<string id="diplomat_skryaga_name">
    <text>皮革公事包。</text>
</string>

<string id="muka_desc">
    <text>装黑麦粉的袋子，重25公斤。</text>
</string>
<string id="muka_name">
    <text>装黑麦粉的袋子。</text>
</string>

<string id="bread_pekar_desk">
    <text>新鲜的黑麦面包，保质一个月。这种面包是极其昂贵的，但是品尝过的人就会知道它值这个价格。这种神奇的谷物在特意区只有一个人能够烘烤。他的名字是贝克[Baker]，他忠诚地守护着这个食谱来制造这种美妙的面包。</text>
</string>
<string id="bread_pekar_name">
    <text>黑麦面包</text>
</string>

<string id="doc1_name">
    <text>文件 #1.</text>
</string>
<string id="doc1_desc">
    <text>加密的资讯</text>
</string>
<string id="doc2_name">
    <text>文件 #2.</text>
</string>
<string id="doc2_desc">
    <text>加密的资讯</text>
</string>
<string id="doc3_name">
    <text>文件 #3.</text>
</string>
<string id="doc3_desc">
    <text>加密的资讯</text>
</string>
<string id="flash_tsezar_name">
    <text>凯撒[Caesar]的USB快闪记忆储存碟</text>
</string>
<string id="flash_tsezar_desc">
    <text>USB快闪记忆储存碟，里面存着佣兵的解密密码</text>
</string>
<string id="pda_cod_name">
    <text>有基地密码的PDA</text>
</string>
<string id="pda_cod_desc">
    <text>里面包含有凯撒[Caesar]存储的基地密码的PDA。他要求这个东西合第三份加密文件一起送到厄尔那里.</text>
</string>
<string id="pda_graf_name">
    <text>厄尔[Earl]的PDA</text>
</string>
<string id="pda_graf_desc">
    <text>厄尔在PDA中存放了佣兵特殊行动的已经解密的数据，这个PDA必须送到方的手里</text>
</string>
<string id="pda_solomon_name">
    <text>所罗门的PDA。</text>
</string>
<string id="pda_solomon_desc">
    <text>所罗门的PDA，在那上面储存了他的个人数据。</text>
</string>
<string id="pda_chelnok_name">
    <text>梭子的PDA。</text>
</string>
<string id="pda_chelnok_desc">
    <text>梭子的PDA，他在那上面储存了关于客户和任务的所有信息。由于变异点，或者是变异怪物的爪子和牙齿的影响使得设备严重损坏了。</text>
</string>

</string_table>
