﻿	<?xml version="1.0" encoding="UTF-8"?>
	<string id="aes_military_task_1">
		<text>占领大门</text>
	</string>
	<string id="aes_military_task_10">
		<text>雄鹰组</text>
	</string>
	<string id="aes_military_task_11">
		<text>鸠组</text>
	</string>
	<string id="aes_military_task_12">
		<text>猫头鹰组</text>
	</string>
	<string id="aes_military_task_13">
		<text>夜鹰组</text>
	</string>
	<string id="aes_military_task_2">
		<text>停住</text>
	</string>
	<string id="aes_military_task_3">
		<text>突破前往石棺</text>
	</string>
	<string id="aes_military_task_4">
		<text>摧毁黑石组1的防御工事</text>
	</string>
	<string id="aes_military_task_5">
		<text>摧毁黑石组2的防御工事</text>
	</string>
	<string id="aes_military_task_6">
		<text>游隼组</text>
	</string>
	<string id="aes_military_task_7">
		<text>鸢组</text>
	</string>
	<string id="aes_military_task_8">
		<text>天鹰组</text>
	</string>
	<string id="aes_military_task_9">
		<text>红鹰组</text>
	</string>
