﻿	<?xml version="1.0" encoding="UTF-8"?>
	<string id="esc_direction_fire">
		<text>除非我下令不然不准开枪的。扣扳机的手指别给我乱动，清楚了吗？</text>
	</string>
	<string id="esc_fanat_victory">
		<text>胜利！！！每个人都过来这边。过来，史特列洛克，我们需要谈谈。</text>
	</string>
	<string id="esc_return_dv">
		<text>很好，史特列洛克，很高兴你还活着，并且决定跟我们会面。过来这里，让我们谈谈，有件小事发生了。</text>
	</string>
	<string id="esc_tutorial_end">
		<text>太好了，你的任务已经完成了。平安的说你已经学到了基本的技能。</text>
	</string>
	<string id="esc_wolf_thanks">
		<text>史特列洛克，通往营地的道路现在为你开放，过来让我们谈谈。</text>
	</string>
	<string id="escape_fox_quest">
		<text>提到史特列洛克啊，史特列洛克。有一个刚刚自长征归来的潜行者，人们称呼他为狐狸。看来他经历了艰苦的日子，他向我们求取帮助。他说在路上有一个奇怪的野兽一直跟踪着他，他再也撑不下去了。我猜想他可能知道关于史特列洛克的事情，你得快一点。</text>
	</string>
	<string id="escape_stalker_death">
		<text>真糟糕，史特列洛克。那些男孩死了，虽然说这并不是你的过错，这些事在变异区里长长发生。不管怎样，你通过了测试，所以回来这里让我们谈谈生意吧。</text>
	</string>
	<string id="escape_stalker_helped">
		<text>干得好，史特列洛克。继续保持，你就会交到一些新朋友的。来跟我见见面，我们就可以谈些生意。</text>
	</string>
	<string id="escape_stalker_killed">
		<text>那可真不聪明，史特列洛克。你通过了测试，但你得要自己对付沃夫和他的杀手了。不管怎样，我在等着你，我们有更多的工作要讨论。</text>
	</string>
	<string id="info_esc_give_agroprom_task">
		<text>史特列洛克，军方在农会研究机构找到了些有趣的东西。我想要拿过来看看，你或许也是。找到相关的讯息然后带给潜行者酒吧的酒保。现在出发吧！</text>
	</string>
	<string id="tips_esc_trader_about_anomalies">
		<text>当心！你就在特异点旁边。用你的螺栓来算出它们正确的位置和形状。</text>
	</string>
	<string id="tips_esc_trader_about_pda">
		<text>按下接触($$ACTION_CONTACTS$$)。在你周围250公尺的人，只要开启了PDA，就会在你的小地图上标示出来。你同时会见到他们对你的态度，所以你可以分辨出潜在的敌人。无论如何，强盗和异种（哈哈）通常不会打开他们的PDA，所以小心点！</text>
	</string>
	<string id="tips_esc_trader_activate_map">
		<text>要启动地图，按下'$$ACTION_MAP$$'。</text>
	</string>
	<string id="tips_esc_trader_activate_pda">
		<text>要启动PDA，按下'$$ACTION_ACTIVE_JOBS$$'。</text>
	</string>
	<string id="tips_esc_trader_how_to_talk">
		<text>要与某人交谈，瞄准他们后按下'$$ACTION_USE$$'。</text>
	</string>
	<string id="tips_esc_trader_quest_1">
		<text>寻找标示在这个区域在地图上的神器，然后将它交给贸易商人。</text>
	</string>
	<string id="tutorial_flash_anomaly_alarm">
		<text>注意，史特列洛克，下一次可能就是你了。</text>
	</string>
	<string id="tutorial_trader_give_medikit">
		<text>给这个白痴一个医药箱。</text>
	</string>
	<string id="tutorial_trader_look_vagon">
		<text>史特列洛克！忘了那个神器，你等等会把它丢下的。马上到路旁的卡车去，我的兄弟须要帮助。那个白痴开枪射击了飞过的直升机，我会把座标传给你。</text>
	</string>
	<string id="tutorial_trader_search_corpses">
		<text>搜寻尸体--你或许会发现有用的东西。</text>
	</string>
<string id="news_1">
    <text>是的，潜行者，今天你真不走运。没成功，一无所获。</text>
</string>
<string id="news_2">
    <text>赢了500 卢布。</text>
</string>
<string id="news_3">
    <text>赢了1000 卢布。</text>
</string>
<string id="news_4">
    <text>赢了5000 卢布。</text>
</string>
<string id="news_5">
    <text>赢了10000 卢布。</text>
</string>
<string id="news_6">
    <text>赢了15,000 卢布。</text>
</string>
<string id="news_7">
    <text>赢了20,000 卢布。</text>
</string>
<string id="news_8">
    <text>赢了25,000 卢布。</text>
</string>
<string id="news_9">
    <text>赢了50,000 卢布。</text>
</string>
<string id="news_10">
    <text>赢了100,000 卢布。</text>
</string>
<string id="news_11">
    <text>赢了200,000 卢布。</text>
</string>
<string id="news_12">
    <text>赢了300,000 卢布。</text>
</string>
<string id="news_13">
    <text>赢了400,000 卢布。</text>
</string>
<string id="news_14">
    <text>赢了500,000 卢布。</text>
</string>
<string id="news_15">
    <text>潜行者，你走狗屎运了！你赢了１百万卢布。</text>
</string>
<string id="dolg_1">
    <text>潜行者，关于那笔小债务嘛。得还了。你核对一下，还没还清呢。</text>
</string>
<string id="dolg_2">
    <text>潜行者，不要浪费我的时间了，快还钱。少啰嗦！！</text>
</string>
<string id="dolg_3">
    <text>潜行者你这是什么意思？给过你足够的时间凑钱。现在时间到了！就像他的名字的意思，“快给我还钱”</text>
</string>
<string id="dolg_4">
    <text>嗯哼，好吧，潜行者，我们一直对你很客气，但你却赖账。现在要么还钱，要么剁手。明白了吗？</text>
</string>
<string id="dolg_5">
    <text>史特列洛克你小子一直这么狂吗？！“欠债还钱”这话你不明白吗？那帮人说要把你剁碎了扔出去喂狗。起来，是时候付出代价了。</text>
</string>
<string id="dolg_6">
    <text>我搞不懂你为什么不按约定还钱。你有整整三天时间。不要找借口。你别想赖账，马上还钱。要不然让你好看。</text>
</string>
<string id="dolg_7">
    <text>潜行者，马上滚到酒吧来。你指望的...抢劫。只能怪你自己。斧子磨好了。</text>
</string>
<string id="dolg_8">
    <text>那么潜行者，你妈的就是个混蛋，你就是头母狗。如果今晚你还不还钱的话，以后你就别想从我这买任何东西了。</text>
</string>
<string id="dolg_10">
    <text>最后再用中文警告你，伙计：“秋后算账”，你还无动于衷。如果你不把钱还上，店员会把这把账记上。</text>
</string>
<string id="dolg_10">
    <text>那么，伙计，你死定了。我已经雇了佣兵。他们已经在找你了。</text>
</string>