﻿	<?xml version="1.0" encoding="UTF-8"?>
	<string id="tips_agr_krot_sos">
		<text>救命！如果有人听到我的话！军方把我们困在工厂里！</text>
	</string>
	<string id="tips_agr_krot_sos1">
		<text>院子里的猪把我逼到绝路了，救命！</text>
	</string>
	<string id="tips_agr_krot_sos2">
		<text>我的人全倒下了！</text>
	</string>
	<string id="tips_agr_stalker_help_1">
		<text>....</text>
	</string>
	<string id="tips_agr_stalker_help_2">
		<text>....</text>
	</string>
	<string id="tips_agr_trader_documents">
		<text>赶快离开这里，史特列洛克。你不可能和平的通过这些军队混帐。我跟酒保说过你，他会跟纪律团的人交代，他们会让你通过的。</text>
	</string>
	<string id="tips_captain_name">
		<text>麦西明科上尉</text>
	</string>
	<string id="ghost_tips">
		<text>史特列洛克，我有悲伤的消息，方死了。我没办法跟你会面，可惜你一个人到变异区中心去了，不过那是你的选择。我知道哪里可以找到你，和问谁找你。鬼魂</text>
	</string>
