﻿<?xml version="1.0" encoding="UTF-8"?>
<string id="cit_doctor_task_1_hint">
	<text>旅馆</text>
</string>
 
<string id="cit_doctor_escape_task_2_hint">
	<text>死亡之城的出口</text>
</string>
 
<string id="cit_killers_base_zone_hint">
	<text>佣兵的基地</text>
</string>
 
<string id="cit_bandits_base_zone_hint">
	<text>强盗的基地</text>
</string>
 
<string id="cit_gorsovet_zone_hint">
	<text>城市议会大楼</text>
</string>
 
<string id="cit_sewer_hint">
	<text>一个安全的地方</text>
</string>
 
<string id="cit_vp_position_hint">
	<text>瓦西里-彼得罗维奇</text>
</string>
 
<string id="cit_doctor_weapon_task_1_hint">
	<text>捡起你的物品</text>
</string>
 
<string id="cit_actor_escape_car_zone_hint">
	<text>通过窗户的话你就能够悄悄滴进入城市议会大楼</text>
</string>
 
