﻿<?xml version="1.0" encoding="UTF-8"?>
<!-- ;;;;;;;;;;;;;;;;;;;;;;;;;;;;;;;;;;;;;;;;;;;;;;;;;;;;;;;;;
;	 ,,,,,      ,,,,,,,    ,,,,,,_  ,,,,,,,,  ,,,,,,   
;       MMMMM1     M0MMMM&    MMMMM@'  MMMMMM0"  MMMM0!   
;       4MMMM#      ^MMMMMr   MMMMMf    #MMMM&    B0'     
;      &]MMMMMc      #MMMM# ] MMMMMf    #MMMM&   j#       
;      M 0MMMM&       MMMMML# MMMMMf    #MMMM&  pM&       
;     pY 4MMMMM     ] #MMMMM# MMMMMf    #MMMM& pMMMt      
;     M   MMMMMc    ]& MMMMMf MMMMMf    #MMMM&]MMMM0      
;    ]#   0MMMM&    ]M #MMMM  MMMMMf    #MMMM& MMMMM&     
;    QfjMMMMMMMM    ]M  MMMf  MMMMMf    #MMMM& 4MMMMM     
;   _M    "MMMMMf   ]M  BMM   MMMMMf    #MMMM&  MMMMM&    
;  _Q#     MMMMM&   jMg  M8  _MMMMMf    BMMMM&  jMMMMM,   
; 4MMMM   #MMMMMM# 0MMM& B  ]MMMMMMM&  0MMMMMM&]MMMMMMMt  
;;;;;;;;;;;;;;;;;;;;;;;;;;;;;;;;;;;;;;;;;;;;;;;;;;;;;;;;; -->

  <string id="af_buliz">
		<text>鹅卵石[Cobblestone]</text>
	</string>
  <string id="enc_zone_artifact_buliz">
		<text>这种神器是由于能量崩溃丧失所有特性而形成的。尽管缺乏明显的有益特性，鹅卵石神器依然然科学家们着迷。</text>
	</string>
  <string id="af_spirit_1">
		<text>降灵[Soul Drops]</text>
	</string>
  <string id="enc_zone_artifact_spirit_1">
		<text>这一改型对于人类健康值方面有着显著增加，还可以加速辐射消除。</text>
	</string>
  <string id="af_spirit_2">
		<text>炽热灵魂[Fiery Soul]</text>
	</string>
  <string id="enc_zone_artifact_spirit_2">
		<text>这一改型特性类似降灵[Soul Drops]，但增强辐射消除能力。</text>
	</string>
  <string id="af_spirit_3">
		<text>晶魄[Crystal Soul]</text>
	</string>
  <string id="enc_zone_artifact_spirit_3">
		<text>对佩戴者的影响与炽热灵魂[Fiery Soul]相同，但辐射消除能力增强了。</text>
	</string>

  <string id="af_spirit_4">
		<text>炽晶[Fervent Crystal]</text>
	</string>
  <string id="enc_zone_artifact_spirit_4">
		<text>这一改型或许拥有最强的健康加成和辐射保护能力。</text>
	</string>
  <string id="af_cry_1">
		<text>厄勒克特拉的眼泪[Tears of Electra]</text>
	</string>
  <string id="enc_zone_artifact_cry_1">
		<text>这一改型或许拥有最强的健康加成和辐射保护能力。，但是会稍稍削减佩戴者的疲劳值。</text>
	</string>
  <string id="af_cry_2">
		<text>火焰之泪[Tears of Fire]</text>
	</string>
  <string id="enc_zone_artifact_cry_2">
		<text>这一改型或许拥有最强的健康加成和辐射保护能力。</text>
	</string>
  <string id="af_cry_3">
		<text>奇美拉之泪[Tears of Chimera]</text>
	</string>
  <string id="enc_zone_artifact_cry_3">
		<text>这一改型或许拥有最强的健康加成和辐射保护能力。效果而且还能屏蔽一半的PSY-辐射。但另一方面它又会降低佩戴者的耐力和伤口恢复速度。</text>
	</string>
  <string id="af_babka_1">
		<text>老玻璃珠[Old Glassbeads]</text>
	</string>
  <string id="enc_zone_artifact_babka_1">
		<text>此改良神器能增强配戴者的耐力,并形成某种重力力场,一定程度上能减缓子弹的侵透，强化了对于轻武器攻击的防护能力。但是，它有点放射性而且会增加电击伤害。</text>
	</string>
  <string id="af_babka_2">
		<text>古董玻璃珠[Ancient Glassbeads]</text>
	</string>
  <string id="enc_zone_artifact_babka_2">
		<text>古董玻璃珠对枪械的防御力比老玻璃珠[Old Glassbeads]要更弱些，但它增强了健康值和伤口愈合速度。它也有轻微的放射性。</text>
	</string>
  <string id="af_babka_3">
		<text>元老玻璃珠[Elder Glassbeads]</text>
	</string>
  <string id="enc_zone_artifact_babka_3">
		<text>元老玻璃珠[Elder Glassbeads]能形成强大的力场甚至能让它的携带者抵御来自SVD自动步枪的射击。让伤口马上止血，增加健康值。具有放射性。</text>
	</string>
  <string id="af_pudd_1">
		<text>伪火焰[Fire Dummy]</text>
	</string>
  <string id="enc_zone_artifact_pudd_1">
		<text>该生成物有降温作用，还能增加健康值，但同时也会强化电击伤害效果。</text>
	</string>
  <string id="af_pudd_2">
		<text>伪闪光[Shining Dummy]</text>
	</string>
  <string id="enc_zone_artifact_pudd_2">
		<text>类似于伪火焰，该生成物能完全隔绝高温，也能增加健康值，但效果要更好。副作用就是强化了电击伤害的效果。</text>
	</string>
  <string id="af_pudd_3">
		<text>伪月光[Moonshine Dummy]</text>
	</string>
  <string id="enc_zone_artifact_pudd_3">
		<text>该生成物完全继承了伪闪光的优点，而它的效果还要更好。</text>
	</string>
  <string id="af_pudd_4">
		<text>布丁[Pudding]</text>
	</string>
  <string id="enc_zone_artifact_pudd_4">
		<text>该生成物能完全抵御电击伤害和高温。同时它还能稍稍增加耐力值。</text>
	</string>
  <string id="af_dik_1">
		<text>皮卡丘[Porcupine]</text>
	</string>
  <string id="enc_zone_artifact_dik_1">
		<text>这一改型极大加速辐射消除。但会稍稍削弱耐力。</text>
	</string>
  <string id="af_dik_2">
		<text>电击皮卡丘[Electro Porcupine]</text>
	</string>
  <string id="enc_zone_artifact_dik_2">
		<text>这一改型辐射消除能力很好，还能稍稍增加耐力，但另一方面会削弱抗电击能力。</text>
	</string>
  <string id="af_dik_3">
		<text>酸性皮卡丘[Acidic Porcupine]</text>
	</string>
  <string id="enc_zone_artifact_dik_3">
		<text>这一改型消除辐射能力很强，增加耐力同时加速止血。但这玩意又酸又臭。</text>
	</string>
  <string id="af_dik_4">
		<text>石头的皮卡丘[Stone Porcupine]</text>
	</string>
  <string id="enc_zone_artifact_dik_4">
		<text>“石头的皮卡丘”拥有很特殊的辐射消除能力，同时还能增加耐力，加速止血，增加抗电击能力。</text>
	</string>
  <string id="af_kol_1">
		<text>钢制姜饼小人[Steel Kolobok]</text>
	</string>
  <string id="enc_zone_artifact_kol_1">
		<text>这一改型可以生成一种重力场，可以阻止子弹进入。可以增加对于火器的防护能力。另外，他还能使皮肤对于破裂的敏感度降低。但不幸的是这玩意有辐射。</text>
	</string>
  <string id="af_kol_2">
		<text>泰坦姜饼小人[Titan Kolobok]</text>
	</string>
  <string id="enc_zone_artifact_kol_2">
		<text>泰坦姜饼小人[Titan Kolobok]能增加皮肤对于破裂的敏感度，降低火焰伤害，同时还有一定几率利用其生成的重力场挡住子弹。不幸的是它有辐射。</text>
	</string>
  <string id="af_kol_3">
		<text>钻石姜饼小人[Diamond Kolobok]</text>
	</string>
  <string id="enc_zone_artifact_kol_3">
		<text>这一改型增加破裂抵抗能力，降低火焰和化学伤害，同时还有一定几率利用其生成的重力场挡住子弹。不幸的是它有辐射。</text>
	</string>
  <string id="af_kol_4">
		<text>球体[Sphere]</text>
	</string>
  <string id="enc_zone_artifact_kol_4">
		<text>球体[Sphere]继承了它之前形态神器钻石姜饼小人[Diamond Kolobok]的特性，但同时消除了放射性的特性，他还能使人产生饱腹感，使其很久不用进食。</text>
	</string>
  <string id="af_armor_1">
		<text>皮肤[Skin]</text>
	</string>
  <string id="enc_zone_artifact_armor_1">
		<text>这一改型降低了抵抗任何化学腐蚀的能力，稍稍增加了防弹能力。放射性。</text>
	</string>
  <string id="af_armor_2">
		<text>鳞片[Scale]</text>
	</string>
  <string id="enc_zone_artifact_armor_2">
		<text>“鳞片”神器增强了它同时削弱了化学刺激性物质的影响，它还可以增强健康。并且其专门性会增强人类的皮肤强度。这样会使得皮肤对于子弹的伤害更有抵抗力。带有辐射同时会增加流血。</text>
	</string>
  <string id="af_armor_3">
		<text>钢铁鳞片[Steel Scale]</text>
	</string>
  <string id="enc_zone_artifact_armor_3">
		<text>“钢铁鳞片”神器继承了它前身“鳞片”的性质，但是去掉了流血的性质。依然带有辐射。</text>
	</string>
  <string id="af_armor_4">
		<text>控制者的头皮[Controller Scalp]</text>
	</string>
  <string id="enc_zone_artifact_armor_4">
		<text>控制者的头皮[Controller Scalp]神器削弱了化学刺激性物质的影响，增加了对电磁风暴的抵抗力。同时降低（人体）对于食物的需求并且增加健康。它会以一种奇怪的方式作用于人体的皮肤，使得其对于子弹伤害敏感度降低。</text>
	</string>
  <string id="af_simbion">
		<text>共生[Simbion]</text>
	</string>
  <string id="enc_zone_artifact_simbion">
		<text>共生[Simbion]神器是一个非常独特的改良混合物，其获得的方式是将四种神器混合在一起并且转变它们。“共生”神器能够完美地屏蔽电磁风暴。但是另一方面，它会增强流血并且降低耐力，它还会增加（装甲的）破损。</text>
	</string>
<!-- 19:06 17.06.2007 -->
<!-- Modified by Aero 13:22 25.04.2008 -->