﻿	<?xml version="1.0" encoding="UTF-8"?>
	<string id="general_ecolog_tip_1">
		<text>发生了什么事？他死了吗？立刻回来！</text>
	</string>
	<string id="general_ecolog_tip_2">
		<text>发生了什么事？他死了吗？拿取样本，然后马上回来！</text>
	</string>
	<string id="storyline_ghost_tip">
		<text>鬼魂的录音。</text>
	</string>
	<string id="storyline_vasilyev_tip">
		<text>瓦西里的录音。</text>
	</string>
	<string id="tips_labx16switcher_press">
		<text>要关掉奇迹机器按下($$ACTION_USE$$)</text>
	</string>
	<string id="yan_saharov_message">
		<text>好人，史特列洛克，你终于做到了。我们在研究室研读这个机器是很重要的事。试着关掉它，那么我们就可以好好的研究一下。</text>
	</string>
	<string id="yan_saharov_message_2">
		<text>听着，这件原型装置没办法在那么强的放射线下，保护你很长的时间。当每次侦测到放射线时，有一个计时器会开始动作。当时限到达时，原型装置就会失去了保护的能力。小心点，把你的眼睛盯着计时器。</text>
	</string>
	<string id="yan_saharov_message_3">
		<text>干的好，史特列洛克。放射源被关闭了，而你还活着。我须要警告你，不管怎样，我们呼叫了一些军用直升机来清除这个区域里的僵尸。除非你有必要，不然不要到处闲逛。喔，还有，每一段时间就进来一下我们的碉堡，可以吗？</text>
	</string>
