﻿	<?xml version="1.0" encoding="UTF-8"?>
	<string id="gar_angar">
		<text>被遗弃的机棚。</text>
	</string>
	<string id="gar_bandit_agr">
		<text>在农会出口的强盗营。</text>
	</string>
	<string id="gar_bandit_post">
		<text>通往农会路上的强盗基地。</text>
	</string>
	<string id="gar_bandits_leader">
		<text>由首领率领的强盗袭击。</text>
	</string>
	<string id="gar_boars_nest">
		<text>一群野猪。</text>
	</string>
	<string id="gar_car_graveyard">
		<text>废车场。</text>
	</string>
	<string id="gar_dogs_in_forest">
		<text>狗群出没的森林</text>
	</string>
	<string id="gar_dolg_blokpost">
		<text>在通往酒吧路上的纪律团检查哨。</text>
	</string>
	<string id="gar_hellcar">
		<text>一群中立的潜行者在要求帮助。</text>
	</string>
	<string id="gar_newbie">
		<text>一个又怕又累的菜鸟。</text>
	</string>
	<string id="gar_secret1">
		<text>菜鸟的秘密藏匿处</text>
	</string>
	<string id="gar_seriy">
		<text>西利的小队</text>
	</string>
	<string id="gar_swamp">
		<text>葛林潘沼泽。</text>
	</string>
	<string id="gar_trash1">
		<text>一堆垃圾，里面都是变异点跟神器</text>
	</string>
	<string id="gar_tunnel">
		<text>火车隧道。</text>
	</string>
	<string id="gar_wounded_help">
		<text>求救信号，可能是一个受伤的潜行者。</text>
	</string>
