﻿	<?xml version="1.0" encoding="UTF-8"?>
	<string id="mil_blockpost_job">
		<text>自由团通关口的帮助。</text>
	</string>
	<string id="mil_courier">
		<text>告密者。</text>
	</string>
	<string id="mil_courier_job">
		<text>解决告密者。</text>
	</string>
	<string id="mil_courier_phase1">
		<text>前往农庄。</text>
	</string>
	<string id="mil_courier_phase2">
		<text>等待告密者带出他的碰头者。</text>
	</string>
	<string id="mil_courier_phase3">
		<text>干掉告密者。</text>
	</string>
	<string id="mil_courier_phase4">
		<text>干掉碰头者</text>
	</string>
	<string id="mil_courier_phase5">
		<text>回报给为卢卡许关于任务的讯息。</text>
	</string>
	<string id="mil_crazy">
		<text>疯狂潜行者。</text>
	</string>
	<string id="mil_dolg">
		<text>纪律团</text>
	</string>
	<string id="mil_dolg_assault_freedom">
		<text>帮助纪律团干掉卢卡许</text>
	</string>
	<string id="mil_kill_lukash">
		<text>杀死卢卡许</text>
	</string>
	<string id="mil_dolg_assault_support">
		<text>干掉狙击手</text>
	</string>
	<string id="mil_dolg_return_to_khutor">
		<text>回到纪律团的农庄，收取我的回报。</text>
	</string>
	<string id="mil_dolg_return_to_skull">
		<text>向骷髅回报</text>
	</string>
	<string id="mil_fblockpost_commander">
		<text>前哨站指挥官凯普</text>
	</string>
	<string id="mil_fblockpost_phase2">
		<text>帮助摧毁黑石组织的打击小队</text>
	</string>
	<string id="mil_fblockpost_phase3">
		<text>与通关口的指挥官交谈</text>
	</string>
	<string id="mil_find_cook">
		<text>寻找自由团基地的厨子</text>
	</string>
	<string id="mil_freedom_rg6_task">
		<text>从自由团处获取Bulldog 6榴弹发射器。</text>
	</string>
	<string id="mil_go_max">
		<text>向麦斯回报。</text>
	</string>
	<string id="mil_go_to_miser_task">
		<text>去自由团的基地见吝啬鬼，然后拿取你的酬劳。</text>
	</string>
	<string id="mil_go_to_miser_task_main">
		<text>接收摧毁吸血怪的酬劳</text>
	</string>
	<string id="mil_hunters_phase1">
		<text>在村庄里寻找莫克</text>
	</string>
	<string id="mil_hunters_phase2">
		<text>杀死吸血怪</text>
	</string>
	<string id="mil_hunters_phase3">
		<text>将神器交给吝啬鬼</text>
	</string>
	<string id="mil_hunters_task">
		<text>杀死在村庄的吸血怪</text>
	</string>
	<string id="mil_kill_controller">
		<text>杀死吸血怪</text>
	</string>
	<string id="mil_kill_controller_main">
		<text>杀死吸血怪</text>
	</string>
	<string id="mil_kill_dolg">
		<text>摧毁纪律团小队。</text>
	</string>
	<string id="mil_lukash">
		<text>卢卡许。</text>
	</string>
	<string id="mil_max">
		<text>麦斯。</text>
	</string>
	<string id="mil_put_flash_to_max">
		<text>把随身碟交给麦斯。</text>
	</string>
	<string id="mil_kill_sniper">
		<text>杀死塔上的狙击手</text>
	</string>
	<string id="mil_quest_report_dolg">
		<text>回报任务状况给纪律团小队</text>
	</string>
	<string id="mil_return_lukash">
		<text>回到卢卡许处。</text>
	</string>
	<string id="mil_return_to_ugrumy">
		<text>向莫克报告任务状况</text>
	</string>
	<string id="mil_return_to_voronin">
		<text>将Bulldog 6交给沃洛宁将军</text>
	</string>
	<string id="mil_rg6">
		<text>寻找Bulldog 6</text>
	</string>
	<string id="mil_secret">
		<text>强盗藏匿处</text>
	</string>
	<string id="mil_sniper">
		<text>狙击手。</text>
	</string>
	<string id="mil_mad_job">
		<text>从疯狂狙击手处拿取随身碟。</text>
	</string>
	<string id="mil_talk_cook">
		<text>与大厨交谈</text>
	</string>
	<string id="mil_talk_with_cap">
		<text>与凯普交谈，自由团前哨站的指挥官。</text>
	</string>
	<string id="mil_test_task_phase1">
		<text>进入限流区1</text>
	</string>
	<string id="mil_test_task_phase2">
		<text>进入限流区2</text>
	</string>
	<string id="mil_test_task_phase3">
		<text>当任务完成在空中举起Bulldog 6榴弹发射器，如果失败就举起TRs 301。</text>
	</string>
	<string id="mil_test_task_title">
		<text>测试任务</text>
	</string>
	<string id="mil_ugrumy">
		<text>莫克。</text>
	</string>
	<string id="mil_lukash_job">
		<text>摧毁纪律团阵营</text>
	</string>
