﻿	<?xml version="1.0" encoding="UTF-8"?>
	<string id="bar_arena_locator">
		<text>竞技场。</text>
	</string>
	<string id="bar_bar_locator">
		<text>一百辐射酒吧。</text>
	</string>
	<string id="bar_dolg_locator">
		<text>纪律团的基地</text>
	</string>
	<string id="rostok_banda_volkodava">
		<text>在直升机旁的狼狗和他的杀手</text>
	</string>
	<string id="rostok_kruglov">
		<text>克鲁格洛夫教授。</text>
	</string>
	<string id="rostok_tainyi_hod">
		<text>工厂旁的伏击</text>
	</string>
	<string id="rostok_volkodav">
		<text>狼狗。</text>
	</string>
