﻿<?xml version="1.0" encoding="UTF-8" ?>
<string_table>
<string id="informer_recipt1">
    <text>Eck(同时伏身) 这么多零没有让你迷糊吧？好了，这是你的钱。我想这些应该够了吧。快告诉我。</text>
</string>
<string id="informer_recipt2">
    <text>Okay。</text>
</string>
<string id="alenka_info">
    <text>别杀我！爱琳卡[Alenka]正在等我。我可以告诉你些情报。你也知道，我独自在这，店员只是坐在电脑前面处理文件和记录。然后我每天与棺材里的腐尸为伍!想想都作呕，忘了这个吧。在那我偶然看到一个文件上提到如何破解密码。我虽然没有作备份，但我却还记得。是篇关于通过变异点转化神器的报告。想想吧！也就是说如果能搞些甲基..."二甲氨XXX"之类的...叫做"曾祖母的项链"。名字弱爆了。只要记住就行，也别问它是什么，我根本没什么概念，然后把它丢进旋转里，十分钟后，你就会得到另一件神器。就像另一个...类似的东西。只是属性会改变。它会形成一个力场，可以明显感觉到任何飞进来的物体速度都会慢下来。我想，这意味着它能防弹。因此它能止血还有增加健康值。而且它还会发光。这些，我希望这个情报能对你有帮助...至于我的小命吗...就放我一马吧，史特列洛克，可好?</text>
</string>
<string id="detector_elite_bad">
    <text>通用探测器坏了，太讨厌了!</text>
</string>
<string id="detector_elite_bad_desc">
    <text>可能是这个地方最好的探测器了，只是需要修理一下。</text>
</string>
<string id="shceme_detector_name">
    <text>用来设定探测器的电路图。</text>
</string>
<string id="shceme_detector_desc">
    <text>弄明白这个探测器的原理后将允许我们对它做一些调整使之能够探测出任何一种的变异点。</text>
</string>
<string id="device_pda1">
    <text>PDA</text>
</string>
<string id="enc_equipment_device_pda1">
    <text>某个潜行者的个人PDA。在特异区里个人的信息以及数据的储存对生存来说是很必要的。</text>
</string>
<string id="detec_flash_name">
    <text>常见的闪存驱动器，他们经常可以在特异区里见到。</text>
</string>
<string id="detec_flash_desc">
    <text>蒙可的USB闪存驱动器。</text>
</string>
<string id="st_detector_sak">
    <text>变异点通用检测器。</text>
</string>
<string id="enc_equipment_devic_detect_sak">
    <text>探测器在关于超自然现象方面的机械化研究领域的最新进展使之几乎可以探测和识别特异区里的任何一种变异点。</text>
</string>
<string id="shceme_document_military_name">
    <text>军用地下通信系统的图解。</text>
</string>
<string id="shceme_document_military_desc">
    <text>军用地下通信系统的图解。地下墓穴的图解和计划。</text>
</string>
<string id="af_electra_moonlight_new">
    <text>月光</text>
</string>
<string id="af_electra_moonlight_new_desc">
    <text>在'黑天使'(Elektra)变异点周围不容易发现的神器。在它周围有一种散发着小火花的无定形半透明发光核心形成。将这种神器穿戴在皮带上可以显著增加耐力。但是，如果走进“黑天使”变异点，穿戴这种神器的人的生存几率是最小的。此外它的价格非常高。对这种神器表现出兴趣的是科学家组织，收藏家以及珠宝商。</text>
</string>
<string id="freeman_case_name">
    <text>佛理曼的金属箱子。</text>
</string>
<string id="freeman_case_desc">
    <text>佛理曼的金属箱子。一个用于运输钱和文件的普通箱子。</text>
</string>
<string id="resiver_name">
    <text>军队收音机</text>
</string>
<string id="resiver_desc">
    <text>常见的军队VHF收音机，但是从电路上来说，它那过时的真空管设计对于各种各样的辐射反而有最佳的抵抗能力</text>
</string>
<string id="item_notebook_new_desc">
    <text>包含有关于石棺地下通讯资料的手提电脑</text>
</string>
<string id="item_notebook_new_name">
    <text>还有资料的手提电脑</text>
</string>
<string id="monolit_journal_desc">
    <text>关于石棺的记录志。包含有黑石多年活动的详细资料。很多，很多信与数字。当然也有照片。</text>
</string>
<string id="monolit_journal_name">
    <text>关于石棺的记录志</text>
</string>
<string id="sweets_desc">
    <text>一个小的装着蒙特彭瑟水果糖的金属容器</text>
</string>
<string id="sweets">
    <text>糖果</text>
</string>
<string id="plan_labx16_document_desc">
    <text>X-16实验室的通讯计划。除此之外还标记了一条通往石棺的密道。</text>
</string>
<string id="plan_labx16_document_name">
    <text>x-16实验室的通讯计划。</text>
</string>
<string id="shram_document1_desc">
    <text>“疤面”留下的字条 #1.</text>
</string>
<string id="shram_document1_name">
    <text>“疤面”留下的字条 #1.</text>
</string>
<string id="shram_document2_desc">
    <text>“疤面”留下的字条 #2.</text>
</string>
<string id="shram_document2_name">
    <text>“疤面”留下的字条 #2.</text>
</string>
<string id="shram_document3_desc">
    <text>“疤面”留下的字条 #3.</text>
</string>
<string id="shram_document3_name">
    <text>“疤面”留下的字条 #3.</text>
</string>
<string id="money_case_desc">
    <text>科学家的一箱钱(string_table_general.xml第109行 等待测试翻译正确)</text>
</string>
<string id="money_case_name">
    <text>一箱钱(string_table_general.xml第112行  等待测试翻译正确)</text>
</string>
<string id="experiment_case_desc">
    <text>Case with the experiments. Has three rows with litres of fluid.(string_table_general.xml第115行  等待测试翻译正确)</text>
</string>
<string id="experiment_case_name">
    <text>关于实验的任务。[Case with the experiments.](中文化目标string_table_general.xml第118行  等待测试翻译正确)</text>
</string>
<string id="eight_pda_desc">
    <text>佣兵团无名氏的PDA。只知道绰号叫“八神”，还有一串奇怪的代码。</text>
</string>
<string id="eight_pda_name">
    <text>“八神”的PDA。</text>
</string>
<string id="seven_pda_desc">
    <text>佣兵团无名氏的PDA。只知道绰号叫“七尾”，还有一串奇怪的代码。</text>
</string>
<string id="seven_pda_name">
    <text>“七尾”的PDA。</text>
</string>
<string id="six_pda_desc">
    <text>无名氏佣兵的PDA。只知道绰号叫“六本木”，还有一串奇怪的数字。</text>
</string>
<string id="six_pda_name">
    <text>“六本木”的PDA。</text>
</string>
<string id="four_flash_desc">
    <text>无名氏佣兵的USB快闪储存碟。只知道绰号叫“四谷”，还有一串奇怪的数字。</text>
</string>
<string id="four_flash_name">
    <text>“四谷”的USB快闪储存碟。</text>
</string>
<string id="five_flash_desc">
    <text>无名氏佣兵的USB快闪储存碟。只知道绰号叫“五代”，还有一串奇怪的数字。</text>
</string>
<string id="five_flash_name">
    <text>“五代”的USB快闪储存碟。</text>
</string>
<string id="gold_art_name">
    <text>金片</text>
</string>
<string id="gold_art_desc">
    <text>“肉片”神器的特殊变种。只能在车诺比尔找到，十分稀有。它的有些特性跟普通的肉片神器不太一样。</text>
</string>
<string id="third_pda_desc">
    <text>无名氏佣兵的PDA。只知道绰号叫“三鹰”，还有一串奇怪的数字。</text>
</string>
<string id="third_pda_name">
    <text>“三鹰”的PDA。</text>
</string>
<string id="photo_alboum_name">
    <text>装有照片的相册。</text>
</string>
<string id="photo_alboum_desc">
    <text>格林牙[Grinya]保存的装有照片和个人记录的相册。</text>
</string>
<string id="box_patron_name">
    <text>弹药盒</text>
</string>
<string id="box_patron_desc">
    <text>重木箱。里面是锌弹。</text>
</string>
<string id="book_nebo1_desc">
    <text>分卷1 来自x-16实验室。带有公式和图表的研究。显然这个实验室在进行动物和人类方面的研究。</text>
</string>
<string id="book_nebo1_name">
    <text>分卷1 来自X-16实验室。</text>
</string>
<string id="book_nebo2_desc">
    <text>分卷2 来自x-16实验室。带有公式和图表的研究。显然这个实验室在进行动物和人类方面的研究。</text>
</string>
<string id="book_nebo2_name">
    <text>分卷2 来自X-16实验室。</text>
</string>
<string id="book_nebo3_desc">
    <text>分卷3 来自x-16实验室。带有公式和图表的研究。显然这个实验室在进行动物和人类方面的研究。</text>
</string>
<string id="book_nebo3_name">
    <text>分卷3 来自X-16实验室。</text>
</string>
<string id="first_flash_desc">
    <text>佣兵团无名氏的PDA。只知道绰号叫“一之濑”，还有一串奇怪的代码。</text>
</string>
<string id="first_flash_name">
    <text>“一之濑”的USB快闪储存碟。</text>
</string>
<string id="second_flash_desc">
    <text>佣兵团无名氏的PDA。只知道绰号叫“二阶堂”，还有一串奇怪的代码。</text>
</string>
<string id="second_flash_name">
    <text>“二阶堂”的USB快闪储存碟。</text>
</string>
<string id="levsha_decoder_desc">
    <text>看起来像是一个强力的电子解码器，这个东西是专门用来破解一个特别的电子锁</text>
</string>
<string id="levsha_decoder_name">
    <text>左撇子的解码器</text>
</string>
<string id="dan_document_name">
    <text>给丹的文件</text>
</string>
<string id="dan_document_desc">
    <text>斯维布洛夫转交给丹的已封装文件</text>
</string>
<string id="inventory_new_box_name">
    <text>西德洛维奇的金属箱子</text>
</string>
<string id="inventory_new_box_desc">
    <text>金属箱子，装有西德洛维奇的物品，上面有一个纪律团的锁</text>
</string>
<string id="enc_recipts">
    <text>秘方</text>
</string>
<string id="actor">
    <text>独行者</text>
</string>
<string id="actor_dolg">
    <text>纪律团</text>
</string>
<string id="actor_freedom">
    <text>自由团</text>
</string>
<string id="arena_enemy">
    <text>佣兵团</text>
</string>
<string id="bad">
    <text>坏</text>
</string>
<string id="bratok">
    <text>强盗</text>
</string>
<string id="nebo">
    <text>晴空组织</text>
</string>
<string id="bandit">
    <text>强盗</text>
</string>
<string id="dolg">
    <text>纪律团</text>
</string>
<string id="ecolog">
    <text>生态学家</text>
</string>
<string id="enemy">
    <text>敌人</text>
</string>
<string id="excellent">
    <text>太好了</text>
</string>
<string id="exo_outfit_name_m1">
    <text>PNB-4UZ强化服</text>
</string>
<string id="experienced">
    <text>经验丰富的</text>
</string>
<string id="Found_PDA">
    <text>找到PDA</text>
</string>
<string id='Freedom'>
    <text>自由团</text>
</string>
<string id="friendly">
    <text>朋友</text>
</string>
<string id="good">
    <text>好</text>
</string>
<string id="indifferent">
    <text>中立</text>
</string>
<string id="killer">
    <text>佣兵团</text>
</string>
<string id="l01_escape">
    <text>封锁线</text>
</string>
<string id="l02_garbage">
    <text>废弃区</text>
</string>
<string id="l03_agroprom">
    <text>农业研究所</text>
</string>
<string id="l04_darkvalley">
    <text>黑暗山谷</text>
</string>
<string id="l05_bar">
    <text>酒吧</text>
</string>
<string id="l06_rostok">
    <text>罗斯托克</text>
</string>
<string id="l07_military">
    <text>军方的仓库</text>
</string>
<string id="l08_yantar">
    <text>扬塔</text>
</string>
<string id="l10_radar">
    <text>红森林</text>
</string>
<string id="l11_pripyat">
    <text>皮里皮亚特</text>
</string>
<string id="l12_stancia">
    <text>车诺比核电厂</text>
</string>
<string id="l12_stancia_2">
    <text>车诺比核电厂后广场</text>
</string>
<string id="master">
    <text>大师</text>
</string>
<string id="military">
    <text>军队</text>
</string>
<string id="monolith">
    <text>黑石组织</text>
</string>
<string id="neutral">
    <text>中立</text>
</string>
<string id="novice">
    <text>新兵</text>
</string>
<string id="st_no_active_task">
    <text>没有进行中的任务</text>
</string>
<string id="st_time_till_surge">
    <text>放射剩余时间</text>
</string>
<string id="stalker">
    <text>独行者</text>
</string>
<string id="terrible">
    <text>可怕</text>
</string>
<string id="trader">
    <text>商人</text>
</string>
<string id="ui_st_community">
    <text>组织</text>
</string>
<string id="ui_st_price">
    <text>价格</text>
</string>
<string id="ui_st_rank">
    <text>阶级</text>
</string>
<string id="ui_st_relation">
    <text>态度</text>
</string>
<string id="ui_st_reputation">
    <text>声望</text>
</string>
<string id="very_bad">
    <text>很糟</text>
</string>
<string id="very_good">
    <text>很好</text>
</string>
<string id="veteran">
    <text>富有经验的人</text>
</string>
<string id="zombied">
    <text>僵尸化</text>
</string>
<string id="Btn_Cancel">
    <text>取消</text>
</string>
<string id="Btn_No">
    <text>否</text>
</string>
<string id="Btn_OK">
    <text>Ok</text>
</string>
<string id="Btn_Yes">
    <text>是</text>
</string>
<string id="global_map">
    <text>特异区地图</text>
</string>
<string id="st_autosave">
    <text>自动存档</text>
</string>
<string id="st_game_over">
    <text>游戏结束。</text>
</string>
<string id="st_item_used">
    <text>使用过的</text>
</string>
<string id="st_not_enough_money">
    <text>金钱不足</text>
</string>
<string id="st_not_enough_money_npc">
    <text>交易对象没有足够的钱</text>
</string>
<string id="ui_st_opponent_items">
    <text>背包</text>
</string>
<string id="st_search_treasure">
    <text>搜寻藏匿物($$ACTION_USE$$)</text>
</string>
<string id="inventory_item_use">
    <text>拿起物品($$ACTION_USE$$)</text>
</string>
<string id="ui_mm_check_updates">
    <text>恢复预设值</text>
</string>
<string id="ui_mm_alternative">
    <text>选择</text>
</string>
<string id="ui_inv_health">
    <text>健康</text>
</string>
<string id="ui_inv_radiation">
    <text>辐射</text>
</string>
<string id="ui_inv_satiety">
    <text>饥饿</text>
</string>
<string id="ui_inv_power">
    <text>耐力</text>
</string>
<string id="ui_inv_bleeding">
    <text>流血</text>
</string>
<string id="st_mp_say_to_all">
    <text>对全体</text>
</string>
<string id="st_mp_say_to_team">
    <text>对队伍</text>
</string>
<string id="st_knife">
    <text>小刀</text>
</string>
<string id="st_mp_disabled_voting">
    <text>目前伺服器没有进行投票。</text>
</string>
<string id="st_mp_no_current_voting">
    <text>没有进行中的投票。</text>
</string>
<string id="st_mp_ready">
    <text>准备。</text>
</string>
<string id="st_mp_voting_succeed">
    <text>投票成功！</text>
</string>
<string id="st_mp_voting_failed">
    <text>投票失败！</text>
</string>
<string id="l03u_agr_underground">
    <text>农业研究所地底</text>
</string>
<string id="l04u_labx18">
    <text>X-18实验室</text>
</string>
<string id="l08u_brainlab">
    <text>X-16实验室</text>
</string>
<string id="l10u_bunker">
    <text>X-10实验室</text>
</string>
<string id="l12u_sarcofag">
    <text>石棺</text>
</string>
<string id="l12u_control_monolith">
    <text>黑石控制器</text>
</string>
<string id="atp_for_test22">
    <text>ATP</text>
</string>
<string id="dead_city">
    <text>死亡之城</text>
</string>
<string id="aver">
    <text>森林</text>
</string>
<string id="swamp">
    <text>沼泽</text>
</string>
<string id="predbannik">
    <text>维和部队驻扎地</text>
</string>
</string_table>
