﻿<?xml version="1.0" encoding="UTF-8"?>
<string id="cit_doctor_task">
	<text>在皮里皮亚特的秘密藏匿物</text>
</string>
 
<string id="cit_doctor_task_0">
	<text>寻找在皮里皮亚特的秘密藏匿物</text>
</string>
 
<string id="cit_doctor_task_1">
	<text>抵达旅馆。</text>
</string>
 
<string id="cit_doctor_task_2">
	<text>寻找秘密藏匿物所在的房间</text>
</string>
 
<string id="cit_doctor_task_3">
	<text>寻找秘密藏匿物所在的房间</text>
</string>
 
<string id="cit_doctor_escape_task">
	<text>从囚禁的地方逃走</text>
</string>
 
<string id="cit_doctor_escape_task_0">
	<text>从佣兵的囚禁的地方逃走</text>
</string>
 
<string id="cit_doctor_escape_task_1">
	<text>从奇美拉那里逃走</text>
</string>
 
<string id="cit_doctor_escape_task_2">
	<text>到达死亡之城的出口处</text>
</string>
 
<string id="cit_doctor_weapon_task">
	<text>拿上选择好的东西</text>
</string>
 
<string id="cit_doctor_weapon_task_0">
	<text>从佣兵那里拿回你的东西</text>
</string>
 
<string id="cit_doctor_weapon_task_1">
	<text>拿上你的东西</text>
</string>
 
<string id="cit_killers_base">
	<text>找到了一张死城的地图。</text>
</string>
 
<string id="cit_killers_base_location_0">
	<text>找到了一张显示了佣兵位置的死城地图。</text>
</string>
 
<string id="cit_killers_base_location_1">
	<text>找到了一张地图。</text>
</string>
 
<string id="cit_killers_base_location_2">
	<text>交付地图。</text>
</string>
 
<string id="cit_find_vp">
	<text>获悉瓦西里-彼得罗维奇的命运</text>
</string>
 
<string id="cit_documents">
	<text>从雇佣兵那儿找到文件。</text>
</string>
 
<string id="cit_compromat_documents_0">
	<text>从雇佣兵那儿找到罪证文件。</text>
</string>
 
<string id="cit_compromat_documents_1">
	<text>杀掉雇佣兵的头儿并且拿走文件。</text>
</string>
 
<string id="cit_compromat_documents_2">
	<text>交付文件。</text>
</string>
 
