﻿<?xml version="1.0" encoding="UTF-8" ?>
<string_table>
<string id="car_use">
    <text>开门 ($$ACTION_USE$$).</text>
</string>
<string id="character_use">
    <text>交谈 ($$ACTION_USE$$).</text>
</string>
<string id="dead_character_use">
    <text>搜索尸体 ($$ACTION_USE$$).</text>
</string>
<string id="inventory_item_use">
    <text>捡起物品 ($$ACTION_USE$$).</text>
</string>
<string id="physic_shell_use">
    <text>移动尸体 ($$ACTION_USE$$).</text>
</string>
</string_table>
