﻿<?xml version="1.0" encoding="UTF-8" ?>
<string_table>
<string id="bandit_outfit_name">
    <text>强盗夹克</text>
</string>
<string id="bandit_outfit_description">
    <text>抗冲击: 5, \n 抗撕裂: 5, \n 抗割伤: 10, \n 防弹: 8, \n 抗烧伤: 10, \n 抗化学烧伤: 1910, \n 抗电击: 5, \n 抗幅射: 0, \n 抗心灵幅射: 0 \n\n 一般的强盗轻装甲，在背部缝有保护片。每个人都可以自己作一件，不过也不是每个人都那么有耐心。</text>
</string>

<string id="bandit_outfit_name_m">
    <text>有锁炼外装甲的强盗夹克</text>
</string>
<string id="bandit_outfit_description_m">
    <text>抗冲击: 10, \n 抗撕裂: 15, \n 抗割伤: 10, \n 防弹: 28, \n 抗烧伤: 10, \n 抗化学烧伤: 1910, \n 抗电击: 10, \n 抗幅射: 20, \n 抗心灵幅射: 0 \n\n 常见的低强度强盗防弹背心。在那里面有衬里层锁子甲。</text>
</string>

<string id="bandit_gaz_outfit_m1_name">
    <text>附有防毒面具的强盗夹克</text>
</string>
<string id="bandit_gaz_outfit_m1_description">
    <text>抗冲击: 5, \n 抗撕裂: 8, \n 抗割伤: 10, \n 防弹: 8, \n 抗烧伤: 10, \n 抗化学烧伤: 1910, \n 抗电击: 5, \n 抗幅射: 10, \n 抗心灵幅射: 0 \n\n 强盗的传统外装 - 缝有装甲片的皮夹克。对于特异区恶劣的条件来说它所提供的微弱保护是极为不足的。它能提供稍微多点的辐射保护。</text>
</string>

<string id="bandit_veteran_outfit_name">
    <text>棕色强盗大衣</text>
</string>
<string id="bandit_veteran_outfit_description">
    <text>抗冲击: +5, \n 抗撕裂: +10, \n 抗割伤: +5, \n 防弹: +10, \n 抗烧伤: +10, \n 抗化学烧伤:  +5, \n 抗电击: +5, \n 抗幅射: 0, \n 抗心灵幅射: 0 \n\n 老兵黑装，只能提供比普通夹克多一点的伤口和防火保护。 提供的保护极为不足。外表很像天然皮肤。</text>
</string>

<string id="bandit_master_outfit_name">
    <text>黑色强盗大衣</text>
</string>
<string id="bandit_master_outfit_description">
    <text>抗冲击: 20, \n 抗撕裂: 30, \n 抗割伤: 20, \n 防弹: 45, \n 抗烧伤: 20, \n 抗化学烧伤: 1920, \n 抗电击: 20, \n 抗幅射: 0, \n 抗心灵幅射: 0 \n\n 一开始它们被OPG(犯罪组织 )。接着这些衣服成为了史特列洛克团队的特征。现在则被罪犯所使用。有着合理的防弹性能。天然皮肤外表。</text>
</string>

<string id="exo_bandit_outfit_name">
    <text>强盗外骨骼</text>
</string>
<string id="exo_bandit_outfit_description">
    <text>抗冲击: 25, \n 抗撕裂: 25, \n 抗割伤: 25, \n 防弹: 38, \n 抗烧伤: 15, \n 抗化学烧伤: 1915, \n 抗电击: 20, \n 抗幅射: 30, \n 抗心灵幅射: 5, \n 重量：50 \n\n 外骨骼，由以Borov 'Hog' Fraera为首的技艺精湛的工匠制作而成。只有真正硬汉们可以穿着这些外骨骼进入特异区。它具有很好的可靠性和负重。</text>
</string>

<string id="dolg_outfit_name">
    <text>PS3-9d 纪律团护甲</text>
</string>
<string id="dolg_outfit_description">
    <text>%c[255,1,255,255] 抗冲击:%c[255,1,255,1] 25% \n %c[255,1,255,255] 抗割伤:%c[255,1,255,1] 25% \n %c[255,1,255,255] 防爆炸%c[255,1,255,1] 25% \n %c[255,1,255,255] 防弹:%c[255,1,255,1] 20% \n %c[255,1,255,255] 抗烧伤:%c[255,1,255,1] 25% \n %c[255,1,255,255] 抗化学烧伤:%c[255,1,255,1] 25% \n %c[255,1,255,255] 抗电击:%c[255,1,255,1] 25% \n %c[255,1,255,255] 抗幅射:%c[ 255,1,255,1] 25% \n %c[default] 由Kiev NII(科研机构名称)为"纪律团"制造的。以简单可靠的CCL-9型连体衣为基础，运用新型材料，在各类有害环境中都能起到很好的防护效果。还能防弹。因为缺少呼吸装置，该型防弹衣还需要升级。</text>
</string>

<string id="dolg_outfit_gaz_m1_name">
    <text>PS3-9d-2 纪律团护甲</text>
</string>
<string id="dolg_outfit_gaz_m1_description">
    <text>%c[255,1,255,255] 抗冲击:%c[255,1,255,1] 25% \n %c[255,1,255,255] 抗割伤:%c[255,1,255,1] 25% \n %c[255,1,255,255] 防爆炸%c[255,1,255,1] 20% \n %c[255,1,255,255] 防弹:%c[255,1,255,1] 20% \n %c[255,1,255,255] 抗烧伤:%c[255,1,255,1] 25% \n %c[255,1,255,255] 抗化学烧伤:%c[255,1,255,1] 25% \n %c[255,1,255,255] 抗电击:%c[255,1,255,1] 25% \n %c[255,1,255,255] 抗幅射:%c[ 255,1,255,1] 35% \n %c[default] 由Kiev NII(科研机构名称)为"纪律团"制造的。性能远超它的原型CCL-9。在各类有害环境中都能起到很好的防护效果。还能防弹。该型防护服还带有呼吸器。</text>
</string>

<string id="dolg_outfit_name_m1">
    <text>纪律团护甲[猎人专用]PS3-9d</text>
</string>
<string id="dolg_outfit_description_m1">
    <text>%c[255,1,255,255] 抗冲击:%c[255,1,255,1] 25% \n %c[255,1,255,255] 抗割伤:%c[255,1,255,1] 70% \n %c[255,1,255,255] 防爆炸%c[255,1,255,1] 25% \n %c[255,1,255,255] 防弹:%c[255,1,255,1] 20% \n %c[255,1,255,255] 抗烧伤:%c[255,1,255,1] 25% \n %c[255,1,255,255] 抗化学烧伤:%c[255,1,255,1] 25% \n %c[255,1,255,255] 抗电击:%c[255,1,255,1] 25% \n %c[255,1,255,255] 抗幅射:%c[ 255,1,255,1] 25% \n %c[default] 纪律团防护服，改进后，提升了对砍刺的防护力。</text>
</string>

<string id="dolg_scientific_outfit_name">
    <text>PS3-9Md 普通防护。</text>
</string>
<string id="dolg_scientific_outfit_description">
    <text>%c[255,1,255,255] 抗冲击:%c[255,1,255,1] 25% \n %c[255,1,255,255] 抗割伤:%c[255,1,255,1] 25% \n %c[255,1,255,255] 防爆炸%c[255,1,255,1] 25% \n %c[255,1,255,255] 防弹:%c[255,1,255,1] 20% \n %c[255,1,255,255] 抗烧伤:%c[255,1,255,1] 40% \n %c[255,1,255,255] 抗化学烧伤:%c[255,1,255,1] 35% \n %c[255,1,255,255] 抗电击:%c[255,1,255,1] 45% \n %c[255,1,255,255] 抗幅射:%c[ 255,1,255,1] 45% \n %c[default] 适用于变异区的优质防护服。深受潜行者的喜欢，因为它对异常环境具有优秀的防护力同时兼具出色的防弹力。它是 PSZ-9d型套装，结合封闭式循环呼吸系统和异常力场集成防护系统于一体而成。它还具有极好的防弹防割刺效果。</text>
</string>

<string id="dolg_black_exoskeleton_name">
    <text>纪律团外骨骼</text>
</string>
<string id="dolg_black_exoskeleton_description">
    <text>to %c[255,1,255,255]抗冲击: %c[255,1,255,1]+35% \n %c[255,1,255,255]抗割伤: %c[255,1,255,1]+40% \n %c[255,1,255,255]防爆炸 %c[255,1,255,1]+35% \n %c[255,1,255,255]防弹: %c[255,1,255,1]+40% \n %c[255,1,255,255]抗烧伤: %c[255,1,255,1]+25% \n %c[255,1,255,255]抗化学烧伤: %c[255,1,255,1]+20% \n %c[255,1,255,255]抗电击: %c[255,1,255,1]+25% \n %c[255,1,255,255]抗幅射: %c[255,1,255,1]+25% \n %c[255,1,255,255]抗心灵幅射: %c[255,1,255,1]+10% \n %c[255,1,255,255]Carrying capacity: %c[255,1,255,1]+35kg \n %c[default] NII为纪律团特别发明的。作战功能占主导地位，大容量，然而装备的重量是一个消极因素。</text>
</string>

<string id="ecolog_outfit_name">
    <text>生态学者SSP-99</text>
</string>
<string id="ecolog_outfit_description">
    <text>%c[255,1,255,255] 抗冲击:%c[255,1,255,1] 25% \n %c[255,1,255,255] 抗割伤:%c[255,1,255,1] 5% \n %c[255,1,255,255] 防爆炸%c[255,1,255,1] 20% \n %c[255,1,255,255] 防弹:%c[255,1,255,1] 10% \n %c[255,1,255,255] 抗烧伤:%c[255,1,255,1] 45% \n %c[255,1,255,255] 抗化学烧伤:%c[255,1,255,1] 45% \n %c[255,1,255,255] 抗电击:%c[255,1,255,1] 45% \n %c[255,1,255,255] 抗幅射:%c[ 255,1,255,1] 45% \n %c[default] 一套军用强化服的原型装置，因为花费昂贵和一些设计上的错误，让它从未进入量产，不过它曾在乌克兰外的工厂非法生产了一小批数量。这是第三代的强化服，这个设计排除了了低机动性的缺陷，还有它的装甲也增强了。它拥有低限度的特异点防护功能。</text>
</string>

<string id="protection_outfit_name">
    <text>生态学者SSP-99改造版[Vega] </text>
</string>
<string id="protection_outfit_description">
    <text>%c[255,1,255,255]抗冲击: %c[255,1,255,1]+25% \n %c[255,1,255,255]抗割伤: %c[255,1,255,1]+25% \n %c[255,1,255,255]防爆炸 %c[255,1,255,1]+30% \n %c[255,1,255,255]防弹: %c[255,1,255,1]+20% \n %c[255,1,255,255]抗烧伤: %c[255,1,255,1]+45% \n %c[255,1,255,255]抗化学烧伤: %c[255,1,255,1]+45% \n %c[255,1,255,255]抗电击: %c[255,1,255,1]+45% \n %c[255,1,255,255]抗幅射: %c[255,1,255,1]+55% \n %c[default] 高品质的SSP-99型防护衣改进型。防弹和防破裂。它是为科学探险工作特制的。对辐射和变异生物的防护效果很好。对化学腐蚀和其它有害生物都有防护效果。</text>
</string>

<string id="super_outfit_name">
    <text>Pegasus 85m型套装</text>
</string>
<string id="super_outfit_description">
    <text>%c[255,1,255,255]抗冲击: %c[255,1,255,1]+25% \n %c[255,1,255,255]抗割伤: %c[255,1,255,1]+25% \n %c[255,1,255,255]防爆炸 %c[255,1,255,1]+30% \n %c[255,1,255,255]防弹: %c[255,1,255,1]+20% \n %c[255,1,255,255]抗烧伤: %c[255,1,255,1]+45% \n %c[255,1,255,255]抗化学烧伤: %c[255,1,255,1]+45% \n %c[255,1,255,255]抗电击: %c[255,1,255,1]+45% \n %c[255,1,255,255]抗幅射: %c[255,1,255,1]+85% \n %c[default] Pegasus 85m型套装是以SSP-99M结合神器"水晶"改良而来。为科学探险时防护强辐射而设计。对于辐射的具有超强的防护效果。对化学腐蚀和其它有害生物都有防护效果。</text>
</string>

<string id="outfit_soldier_m1_name">
    <text>军用防弹衣</text>
</string>
<string id="outfit_soldier_m1_description">
    <text>%c[255,1,255,255]抗冲击: %c[255,1,255,1]+10% \n %c[255,1,255,255]抗割伤: %c[255,1,255,1]+10% \n %c[255,1,255,255]防爆炸 %c[255,1,255,1]+10% \n %c[255,1,255,255]防弹: %c[255,1,255,1]+10% \n %c[255,1,255,255]抗烧伤: %c[255,1,255,1]+10% \n %c[255,1,255,255]抗化学烧伤: %c[255,1,255,1]+5% \n %c[255,1,255,255]抗电击: %c[255,1,255,1]+5% \n %c[255,1,255,255]抗幅射: %c[255,1,255,1]+5% \n %c[default] 军方士兵的制式装备。一款轻型军用防弹衣。对于手枪子弹和砍刺都有不错的防护效果。不过对于变异点之类的防护效果有限。</text>
</string>

<string id="specops_outfit_name">
    <text>Beryl-5m 防弹衣</text>
</string>
<string id="specops_outfit_description">
    <text>%c[255,1,255,255] 抗冲击:%c[255,1,255,1] 10% \n %c[255,1,255,255] 抗割伤:%c[255,1,255,1] 20% \n %c[255,1,255,255] 防爆炸%c[255,1,255,1] 20% \n %c[255,1,255,255] 防弹:%c[255,1,255,1] 23% \n %c[255,1,255,255] 抗烧伤:%c[255,1,255,1] 10% \n %c[255,1,255,255] 抗化学烧伤:%c[255,1,255,1] 10% \n %c[255,1,255,255] 抗电击:%c[255,1,255,1] 15% \n %c[255,1,255,255] 抗幅射:%c[ 255,1,255,1] 10% \n %c[default] 根据特异区的情况而做出工作的修改的特种部队的装备，在组成之前：它由一个TH系列psz-9a军队防弹背心，Sphere-08式头盔所组成。它的目的是为了在辐射增强的区域内进行突击行动。它在对高度异常情况的条件下具有效果。</text>
</string>

<string id="specnaz_outfit_name_m1">
    <text>治疗型 Beryl</text>
</string>
<string id="specnaz_outfit_description_m1">
    <text>%c[255,1,255,255] 抗冲击:%c[255,1,255,1] 10% \n %c[255,1,255,255] 抗割伤:%c[255,1,255,1] 20% \n %c[255,1,255,255] 防爆炸%c[255,1,255,1] 20% \n %c[255,1,255,255] 防弹:%c[255,1,255,1] 23% \n %c[255,1,255,255] 抗烧伤:%c[255,1,255,1] 10% \n %c[255,1,255,255] 抗化学烧伤:%c[255,1,255,1] 10% \n %c[255,1,255,255] 抗电击:%c[255,1,255,1] 15% \n %c[255,1,255,255] 抗幅射:%c[ 255,1,255,1] 10% \n %c[255,1,255,255] 流血:%c[255,1,255,1] -20% \n %c[default] 这套衣服的面料是由拥有加速伤口愈合的饱和的Streptocidal软膏所组成。</text>
</string>

<string id="stalker_outfit_name_m1">
    <text>治疗型 Beryl</text>
</string>
<string id="stalker_outfit_description_m1">
    <text>%c[255,1,255,255]抗冲击: %c[255,1,255,1]+20% \n %c[255,1,255,255]抗割伤: %c[255,1,255,1]+40% \n %c[255,1,255,255]防爆炸 %c[255,1,255,1]+40% \n %c[255,1,255,255]防弹: %c[255,1,255,1]+45% \n %c[255,1,255,255]抗烧伤: %c[255,1,255,1]+30% \n %c[255,1,255,255]抗化学烧伤: %c[255,1,255,1]+30% \n %c[255,1,255,255]抗电击: %c[255,1,255,1]+30% \n %c[255,1,255,255]抗幅射: %c[255,1,255,1]+30% \n %c[255,1,255,255]Health: %c[255,1,255,1]+600 \n %c[default] 这套衣服暴露于神器“灵魂”之下，并且现在它拥有了刺激愈合的功能。</text>
</string>

<string id="military_outfit_name">
    <text>陆军装甲 SCAT-9m</text>
</string>
<string id="military_outfit_description">
    <text>%c[255,1,255,255] 抗冲击:%c[255,1,255,1] 35% \n %c[255,1,255,255] 抗割伤:%c[255,1,255,1] 35% \n %c[255,1,255,255] 防爆炸%c[255,1,255,1] 30% \n %c[255,1,255,255] 防弹:%c[255,1,255,1] 25% \n %c[255,1,255,255] 抗烧伤:%c[255,1,255,1] 30% \n %c[255,1,255,255] 抗化学烧伤:%c[255,1,255,1] 25% \n %c[255,1,255,255] 抗电击:%c[255,1,255,1] 30% \n %c[255,1,255,255] 抗幅射:%c[ 255,1,255,1] 30% \n %c[default] 陆军装甲SCAT-9m是为了在特异区异常情况下实施突击行动而研发的，在组成之前：它是一个内置Sphere-12m头盔的CCL-12n重型陆军装甲服，它能够从子弹和碎片中提供出色的防护，在这种情况下，它不会影响士兵的机动性， 提供免受异常状态的影响。</text>
</string>

<string id="militaryspec_outfit_name">
    <text>陆军装甲 SCAT 10</text>
</string>
<string id="militaryspec_outfit_description">
    <text>%c[255,1,255,255] 抗冲击:%c[255,1,255,1] 40% \n %c[255,1,255,255] 抗割伤:%c[255,1,255,1] 40% \n %c[255,1,255,255] 防爆炸%c[255,1,255,1] 35% \n %c[255,1,255,255] 防弹:%c[255,1,255,1] 35% \n %c[255,1,255,255] 抗烧伤:%c[ 255,1,255,1] 40% \n %c[255,1,255,255] 抗化学烧伤:%c[255,1,255,1] 30% \n %c[255,1,255,255] 抗电击:%c[255,1,255,1] 40% \n %c[255,1,255,255] 抗幅射:%c[ 255,1,255,1] 35% \n %c[255,1,255,255] 抗心灵幅射:%c[255,1,255,1] 20 \n %c[default] 陆军特种防护服SCAT-10是基于SCAT-9m而设计的，在理想情况下，它适合在有异常活动的区域进行突击行动。在组成之前，它是由一系列CCL-12CaO补偿而设计的陆军重型装甲，内置有改进的具有夜视功能和最新的数位过滤模型的Sphere-12FE头盔。它从子弹和碎片中提供出色的防护，在这种情况下不会影响士兵的机动性。同样也拥有优秀的异常影响保护系统。</text>
</string>

<string id="exo_outfit_name">
    <text>军用外骨骼</text>
</string>
<string id="exo_outfit_description">
    <text>%c[255,1,255,255] 抗冲击:%c[255,1,255,1] 45% \n %c[255,1,255,255] 抗割伤:%c[255,1,255,1] 40% \n %c[255,1,255,255] 防爆炸%c[255,1,255,1] 40% \n %c[255,1,255,255] 防弹:%c[255,1,255,1] 30% \n %c[255,1,255,255] 抗烧伤:%c[255,1,255,1] 25% \n %c[255,1,255,255] 抗化学烧伤:%c[255,1,255,1] 25% \n %c[255,1,255,255] 抗电击:%c[255,1,255,1] 25% \n %c[255,1,255,255] 抗幅射:%c[ 255,1,255,1] 15% \n %c[255,1,255,255] 提升负重:%c[255,1,255,1] 20kg \n %c[default] 军用外骨骼的实验模型。在一系列的产品生产之前，在设计中的极高成本一些和错误之前，尽管这是地下企业的低批发放和乌克兰的限制，它并没有淘汰。在设计有缺陷之前它涉及到第三代外骨骼的数据，比如从根本上减少了机动性，然后装甲也得到了强化。它从子弹和碎片中提供出色的防护，但并不保证抵抗异常。</text>
</string>

<string id="exo_outfit_name_m1">
    <text>改造型军用外骨骼</text>
</string>
<string id="exo_outfit_description_m1">
    <text>%c[255,1,255,255] 抗冲击:%c[255,1,255,1] 45% \n %c[255,1,255,255] 抗割伤:%c[255,1,255,1] 40% \n %c[255,1,255,255] 防爆炸%c[255,1,255,1] 40% \n %c[255,1,255,255] 防弹:%c[255,1,255,1] 30% \n %c[255,1,255,255] 抗烧伤:%c[255,1,255,1] 25% \n %c[255,1,255,255] 抗化学烧伤:%c[255,1,255,1] 25% \n %c[255,1,255,255] 抗电击:%c[255,1,255,1] 25% \n %c[255,1,255,255] 抗幅射:%c[ 255,1,255,1] 15% \n %c[255,1,255,255] 提升负重:%c[255,1,255,1] 20kg \n %c[default] 军用外骨骼的实验模型（改造）。夜视设备被替换为更先进的数位滤波信号模型。</text>
</string>

<string id="killer_outfit_name">
    <text>佣兵用护甲</text>
</string>
<string id="killer_outfit_description">
    <text>%c[255,1,255,255] 抗冲击:%c[255,1,255,1] 10% \n %c[255,1,255,255] 抗割伤:%c[255,1,255,1] 15% \n %c[255,1,255,255] 防爆炸%c[255,1,255,1] 15% \n %c[255,1,255,255] 防弹:%c[255,1,255,1] 10% \n %c[255,1,255,255] 抗烧伤:%c[255,1,255,1] 20% \n %c[255,1,255,255] 抗化学烧伤:%c[255,1,255,1] 15% \n %c[255,1,255,255] 抗电击:%c[255,1,255,1] 15% \n %c[255,1,255,255] 抗幅射:%c[ 255,1,255,1] 10% \n %c[default] 来自于'佣兵'潜行者外骨骼。这设备模型由西方特种部队进行了基础设计。由于构造的净化使得物理位移稳定性得到加强。关于保护的性质方面超出了一系列的CCL-7军用防弹衣。</text>
</string>

<string id="killer_gaz_outfit_m1_name">
    <text>改良型佣兵用护甲</text>
</string>
<string id="killer_gaz_outfit_m1_description">
    <text>%c[255,1,255,255] 抗冲击:%c[255,1,255,1] 10% \n %c[255,1,255,255] 抗割伤:%c[255,1,255,1] 15% \n %c[255,1,255,255] 防爆炸%c[255,1,255,1] 15% \n %c[255,1,255,255] 防弹:%c[255,1,255,1] 10% \n %c[255,1,255,255] 抗烧伤:%c[255,1,255,1] 15% \n %c[255,1,255,255] 抗化学烧伤:%c[255,1,255,1] 10% \n %c[255,1,255,255] 抗电击:%c[255,1,255,1] 15% \n %c[255,1,255,255] 抗幅射:%c[ 255,1,255,1] 25% \n %c[default] 佣兵的护甲。这种型号是由西方军队中特种部队的护甲为基础改进的。由于布料的特殊处理，在运动时装甲部位有较强的稳定性。防护性能比CCL-7系列军用防弹衣要好一些。对于辐射的防护也有改进。</text>
</string>

<string id="killer_outfit_name_m1">
    <text>强化佣兵用护甲</text>
</string>
<string id="killer_outfit_description_m1">
    <text>%c[255,1,255,255] 抗冲击:%c[255,1,255,1] 10% \n %c[255,1,255,255] 抗割伤:%c[255,1,255,1] 60% \n %c[255,1,255,255] 防爆炸%c[255,1,255,1] 15% \n %c[255,1,255,255] 防弹:%c[255,1,255,1] 10% \n %c[255,1,255,255] 抗烧伤:%c[255,1,255,1] 20% \n %c[255,1,255,255] 抗化学烧伤:%c[255,1,255,1] 15% \n %c[255,1,255,255] 抗电击:%c[255,1,255,1] 15% \n %c[255,1,255,255] 抗幅射:%c[ 255,1,255,1] 10% \n %c[default] 夹克的衬里加装了锁子甲，对于火器和怪物咬啮的防护有提升。这一套包含夜视装备。</text>
</string>

<string id="merc_scientific_outfit_name">
    <text>佣兵用护甲科学研究型</text>
</string>
<string id="merc_scientific_outfit_description">
    <text>%c[255,1,255,255]抗冲击: %c[255,1,255,1]+35% \n %c[255,1,255,255]抗割伤: %c[255,1,255,1]+20% \n %c[255,1,255,255]防爆炸 %c[255,1,255,1]+20% \n %c[255,1,255,255]防弹: %c[255,1,255,1]18% \n %c[255,1,255,255]抗烧伤: %c[255,1,255,1]+40% \n %c[255,1,255,255]抗化学烧伤: %c[255,1,255,1]+30% \n %c[255,1,255,255]抗电击: %c[255,1,255,1]+40% \n %c[255,1,255,255]抗幅射: %c[255,1,255,1]+35% \n %c[default] 佣兵阵营的护甲，用于特异区变异点。防护装置使用内置封闭循环系统来减少变异点活动的伤害。提供了较好的防弹和防破片能力，但对于军事行动来说还是不合格，包含高质量的夜视仪器。</text>
</string>

<string id="killer_blue_exoskeleton_name">
    <text>佣兵外骨骼</text>
</string>
<string id="killer_blue_exoskeleton_description">
    <text>%c[255,1,255,255] 抗冲击:%c[255,1,255,1] 25% \n %c[255,1,255,255] 抗割伤:%c[255,1,255,1] 10% \n %c[255,1,255,255] 防爆炸%c[255,1,255,1] 35% \n %c[255,1,255,255] 防弹:%c[255,1,255,1] 35% \n %c[255,1,255,255] 抗烧伤:%c[255,1,255,1] 15% \n %c[255,1,255,255] 抗化学烧伤:%c[255,1,255,1] 10% \n %c[255,1,255,255] 抗电击:%c[255,1,255,1] 10% \n %c[255,1,255,255] 提升负重:%c[255,1,255,1] 15kg \n %c[default] 西式外骨骼套装的实验型号。这是第三代产品。现在只用于佣兵阵营。战斗性能优良，防变异点能力较差。奔跑模式已开启。</text>
</string>

<string id="monolit_outfit_name">
    <text>黑石组织用护甲</text>
</string>
<string id="monolit_outfit_description">
    <text>%c[255,1,255,255] 抗冲击:%c[255,1,255,1] 25% \n %c[255,1,255,255] 抗割伤:%c[255,1,255,1] 20% \n %c[255,1,255,255] 防爆炸%c[255,1,255,1] 20% \n %c[255,1,255,255] 防弹:%c[255,1,255,1] 20% \n %c[255,1,255,255] 抗烧伤:%c[255,1,255,1] 25% \n %c[255,1,255,255] 抗化学烧伤:%c[255,1,255,1] 20% \n %c[255,1,255,255] 抗电击:%c[255,1,255,1] 30% \n %c[255,1,255,255] 抗幅射:%c[ 255,1,255,1] 20% \n %c[default] 黑石组织的潜行者服装，制造者未知。防护能力比PSZ-9aJ军用防弹背心还要差一点。结构跟中立潜行者的服装很像，都具有防弹背心跟辐射防护装。有不错的子弹防护能力，但是由于缺乏空气过滤系统。所以它对变异点的防护能力很低。</text>
</string>

<string id="monolit_gaz_outfit_m1_name">
    <text>附有防毒面具的黑石组织用护甲</text>
</string>
<string id="monolit_gaz_outfit_m1_description">
    <text>%c[255,1,255,255] 抗冲击:%c[255,1,255,1] 30% \n %c[255,1,255,255] 抗割伤:%c[255,1,255,1] 20% \n %c[255,1,255,255] 防爆炸%c[255,1,255,1] 20% \n %c[255,1,255,255] 防弹:%c[255,1,255,1] 25% \n %c[255,1,255,255] 抗烧伤:%c[255,1,255,1] 25% \n %c[255,1,255,255] 抗化学烧伤:%c[255,1,255,1] 25% \n %c[255,1,255,255] 抗电击:%c[255,1,255,1] 30% \n %c[255,1,255,255] 抗幅射:%c[ 255,1,255,1] 30% \n %c[default] 黑石组织的潜行者服装，制造者未知。防护能力比PSZ-9aJ军用防弹背心还要差一点。结构跟中立潜行者的服装很像，都具有防弹背心跟辐射防护装。有不错的子弹防护能力。这一改型对于辐射跟化学燃烧防护较好。</text>
</string>

<string id="monolit_scientific_outfit_name">
    <text>黑石组织用护甲科学研究型</text>
</string>
<string id="monolit_scientific_outfit_description">
    <text>%c[255,1,255,255]抗冲击: %c[255,1,255,1]+25% \n %c[255,1,255,255]抗割伤: %c[255,1,255,1]+25% \n %c[255,1,255,255]防爆炸 %c[255,1,255,1]+20% \n %c[255,1,255,255]防弹: %c[255,1,255,1]+25% \n %c[255,1,255,255]抗烧伤: %c[255,1,255,1]+50% \n %c[255,1,255,255]抗化学烧伤: %c[255,1,255,1]+50% \n %c[255,1,255,255]抗电击: %c[255,1,255,1]+45% \n %c[255,1,255,255]抗幅射: %c[255,1,255,1]+50% \n %c[255,1,255,255]抗心灵幅射: %c[255,1,255,1]+5% \n %c[default] 黑石组织的潜行者服装，制造者未知。防护能力比PSZ-9aJ军用防弹背心还要差一点。结构跟中立潜行者的服装很像，都具有防弹背心跟辐射防护装。有不错的子弹防护能力。这一改型对于辐射跟化学燃烧防护较好。</text>
</string>

<string id="monolit_exoskeleton_name">
    <text>黑石组织外骨骼</text>
</string>
<string id="monolit_exoskeleton_description">
    <text>%c[255,1,255,255]抗冲击: %c[255,1,255,1]+40% \n %c[255,1,255,255]抗割伤: %c[255,1,255,1]+40% \n %c[255,1,255,255]防爆炸 %c[255,1,255,1]+40% \n %c[255,1,255,255]防弹: %c[255,1,255,1]+45% \n %c[255,1,255,255]抗烧伤: %c[255,1,255,1]+50% \n %c[255,1,255,255]抗化学烧伤: %c[255,1,255,1]+35% \n %c[255,1,255,255]抗电击: %c[255,1,255,1]+40% \n %c[255,1,255,255]抗幅射: %c[255,1,255,1]+50% \n %c[255,1,255,255]抗心灵幅射: %c[255,1,255,1]+20% \n %c[255,1,255,255]提升负重: %c[255,1,255,1]+10kg \n %c[default] 黑石组织主要制作的东西—其中的科技还不明确。已经确定的一点是一些非地球的物质在制作时被加入了其中，这些较轻的物质能够很好地保护穿戴者碰触辐射。从其他的方面来说这套防护服与其他防护差不多，夜视装置因为某种原因并没有安装。</text>
</string>

<string id="neytral_novice_outfit_m1_name">
    <text>夹克</text>
</string>
<string id="neytral_novice_outfit_m1_description">
    <text>%c[255,1,255,255] 抗冲击:%c[255,1,255,1] 5% \n %c[255,1,255,255] 抗割伤:%c[255,1,255,1] 5% \n %c[255,1,255,255] 防爆炸%c[255,1,255,1] 10% \n %c[255,1,255,255] 防弹:%c[255,1,255,1] 5% \n %c[255,1,255,255] 抗烧伤:%c[255,1,255,1] 10% \n %c[255,1,255,255] 抗化学烧伤:%c[255,1,255,1] 10% \n %c[255,1,255,255] 抗电击:%c[255,1,255,1] 5% \n %c[default] 普通的厚实夹克，存在数量巨大。轻微地加强了抗冲击以及碎片的防护，但是在面对变异点以及其他伤害时力不从心。</text>
</string>

<string id="novice_gaz_outfit_m1_name">
    <text>附有防毒面具的夹克</text>
</string>
<string id="novice_gaz_outfit_m1_description">
    <text>%c[255,1,255,255] 抗冲击:%c[255,1,255,1] 5% \n %c[255,1,255,255] 抗割伤:%c[255,1,255,1] 5% \n %c[255,1,255,255] 防爆炸%c[255,1,255,1] 10% \n %c[255,1,255,255] 防弹:%c[255,1,255,1] 5% \n %c[255,1,255,255] 抗烧伤:%c[255,1,255,1] 10% \n %c[255,1,255,255] 抗化学烧伤:%c[255,1,255,1] 10% \n %c[255,1,255,255] 抗电击:%c[255,1,255,1] 5% \n %c[255,1,255,255] 抗幅射:%c[ 255,1,255,1] 10% \n %c[default] 普通的厚实夹克，存在数量巨大。轻微地加强了抗冲击以及碎片的防护与幅射的阻隔，但是在面对变异点以及其他伤害时力不从心。</text>
</string>

<string id="outfit_soldier_name">
    <text>皮夹克</text>
</string>
<string id="outfit_soldier_description">
    <text>%c[255,1,255,255] 抗冲击:%c[255,1,255,1] 5% \n %c[255,1,255,255] 抗割伤:%c[255,1,255,1] 5% \n %c[255,1,255,255] 防爆炸%c[255,1,255,1] 10% \n %c[255,1,255,255] 防弹:%c[255,1,255,1] 5% \n %c[255,1,255,255] 抗烧伤:%c[255,1,255,1] 10% \n %c[255,1,255,255] 抗化学烧伤:%c[255,1,255,1] 10% \n %c[255,1,255,255] 抗电击:%c[255,1,255,1] 5% \n %c[default] 普通的厚实皮革夹克，存在数量巨大。轻微地加强了抗冲击以及碎片的防护，但是在面对变异点以及其他伤害时力不从心。</text>
</string>

<string id="outfit_rain_name">
    <text>破损的皮革夹克</text>
</string>
<string id="outfit_rain_description">
    <text>抗冲击: 10, \n 抗撕裂: 10, \n 抗割伤: 10, \n 防弹: 10, \n 抗烧伤: 10, \n 抗化学烧伤: 1910, \n 抗电击: 10, \n 抗幅射: 0, \n 抗心灵幅射: 0 \n\n 一个很普通的外衣。轻微地加强了抗冲击以及碎片的防护，但是在面对变异点以及其他伤害时力不从心。</text>
</string>

<string id="novice_outfit_name_m">
    <text>特质的皮夹克</text>
</string>
<string id="novice_outfit_description_m">
    <text>%c[255,1,255,255]抗冲击: %c[255,1,255,1]+5% \n %c[255,1,255,255]抗割伤: %c[255,1,255,1]+5% \n %c[255,1,255,255]防爆炸 %c[255,1,255,1]+10% \n %c[255,1,255,255]防弹: %c[255,1,255,1]+5% \n %c[255,1,255,255]抗烧伤: %c[255,1,255,1]+10% \n %c[255,1,255,255]抗化学烧伤: %c[255,1,255,1]+10% \n %c[255,1,255,255]抗电击: %c[255,1,255,1]+5% \n %c[255,1,255,255]Health: %c[255,1,255,1]+600% \n %c[255,1,255,255]流血: %c[255,1,255,1]-2% \n %c[default] 从一名潜行者尸体上扒下来的一件夹克，死者倒在了“水母”变异点里面。其夹克因为长时间被遗留在在变异点中，现在其拥有加速新陈代谢的能力。</text>
</string>

<string id="stalker_outfit_name">
    <text>潜行者用护甲</text>
</string>
<string id="stalker_outfit_description">
    <text>%c[255,1,255,255]抗冲击: %c[255,1,255,1]+25%\n
%c[255,1,255,255]抗割伤: %c[255,1,255,1]+20%\n
%c[255,1,255,255]防爆炸 %c[255,1,255,1]+15%\n
%c[255,1,255,255]防弹: %c[255,1,255,1]+15%\n
%c[255,1,255,255]抗烧伤: %c[255,1,255,1]+25%\n
%c[255,1,255,255]抗化学烧伤: %c[255,1,255,1]+25%\n
%c[255,1,255,255]抗电击: %c[255,1,255,1]+25%\n
%c[255,1,255,255]抗幅射: %c[255,1,255,1]+25%\n
%c[default] 由全国技艺精湛的工匠们制作。这种外装是轻型军队防弹背心和普通外装经由橡胶布的有效组合。由于内置了凯拉夫面板使得它被强化了。它可以提供更好的针对劣质轻武器的保护。但总的来说对于在特异区强辐射条件下进行重要操作它所提供的保护还是相当不足的。</text>
</string>

<string id="stalker_outfit_v1_name">
    <text>潜行者用护甲老兵1号</text>
</string>
<string id="stalker_outfit_description">
    <text>%c[255,1,255,255]抗冲击: %c[255,1,255,1]+25% \n %c[255,1,255,255]抗割伤: %c[255,1,255,1]+20% \n %c[255,1,255,255]防爆炸 %c[255,1,255,1]+15% \n %c[255,1,255,255]防弹: %c[255,1,255,1]+15% \n %c[255,1,255,255]抗烧伤: %c[255,1,255,1]+25% \n %c[255,1,255,255]抗化学烧伤: %c[255,1,255,1]+25% \n %c[255,1,255,255]抗电击: %c[255,1,255,1]+25% \n %c[255,1,255,255]抗幅射: %c[255,1,255,1]+25% \n %c[default] 由全国技艺精湛的工匠们制作。这种外装是轻型军队防弹背心和普通外装经由胶布的有效组合。由于内置了凯拉夫面板使得它被强化了。它可以提供更好的针对劣质轻武器的保护。但总的来说对于在特异区强辐射条件下进行重要操作它所提供的保护还是相当不足的。</text>
</string>

<string id="stalker_outfit_v2_name">
    <text>潜行者用护甲老兵2号</text>
</string>
<string id="stalker_outfit_description">
    <text>%c[255,1,255,255]抗冲击: %c[255,1,255,1]+25% \n %c[255,1,255,255]抗割伤: %c[255,1,255,1]+20% \n %c[255,1,255,255]防爆炸 %c[255,1,255,1]+15% \n %c[255,1,255,255]防弹: %c[255,1,255,1]+15% \n %c[255,1,255,255]抗烧伤: %c[255,1,255,1]+25% \n %c[255,1,255,255]抗化学烧伤: %c[255,1,255,1]+25% \n %c[255,1,255,255]抗电击: %c[255,1,255,1]+25% \n %c[255,1,255,255]抗幅射: %c[255,1,255,1]+25% \n %c[default] 由全国技艺精湛的工匠们制作。这种外装是轻型军队防弹背心和普通外装经由胶布的有效组合。由于内置了凯拉夫面板使得它被强化了。它可以提供更好的针对劣质轻武器的保护。但总的来说对于在特异区强辐射条件下进行重要操作它所提供的保护还是相当不足的。</text>
</string>

<string id="stalker_outfit_v3_name">
    <text>潜行者用护甲老兵3号</text>
</string>
<string id="stalker_outfit_description">
    <text>%c[255,1,255,255]抗冲击: %c[255,1,255,1]+25% \n %c[255,1,255,255]抗割伤: %c[255,1,255,1]+20% \n %c[255,1,255,255]防爆炸 %c[255,1,255,1]+15% \n %c[255,1,255,255]防弹: %c[255,1,255,1]+15% \n %c[255,1,255,255]抗烧伤: %c[255,1,255,1]+25% \n %c[255,1,255,255]抗化学烧伤: %c[255,1,255,1]+25% \n %c[255,1,255,255]抗电击: %c[255,1,255,1]+25% \n %c[255,1,255,255]抗幅射: %c[255,1,255,1]+25% \n %c[default] 由全国技艺精湛的工匠们制作。这种外装是轻型军队防弹背心和普通外装经由胶布的有效组合。由于内置了凯拉夫面板使得它被强化了。它可以提供更好的针对劣质轻武器的保护。但总的来说对于在特异区强辐射条件下进行重要操作它所提供的保护还是相当不足的。</text>
</string>

<string id="stalker_guard_outfit_name">
    <text>轻型潜行者用护甲</text>
</string>
<string id="stalker_guard_outfit_description">
    <text>%c[255,1,255,255] 抗冲击:%c[255,1,255,1] 30% \n %c[255,1,255,255] 抗割伤:%c[255,1,255,1] 30% \n %c[255,1,255,255] 防爆炸%c[255,1,255,1] 20% \n %c[255,1,255,255] 防弹:%c[255,1,255,1] 18% \n %c[255,1,255,255] 抗烧伤:%c[255,1,255,1] 5% \n %c[255,1,255,255] 抗化学烧伤:%c[255,1,255,1] 5% \n %c[255,1,255,255] 抗电击:%c[255,1,255,1] 30% \n %c[255,1,255,255] 抗幅射:%c[ 255,1,255,1] 5% \n %c[default] 潜行者外装的轻量型号。是一种轻型的凯拉夫防弹背心，通过高强度合金钢尽可能阻挡了割伤使之得到了强化，归功于此，使得它以更轻的重量获得了更好的对小型武器防护性。此外它几乎不能防护辐射和变异点影响。它很便宜，但是没地方在卖。</text>
</string>

<string id="neytral_gaz_outfit_m1_name">
    <text>超级潜行者用护甲 KSU-1</text>
</string>
<string id="neytral_gaz_outfit_m1_description">
    <text>%c[255,1,255,255]抗冲击: %c[255,1,255,1]+25% \n %c[255,1,255,255]抗割伤: %c[255,1,255,1]+20% \n %c[255,1,255,255]防爆炸 %c[255,1,255,1]+15% \n %c[255,1,255,255]防弹: %c[255,1,255,1]+15% \n %c[255,1,255,255]抗烧伤: %c[255,1,255,1]+30% \n %c[255,1,255,255]抗化学烧伤: %c[255,1,255,1]+25% \n %c[255,1,255,255]抗电击: %c[255,1,255,1]+25% \n %c[255,1,255,255]抗幅射: %c[255,1,255,1]+25% \n %c[default] 由全国技艺精湛的工匠们制作。这种外装是轻型军队防弹背心和普通外装经由胶布的有效组合。由于内置了凯拉夫面板使得它被强化了。它可以提供更好的针对劣质轻武器的保护。防火性得到了强化。但总的来说对于在特异区强辐射条件下进行重要操作它所提供的保护还是相当不足的。</text>
</string>

<string id="neytral_gaz_outfit_m2_name">
    <text>超级潜行者用护甲 KSU-2k</text>
</string>
<string id="neytral_gaz_outfit_m2_description">
    <text>%c[255,1,255,255] 抗冲击:%c[255,1,255,1] 25% \n %c[255,1,255,255] 抗割伤:%c[255,1,255,1] 20% \n %c[255,1,255,255] 防爆炸%c[255,1,255,1] 15% \n %c[255,1,255,255] 防弹:%c[255,1,255,1] 15% \n %c[255,1,255,255] 抗烧伤:%c[255,1,255,1] 40% \n %c[255,1,255,255] 抗化学烧伤:%c[255,1,255,1] 40% \n %c[255,1,255,255] 抗电击:%c[255,1,255,1] 25% \n %c[255,1,255,255] 抗幅射:%c[ 255,1,255,1] 35% \n %c[default] 超级潜行者用护甲 KSU-2k（指挥官）是轻型军队防弹背心和普通外装经由胶布的有效组合。由于内置了凯拉夫面板使得它被强化了。它可以提供更好的针对劣质轻武器的保护。防火性得到了强化。但总的来说对于在特异区强辐射条件下进行重要操作它所提供的保护还是相当不足的。和KSU-1型号相比它能更好抵抗辐射和变异点影响。并且好配有优质的夜视装置。</text>
</string>

<string id="neytral_gaz_outfit_v1_name">
    <text>超级潜行者用护甲老兵1号</text>
</string>

<string id="neytral_gaz_outfit_m1_description">
    <text>%c[255,1,255,255]抗冲击: %c[255,1,255,1]+25% \n %c[255,1,255,255]抗割伤: %c[255,1,255,1]+20% \n %c[255,1,255,255]防爆炸 %c[255,1,255,1]+15% \n %c[255,1,255,255]防弹: %c[255,1,255,1]+15% \n %c[255,1,255,255]抗烧伤: %c[255,1,255,1]+30% \n %c[255,1,255,255]抗化学烧伤: %c[255,1,255,1]+25% \n %c[255,1,255,255]抗电击: %c[255,1,255,1]+25% \n %c[255,1,255,255]抗幅射: %c[255,1,255,1]+25% \n %c[default] 由全国技艺精湛的工匠们制作。这种外装是轻型军队防弹背心和普通外装经由橡胶布的有效组合。由于内置了凯拉夫面板使得它被强化了。它可以提供更好的针对劣质轻武器的保护。防火性得到了强化。但总的来说对于在特异区单元里的强辐射条件下进行重要操作它所提供的保护还是相当不足的。</text>
</string>

<string id="neytral_gaz_outfit_v2_name">
    <text>超级潜行者用护甲老兵2号</text>
</string>

<string id="neytral_gaz_outfit_m1_description">
    <text>%c[255,1,255,255]抗冲击: %c[255,1,255,1]+25% \n %c[255,1,255,255]抗割伤: %c[255,1,255,1]+20% \n %c[255,1,255,255]防爆炸 %c[255,1,255,1]+15% \n %c[255,1,255,255]防弹: %c[255,1,255,1]+15% \n %c[255,1,255,255]抗烧伤: %c[255,1,255,1]+30% \n %c[255,1,255,255]抗化学烧伤: %c[255,1,255,1]+25% \n %c[255,1,255,255]抗电击: %c[255,1,255,1]+25% \n %c[255,1,255,255]抗幅射: %c[255,1,255,1]+25% \n %c[default] 由全国技艺精湛的工匠们制作。这种外装是轻型军队防弹背心和普通外装经由橡胶布的有效组合。由于内置了凯拉夫面板使得它被强化了。它可以提供更好的针对劣质轻武器的保护。防火性得到了强化。但总的来说对于在特异区单元里的强辐射条件下进行重要操作它所提供的保护还是相当不足的。</text>
</string>

<string id="neytral_gaz_outfit_v3_name">
    <text>超级潜行者用护甲老兵3号</text>
</string>

<string id="neytral_gaz_outfit_m1_description">
    <text>%c[255,1,255,255]抗冲击: %c[255,1,255,1]+25% \n %c[255,1,255,255]抗割伤: %c[255,1,255,1]+20% \n %c[255,1,255,255]防爆炸 %c[255,1,255,1]+15% \n %c[255,1,255,255]防弹: %c[255,1,255,1]+15% \n %c[255,1,255,255]抗烧伤: %c[255,1,255,1]+30% \n %c[255,1,255,255]抗化学烧伤: %c[255,1,255,1]+25% \n %c[255,1,255,255]抗电击: %c[255,1,255,1]+25% \n %c[255,1,255,255]抗幅射: %c[255,1,255,1]+25% \n %c[default] 由全国技艺精湛的工匠们制作。这种外装是轻型军队防弹背心和普通外装经由橡胶布的有效组合。由于内置了凯拉夫面板使得它被强化了。它可以提供更好的针对劣质轻武器的保护。防火性得到了强化。但总的来说对于在特异区单元里的强辐射条件下进行重要操作它所提供的保护还是相当不足的。</text>
</string>

<string id="stalker_outfit_name_m1">
    <text>治愈能力套装</text>
</string>
<string id="stalker_outfit_description_m1">
    <text>%c[255,1,255,255]抗冲击: %c[255,1,255,1]+25% \n %c[255,1,255,255]抗割伤: %c[255,1,255,1]+20% \n %c[255,1,255,255]防爆炸 %c[255,1,255,1]+15% \n %c[255,1,255,255]防弹: %c[255,1,255,1]+15% \n %c[255,1,255,255]抗烧伤: %c[255,1,255,1]+25% \n %c[255,1,255,255]抗化学烧伤: %c[255,1,255,1]+25% \n %c[255,1,255,255]抗电击: %c[255,1,255,1]+25% \n %c[255,1,255,255]抗幅射: %c[255,1,255,1]+25% \n %c[255,1,255,255]健康: %c[255,1,255,1]+600% \n %c[default] 传说中，那名幽灵潜行者从来不需要医药箱。穿上它，所有伤痛都能不药而愈。人们还说，这套奇特的服装来自变异点。</text>
</string>

<string id="stalker_outfit_name_m2">
    <text>旅行者套装</text>
</string>
<string id="stalker_outfit_description_m2">
    <text>%c[255,1,255,255] 抗冲击:%c[255,1,255,1] 25% \n %c[255,1,255,255] 抗割伤:%c[255,1,255,1] 20% \n %c[255,1,255,255] 防爆炸%c[255,1,255,1] 15% \n %c[255,1,255,255] 防弹:%c[255,1,255,1] 15% \n %c[255,1,255,255] 抗烧伤:%c[255,1,255,1] 25% \n %c[255,1,255,255] 抗化学烧伤:%c[255,1,255,1] 25% \n %c[255,1,255,255] 抗电击:%c[255,1,255,1] 25% \n %c[255,1,255,255] 抗幅射:%c[ 255,1,255,1] 25% \n %c[255,1,255,255] 提升负重:%c[255,1,255,1] 10kg \n %c[default] 该套装的上一任主人是一全真正的旅行者，不断的负重行走。完全超出人类的负重能力。其实是通过合理的分配重量和着力点。Karmans为外套选择了最适合的背包以承受更大的重量。</text>
</string>

<string id="scientific_outfit_name">
    <text>西瓦护甲</text>
</string>
<string id="scientific_outfit_description">
    <text>%c[255,1,255,255] 抗冲击:%c[255,1,255,1] 25% \n %c[255,1,255,255] 抗割伤:%c[255,1,255,1] 25% \n %c[255,1,255,255] 防爆炸%c[255,1,255,1] 25% \n %c[255,1,255,255] 防弹:%c[255,1,255,1] 20% \n %c[255,1,255,255] 抗烧伤:%c[255,1,255,1] 40% \n %c[255,1,255,255] 抗化学烧伤:%c[255,1,255,1] 35% \n %c[255,1,255,255] 抗电击:%c[255,1,255,1] 45% \n %c[255,1,255,255] 抗幅射:%c[ 255,1,255,1] 45% \n %c[default] Kiev NII制作的防护衣之一。因为是纯手工打造，比那些流水线产品优异得多。这是一款出色的装甲连体防护衣，带全封闭式循环呼吸系统，同时也对各类变异环境有很好的防护作用。这些都是因为选材用料的原因。唯一的缺点，就是它的价格。</text>
</string>

<string id="broken_exoskeleton_name">
    <text>损坏的外骨骼</text>
</string>
<string id="broken_exoskeleton_description">
    <text>%c[255,1,255,255] 抗冲击:%c[255,1,255,1] 10% \n %c[255,1,255,255] 抗割伤:%c[255,1,255,1] 15% \n %c[255,1,255,255] 防弹:%c[255,1,255,1] 13% \n %c[255,1,255,255] 抗烧伤:%c[255,1,255,1] 10% \n %c[255,1,255,255] 抗化学烧伤:%c[255,1,255,1] 5% \n %c[255,1,255,255] 抗电击:%c[255,1,255,1] 10% \n %c[255,1,255,255] 提升负重:%c[255,1,255,1] 5kg \n %c[default] 我足够强壮能装备这些型号的外骨骼。价格是主要的优点。各项性能指标也不错。</text>
</string>

<string id="svoboda_light_outfit_name">
    <text>自由之风护甲</text>
</string>
<string id="svoboda_light_outfit_description">
    <text>%c[255,1,255,255]抗冲击: %c[255,1,255,1]+25% \n %c[255,1,255,255]抗割伤: %c[255,1,255,1]+15% \n %c[255,1,255,255]防爆炸 %c[255,1,255,1]+15% \n %c[255,1,255,255]防弹: %c[255,1,255,1]+15% \n %c[255,1,255,255]抗烧伤: %c[255,1,255,1]+15% \n %c[255,1,255,255]抗化学烧伤: %c[255,1,255,1]+25% \n %c[255,1,255,255]抗电击: %c[255,1,255,1]+25% \n %c[255,1,255,255]抗幅射: %c[255,1,255,1]+25% \n %c[default] 由"自由团"技师制造的轻型防护衣。轻型军用防弹衣加 Kevlar型金属板强化了防弹。足够防住轻武器的射击。同时选用了特殊材料，所以增强了对异常环境的防护效果。</text>
</string>

<string id="outfit_svoboda_gaz_m1_name">
    <text>附有防毒面具的自由之风护甲</text>
</string>
<string id="outfit_svoboda_gaz_m1_description">
    <text>%c[255,1,255,255]抗冲击: %c[255,1,255,1]+25% \n %c[255,1,255,255]抗割伤: %c[255,1,255,1]+15% \n %c[255,1,255,255]防爆炸 %c[255,1,255,1]+15% \n %c[255,1,255,255]防弹: %c[255,1,255,1]+15% \n %c[255,1,255,255]抗烧伤: %c[255,1,255,1]+15% \n %c[255,1,255,255]抗化学烧伤: %c[255,1,255,1]+30% \n %c[255,1,255,255]抗电击: %c[255,1,255,1]+30% \n %c[255,1,255,255]抗幅射: %c[255,1,255,1]+30% \n %c[default] 由"自由团"技师制造的轻型防护衣。轻型军用 防弹衣加 Kevlar型金属板强化了防弹。足够防住轻武器的射击。同时选用了特殊材料，所以增强了对异常环境的防护效果。改进型还增强了对辐射和化学灼烧的防护效果。</text>
</string>

<string id="svoboda_heavy_outfit_name">
    <text>自由卫士护甲</text>
</string>
<string id="svoboda_heavy_outfit_description">
    <text>%c[255,1,255,255]抗冲击: %c[255,1,255,1]+30% \n %c[255,1,255,255]抗割伤: %c[255,1,255,1]+25% \n %c[255,1,255,255]防爆炸 %c[255,1,255,1]+25% \n %c[255,1,255,255]防弹: %c[255,1,255,1]+25% \n %c[255,1,255,255]抗烧伤: %c[255,1,255,1]+25% \n %c[255,1,255,255]抗化学烧伤: %c[255,1,255,1]+25% \n %c[255,1,255,255]抗电击: %c[255,1,255,1]+25% \n %c[255,1,255,255]抗幅射: %c[255,1,255,1]+25% \n %c[default] 由"自由团"技师制造的防护衣。中型军用防弹衣加装了锆合金可以有效的防御自动武器和不同距离的爆炸碎片。防护衣由双层材料构成:特制的机械外皮和石棉纤维材料。对不同类型的异常环境和辐射都有一定的防护作用。制示装备。一款轻型军用防弹衣。对于手枪子弹和砍刺都有不错的防护效果。不过对于变异点之类的防护效果有限。</text>
</string>

<string id="svoboda_heavy_gaz_outfit_m1_name">
    <text>附有防毒面具的自由卫士护甲</text>
</string>
<string id="svoboda_heavy_gaz_outfit_m1_description">
    <text>%c[255,1,255,255]抗冲击: %c[255,1,255,1]+30% \n %c[255,1,255,255]抗割伤: %c[255,1,255,1]+25% \n %c[255,1,255,255]防爆炸 %c[255,1,255,1]+25% \n %c[255,1,255,255]防弹: %c[255,1,255,1]+20% \n %c[255,1,255,255]抗烧伤: %c[255,1,255,1]+25% \n %c[255,1,255,255]抗化学烧伤: %c[255,1,255,1]+25% \n %c[255,1,255,255]抗电击: %c[255,1,255,1]+25% \n %c[255,1,255,255]抗幅射: %c[255,1,255,1]+30% \n %c[default] 由“自由团”的技师制造的强化潜行者套装。用中型军用防弹衣加装强化锆合金增强了对自动武器子弹和不同距离爆炸碎片的防御效果。套装由双层材质构成：特制的机械外皮和石棉纤维材料。对于不同类弄的异常环境和辐射都有一定的防护能力。</text>
</string>

<string id="svoboda_outfit_name_m1">
    <text>改造型自由之风护甲</text>
</string>
<string id="svoboda_outfit_description_m1">
    <text>%c[255,1,255,255]抗冲击: %c[255,1,255,1]+25% \n %c[255,1,255,255]抗割伤: %c[255,1,255,1]+15% \n %c[255,1,255,255]防爆炸 %c[255,1,255,1]+15% \n %c[255,1,255,255]防弹: %c[255,1,255,1]+15% \n %c[255,1,255,255]抗烧伤: %c[255,1,255,1]+15% \n %c[255,1,255,255]抗化学烧伤: %c[255,1,255,1]+25% \n %c[255,1,255,255]抗电击: %c[255,1,255,1]+90% \n %c[255,1,255,255]抗幅射: %c[255,1,255,1]+25% \n %c[default] 类似于“自由团之风”套装，但增强了对电击的防御效果。</text>
</string>

<string id="freedom_scientific_outfit_name">
    <text>自由团护甲科学研究型</text>
</string>
<string id="freedom_scientific_outfit_description">
    <text>%c[255,1,255,255]抗冲击: %c[255,1,255,1]+25% \n %c[255,1,255,255]抗割伤: %c[255,1,255,1]+25% \n %c[255,1,255,255]防爆炸 %c[255,1,255,1]+20% \n %c[255,1,255,255]防弹: %c[255,1,255,1]+20% \n %c[255,1,255,255]抗烧伤: %c[255,1,255,1]+40% \n %c[255,1,255,255]抗化学烧伤: %c[255,1,255,1]+35% \n %c[255,1,255,255]抗电击: %c[255,1,255,1]+45% \n %c[255,1,255,255]抗幅射: %c[255,1,255,1]+50% \n %c[default] 自由团派系，用于在变异区的科学调研。是一款全封闭式循环呼吸防护系统，内置对异常环境的防护系统。对辐射有很强的防护能力。但防弹能力较弱。高品质的夜视仪。</text>
</string>

<string id="svoboda_exoskeleton_name">
    <text>自由团外骨骼</text>
</string>
<string id="svoboda_exoskeleton_description">
    <text>%c[255,1,255,255]抗冲击: %c[255,1,255,1]+45% \n %c[255,1,255,255]抗割伤: %c[255,1,255,1]+40% \n %c[255,1,255,255]防爆炸 %c[255,1,255,1]+40% \n %c[255,1,255,255]防弹: %c[255,1,255,1]+30% \n %c[255,1,255,255]抗烧伤: %c[255,1,255,1]+25% \n %c[255,1,255,255]抗化学烧伤: %c[255,1,255,1]+25% \n %c[255,1,255,255]抗电击: %c[255,1,255,1]+25% \n %c[255,1,255,255]抗幅射: %c[255,1,255,1]+35% \n %c[255,1,255,255]提升负重: %c[255,1,255,1]+25kg \n %c[default] 由“自由团”的技师制造。进行了不同的改进尝试，经过反覆试验后，终于制造出这款成功而实用的产品。在各项指标上都与纪律团的套装相匹敌。而且还会对它进行不断的升级。</text>
</string>

<string id="outfit_gravisak_name">
    <text>独特的重力套装</text>
</string>
<string id="outfit_gravisak_description">
    <text>%c[255,1,255,255]抗冲击: %c[255,255,1,1]-20% \n %c[255,1,255,255]防爆炸 %c[255,255,1,1]-50% \n %c[255,1,255,255]抗烧伤: %c[255,255,1,1]-10% \n %c[255,1,255,255]抗化学烧伤: %c[255,255,1,1]-20% \n %c[255,1,255,255]抗电击: %c[255,255,1,1]-10% \n %c[255,1,255,255]提升负重: %c[255,1,255,1]+170kg \n %c[default] 该型防弹衣在改良时使用了反重力神器“鹅卵石”。额外的提升了负重运输能力，能移动在静止状态下很重的物品。遗憾的是，此项改良的副作用是服装变得很不结实。</text>
</string>

<string id="pekar_gravisak_name">
    <text>贝克的独特重力护甲</text>
</string>
<string id="pekar_gravisak_description">
    <text>%c[255,1,255,255]抗冲击: %c[255,255,1,1]0% \n %c[255,1,255,255]防爆炸 %c[255,255,1,1]0% \n %c[255,1,255,255]抗烧伤: %c[255,255,1,1]0% \n %c[255,1,255,255]抗化学烧伤: %c[255,255,1,1]0% \n %c[255,1,255,255]抗电击: %c[255,255,1,1]0% \n %c[255,1,255,255]提升负重: %c[255,1,255,1]+180kg \n %c[default] 这是一件独特的防弹衣，在改良时使用了反重力神器“鹅卵石”。额外的提升了负重运输能力，能移动在静止状态下很重的物品。经绰号叫左撇子的技工 改良成的重力套装，将套装耐久度降到初始值，增加了10公斤的负重能力，静止状态下负重减半。</text>
</string>

<string id="nano_outfit_name">
    <text>“钢鼠”纳米外壳套装</text>
</string>
<string id="nano_outfit_description">
    <text>%c[255,1,255,255] 抗冲击:%c[255,1,255,1] 10% \n %c[255,1,255,255] 抗割伤:%c[255,1,255,1] 20% \n %c[255,1,255,255] 防爆炸%c[255,1,255,1] 10% \n %c[255,1,255,255] 防弹:%c[255,1,255,1] 20% \n %c[255,1,255,255] 抗烧伤:%c[255,1,255,1] 20% \n %c[255,1,255,255] 抗化学烧伤:%c[255,1,255,1] 10% \n %c[255,1,255,255] 抗电击:%c[255,1,255,1] 10% \n %c[default] 非常稀有的套装。它的上一任主人是一个古怪的潜行者，他从X18实验室把它偷了出来。这是纳米外壳套装的第一件原型，由PSZ-9D改良而成。它能有效防御各种类型物理伤害。具有双重影像过滤的数码夜视功能。据说，如果能找到五枚“鹅卵石”放在这件套装上，会被套装马上吸收掉，然后获得反重力特性（增加负重），但如果放入的是五枚“晶魄”，该套装就会获得独特的增加健康值的特性。</text>
</string>

<string id="nano_outfit_addw_name">
    <text>纳米防护护甲 - 反重力装置</text>
</string>
<string id="nano_outfit_addw_description">
    <text>%c[255,1,255,255] 抗冲击:%c[255,1,255,1] 10% \n %c[255,1,255,255] 抗割伤:%c[255,1,255,1] 20% \n %c[255,1,255,255] 防爆炸%c[255,1,255,1] 10% \n %c[255,1,255,255] 防弹:%c[255,1,255,1] 20% \n %c[255,1,255,255] 抗烧伤:%c[255,1,255,1] 20% \n %c[255,1,255,255] 抗化学烧伤:%c[255,1,255,1] 10% \n %c[255,1,255,255] 抗电击:%c[255,1,255,1] 10% \n %c[default] 除了酷炫的防护能力和绝佳的夜视效果还有反重力效果，能提升负重。</text>
</string>

<string id="nano_outfit_addh_name">
    <text>纳米防护护甲 - 治疗器</text>
</string>
<string id="nano_outfit_addh_description">
    <text>%c[255,1,255,255] 抗冲击:%c[255,1,255,1] 10% \n %c[255,1,255,255] 抗割伤:%c[255,1,255,1] 20% \n %c[255,1,255,255] 防爆炸%c[255,1,255,1] 10% \n %c[255,1,255,255] 防弹:%c[255,1,255,1] 20% \n %c[255,1,255,255] 抗烧伤:%c[255,1,255,1] 20% \n %c[255,1,255,255] 抗化学烧伤:%c[255,1,255,1] 10% \n %c[255,1,255,255] 抗电击:%c[255,1,255,1] 10% \n %c[default] 除了酷炫的防护能力和绝佳的夜视效果还有疗伤效果，如快速止血，恢复生命和耐力。</text>
</string>

<string id="bandit_veteran_outfit_m1_name">
    <text>褐色的强盗夹克。</text>
</string>
<string id="bandit_veteran_outfit_m1_description">
    <text>%c[255,1,255,255]抗冲击: %c[255,1,255,1]+10% \n %c[255,1,255,255]抗割伤: %c[255,1,255,1]+10% \n %c[255,1,255,255]防爆炸 %c[255,1,255,1]+10% \n %c[255,1,255,255]防弹: %c[255,1,255,1]+10% \n %c[255,1,255,255]抗烧伤: %c[255,1,255,1]+10% \n %c[255,1,255,255]抗化学烧伤: %c[255,1,255,1]+10% \n %c[255,1,255,255]抗电击: %c[255,1,255,1]+5% \n %c[default] 有火焰和伤害抗性，当然那只是和普通夹克相比。因暗色的缘故，虽然防护性极差，但隐蔽性极高。</text>
</string>
<string id="neytral_exo_gaz_outfit_m1_name">
    <text>外骨骼原型</text>
</string>
<string id="neytral_exo_gaz_outfit_m1_description">
    <text>%c[255,1,255,255] 抗冲击:%c[255,1,255,1] 30% \n %c[255,1,255,255] 抗割伤:%c[255,1,255,1] 30% \n %c[255,1,255,255] 防爆炸%c[255,1,255,1] 25% \n %c[255,1,255,255] 防弹:%c[255,1,255,1] 60% \n %c[255,1,255,255] 抗烧伤:%c[255,1,255,1] 20% \n %c[255,1,255,255] 抗化学烧伤:%c[255,1,255,1] 25% \n %c[255,1,255,255] 抗电击:%c[255,1,255,1] 25% \n %c[255,1,255,255] 抗幅射:%c[ 255,1,255,1] 15% \n %c[255,1,255,255] 提升负重:%c[255,1,255,1] 5kg \n %c[default] 外骨骼的第一版原型机。因为设计缺陷和技术不足，这一系列的产品都没有投产。</text>
</string>
<string id="svoboda_yellow_exo_outfit_m1_name">
    <text>自由团型外骨骼。</text>
</string>
<string id="svoboda_yellow_exo_outfit_m1_description">
    <text>%c[255,1,255,255]抗冲击: %c[255,1,255,1]+45% \n %c[255,1,255,255]抗割伤: %c[255,1,255,1]+40% \n %c[255,1,255,255]防爆炸 %c[255,1,255,1]+40% \n %c[255,1,255,255]防弹: %c[255,1,255,1]+30% \n %c[255,1,255,255]抗烧伤: %c[255,1,255,1]+25% \n %c[255,1,255,255]抗化学烧伤: %c[255,1,255,1]+25% \n %c[255,1,255,255]抗电击: %c[255,1,255,1]+25% \n %c[255,1,255,255]抗幅射: %c[255,1,255,1]+35% \n %c[255,1,255,255]提升负重: %c[255,1,255,1]+15kg \n %c[default] 外骨骼能提供绝佳的防弹性和防爆性。但在穿甲弹前仍然很脆弱。</text>
</string>
<string id="neytral_exo_antigas_outfit_name">
    <text>外骨骼 Mk.1</text>
</string>
<string id="neytral_exo_antigas_outfit_description">
    <text>%c[255,1,255,255] 抗冲击:%c[255,1,255,1] 30% \n %c[255,1,255,255] 抗割伤:%c[255,1,255,1] 30% \n %c[255,1,255,255] 防爆炸%c[255,1,255,1] 25% \n %c[255,1,255,255] 防弹:%c[255,1,255,1] 25% \n %c[255,1,255,255] 抗烧伤:%c[255,1,255,1] 20% \n %c[255,1,255,255] 抗化学烧伤:%c[255,1,255,1] 25% \n %c[255,1,255,255] 抗电击:%c[255,1,255,1] 25% \n %c[255,1,255,255] 抗幅射:%c[ 255,1,255,1] 15% \n %c[255,1,255,255] 提升负重:%c[255,1,255,1] 5kg \n %c[default] 外骨骼的第一个试验原型。尤其适用于特异区，但是防毒面具却是更老式的苏联模型。负载能力最低，其它的一切也是如此。</text>
</string>
<string id="mp_exo_outfit_description">
    <text>这种外骨骼能够出色地保护人免受子弹和弹片的伤害。但对穿甲弹而言它不堪一击。</text>
</string>
<string id="mp_exo_outfit_name">
    <text>外骨骼</text>
</string>
<string id="mp_military_outfit_description">
    <text>%c[255,1,255,255]抗冲击: %c[255,1,255,1]+60% \n %c[255,1,255,255]抗割伤: %c[255,1,255,1]+60% \n %c[255,1,255,255]防爆炸 %c[255,1,255,1]+50% \n %c[255,1,255,255]防弹: %c[255,1,255,1]+50% \n %c[255,1,255,255]抗烧伤: %c[255,1,255,1]+40% \n %c[255,1,255,255]抗化学烧伤: %c[255,1,255,1]+50% \n %c[255,1,255,255]抗电击: %c[255,1,255,1]+50% \n %c[255,1,255,255]抗幅射: %c[255,1,255,1]+30% \n %c[255,1,255,255]提升负重: %c[255,1,255,1]+5kg \n %c[default] 军用装甲服是为实施突击作战而生。它能提供出色地针对弹和弹片射入的保护。而且在这种情况下不会降低士兵的机动性。但对穿甲弹而言它不堪一击。</text>
</string>
<string id="mp_military_outfit_name">
    <text>军方战斗装甲</text>
</string>
<string id="mp_scientific_outfit_description">
    <text>%c[255,1,255,255]抗冲击: %c[255,1,255,1]+60% \n %c[255,1,255,255]抗割伤: %c[255,1,255,1]+60% \n %c[255,1,255,255]防爆炸 %c[255,1,255,1]+50% \n %c[255,1,255,255]防弹: %c[255,1,255,1]+50% \n %c[255,1,255,255]抗烧伤: %c[255,1,255,1]+40% \n %c[255,1,255,255]抗化学烧伤: %c[255,1,255,1]+50% \n %c[255,1,255,255]抗电击: %c[255,1,255,1]+50% \n %c[255,1,255,255]抗幅射: %c[255,1,255,1]+30% \n %c[255,1,255,255]提升负重: %c[255,1,255,1]+5kg \n %c[default] 这种套装是为在特异区进行研究活动而被设计的。它为呼吸系统配备了闭式循环, 此外内置了变异活动抑制系统，归功于此它能使人免受变异点的伤害。然而由于差劲的防御系统使它非常的不堪一击。它具有能够转运神器的内置容器。</text>
</string>
<string id="mp_scientific_outfit_name">
    <text>科学家防护衣</text>
</string>
<string id="nebo_light_outfit_name">
    <text>晴空组织护甲</text>
</string>
<string id="nebo_light_outfit_description">
    <text>抗冲击: +30, \n 抗撕裂: +30, \n 抗割伤: +20, \n 防弹: +10, \n 抗烧伤: +20, \n 抗化学烧伤:  +40, \n 抗电击: +30, \n 抗幅射: +40, \n 抗心灵幅射: +10 \n\n 由“晴空”组织的技师制作而成的更轻的潜行者套装。轻型军用防弹背心。它能有效的抵抗劣质武器的伤害。外装的布料由特殊的组合物加工而成，这增强抵抗变异活动的能力。</text>
</string>
<string id="nebo_heavy_outfit_name">
    <text>晴空组织护甲守卫者型</text>
</string>
<string id="nebo_heavy_outfit_description">
    <text>抗冲击: +40, \n 抗撕裂: +40, \n 抗割伤: +40, \n 防弹: +20, \n 抗烧伤: +30, \n 抗化学烧伤:  +40, \n 抗电击: +40, \n 抗幅射: +60, \n 抗心灵幅射: +20 \n\n 由“晴空”组织的技师制作而成的更轻的潜行者外装。平衡型军用防弹背心。套装的原料是双层的：特殊的人造外皮和由石棉丝制作而成的布料。这就提供了针对不同变异点和辐射的保护性能。</text>
</string>
<string id="nebo_exo_name">
    <text>晴空组织外骨骼</text>
</string>
<string id="nebo_exo_description">
    <text>抗冲击: +60, \n 抗撕裂: +60, \n 抗割伤: +60, \n 防弹: +40, \n 抗烧伤: +40, \n 抗化学烧伤:  +50, \n 抗电击: +50, \n 抗幅射: +80, \n 抗心灵幅射: +40, \n 重量承载: +30 \n\n 外骨骼提供了出色地针对不同变异点和辐射的保护性能。但对穿甲弹来说它不堪一击。</text>
</string>
<string id="nebo_scientific_outfit_name">
    <text>晴空组织护甲科学研究型</text>
</string>
<string id="nebo_scientific_outfit_description">
    <text>抗冲击: +50, \n 抗撕裂: +40, \n 抗割伤: +30, \n 防弹: +30, \n 抗烧伤: +50, \n 抗化学烧伤:  +50, \n 抗电击: +60, \n 抗幅射: +70, \n 抗心灵幅射: +50 \n\n 由“晴空”组织制作，以用于在特异区从事科学研究。这种保护性的系统具有闭式循环, 内置了变异活动抑制系统。对辐射有着很高的抵抗性。然而对活跃的军事活动而言子弹防护性的还是非常不足的。有着优质的夜视系统。</text>
</string>
<string id="stalker_outfit_v1_description">
    <text>抗冲击: 25, \n 抗撕裂: 20, \n 抗割伤: 15, \n 防弹: 15, \n 抗烧伤: 25, \n 抗化学烧伤:  25, \n 抗电击: 25, \n 抗幅射: 25 \n\n 由全国技艺精湛的技师们制作而成。这种型号为 "老兵1号"的套装是由轻型军用防弹背心和用橡胶布制成的普通外装组合而成。由于内置了凯夫拉面板使之得到了强化。它能提供相对不错的针对劣质小型武器的防护性。但总的来说对于在特异区强辐射条件下进行重要操作它所提供的保护还是相当不足的。</text>
</string>
<string id="stalker_outfit_v2_description">
    <text>抗冲击: +25, \n 抗撕裂: +20, \n 抗割伤: +15, \n 防弹: +15, \n 抗烧伤: +25, \n 抗化学烧伤:  +25, \n 抗电击: +25, \n 抗幅射: +25 \n\n 由全国技艺精湛的技师们制作而成。这种型号为 "老兵2号"的套装是由轻型军用防弹背心和用橡胶布制成的普通外装组合而成。由于内置了凯夫拉面板使之得到了强化。它能提供相对不错的针对劣质小型武器的防护性。但总的来说对于在特异区强辐射条件下进行重要操作它所提供的保护还是相当不足的。</text>
</string>
<string id="stalker_outfit_v3_description">
    <text>抗冲击: +25, \n 抗撕裂: +20, \n 抗割伤: +15, \n 防弹: +15, \n 抗烧伤: +25, \n 抗化学烧伤:  +25, \n 抗电击: +25, \n 抗幅射: +25 \n\n 由全国技艺精湛的技师们制作而成。这种型号为 "老兵3号"的套装是由轻型军用防弹背心和用橡胶布制成的普通外装组合而成。由于内置了凯夫拉面板使之得到了强化。它能提供相对不错的针对劣质小型武器的防护性。但总的来说对于在特异区强辐射条件下进行重要操作它所提供的保护还是相当不足的。</text>
</string>
<string id="monolit_black_outfit_name">
    <text>黑色涂装的黑石组织用护甲</text>
</string>
<string id="monolit_black_outfit_description">
    <text>%c[255,1,255,255] 抗冲击:%c[255,1,255,1] 25% \n %c[255,1,255,255] 抗割伤:%c[255,1,255,1] 20% \n %c[255,1,255,255] 防爆炸%c[255,1,255,1] 20% \n %c[255,1,255,255] 防弹:%c[255,1,255,1] 20% \n %c[255,1,255,255] 抗烧伤:%c[255,1,255,1] 25% \n %c[255,1,255,255] 抗化学烧伤:%c[255,1,255,1] 20% \n %c[255,1,255,255] 抗电击:%c[255,1,255,1] 30% \n %c[255,1,255,255] 健康:%c[ 255,1,255,1] 600 \n %c[255,1,255,255] 流血:%c[255,1,255,1] -20% \n %c[255,1,255,255] 抗幅射:%c[255,1,255,1] 20% \n %c[default] “黑石”精英潜行套装， neizvesten制造。Hoty军用PSZ-9a型防弹衣为基础继承了其优点, 但它有一个明显的改进，穿上它，可以迅速止血并加快伤口愈合。因为这个特点，它被称作活力防护服，在潜行者中深受欢迎，该防护服还具有防辐射效果，对于轻武器的防护效果也很不错。但对于异常环境的防护效果不太理想，因为没有过空气过滤系统。</text>
</string>

<string id="mirotvor_outfit_name">
	<text>维和士兵SCAT-11M型外骨骼</text>
</string>
 
<string id="mirotvor_outfit_description">
	<text>%c[255,1,255,255] 抗冲击: %c[255,1,255,1] 65 %\n %c[255,1,255,255] gap: %c[255,1,255,1] 65 %\n %c[255,1,255,255] 防爆炸 %c[255,1,255,1] 55 %\n %c[255,1,255,255] 防弹: %c[255,1,255,1] 60 %\n %c[255,1,255,255] 抗烧伤: %c[ 255,1,255,1] 65 %\n %c[255,1,255,255] 抗化学烧伤: %c[255,1,255,1] 55 %\n %c[255,1,255,255] 抗电击: %c[255,1,255,1] 65 %\n %c[255,1,255,255] 抗幅射: %c[255,1,255,1] 55 %\n %c[default] 维和士兵专用SCAT-11M外骨骼是为在变异点活跃地区进行突击行动而专门设计的。优于之前的维和士兵专用PSZ-12P重型外骨骼，能量综合补偿式套装,Sphere-12M型头盔。对于子弹和爆炸弹片的防御效果极佳，而且不会降低士兵的机动性。还有一个用于防护异常环境的平衡系统。据说它的防护性能优于SKAT-9M型。</text>
</string>

</string_table>
