﻿<?xml version="1.0" encoding="UTF-8" ?>
<string_table>
#include "text\chs\string_table_amk_matras.xml"
#include "text\chs\string_table_amk_metka.xml"
<!-- Vergas unloading========================ON================== -->
#include "text\chs\string_table_razgruzka.xml"
<!-- Vergas unloading========================ON================== -->
<string id="enc_bioradar">
    <text>这个神奇的装置可以让你探测50米内的多种生命迹象，无论是温血动物还是冷血动物。博尔沙科夫教授在他的论文里详细解释了它的原理 - "ZX-232号"水晶球"神器所知独特效果实用化的结果"。还有，根据西蒙诺夫助理学者的理论-"生物体就像一个天然的电波收发器 ?"这个装置的原理可以简要概括为:"大部分生物活着时会放出可以用来追踪的电磁波，它们的频率，强度，方位也可以测算出来。当肌肉，可以收到电刺激的操控肌肉的神经纤维，那些活着的器官或是能传导电刺激的器官，都有着微型收发机的功能。很长一段时间里，因为那信号太过微弱，所以大家都认为这种东西只有在实验室里才能成功。根据那个称为"auroskopy"的理论，通过使用庞大的放大器，此装置可以在生命体周围设置一圈"标记"，这标记实际上就是一圈电磁辐射。在研究变异区大量的神器的过程中，科学家在某个实验对像中发现了一个非常有趣的效应 - 那个神器叫"水晶球"，当时助理研究员西蒙诺娃无意中通过一台手持无线电接收器收到了一个私人无线电台的信号，而定位显示那个信号来源于阿根廷的一个省。通过对这个不寻常的现象的研究，营地里的科学家们得出了一个粗略的解释，也是唯一一个解释 - 一个叫水晶球的神器放大了信号并滤去了杂讯。很显然，一小撮来自阿根廷的无线电信号传入了营地，但是它太弱了以至于没有设备能搞定这个信号。但把水晶球和营地连接了起来。当可以接受在空中飞来飞去的信号时，数以百计的信号被成功放大过滤杂讯。在接收范围内的所有电磁波信号都被发现了。最远处的信号离我们14000英里!为了进一步开发这个项目。水晶球的拦截效果被封以绝密，但在那之前，共和国里已经有一些设备拥有那种神奇的效果了。这个叫佩列格生物雷达可以测量生物体的电磁辐射从而测算他们的出现频率和距离，这样，你就可以在液晶荧幕上每一个生物体的信号了。因为创造这个东西的初衷是为了探索变异区，所以助理研究员西蒙诺夫往数据库里上传了那些大都由本地动物的产生的信号数据。但不幸的是，变异区里的生物都在快速变异，只需几周时间信号数据库就得更新，不过第一批使用者中，一些经验丰富的潜行者开发出了一个简单粗暴的办法来发现怪物。当装置安装完毕后，把你想追踪的怪物身体的一部分放在腰带上，这样设备就会自动重置数据，然后那些你想追踪的怪物就会出现在微型显示屏上了。当然，近来发现还是有一些怪物无法用这个装置追踪。这个装置的缺点在于 - 太贵了。</text>
</string>
<string id="bioradar">
    <text>生物雷达</text>
</string>
<string id="Antirad">
    <text>抗辐射药</text>
</string>
<string id="Arm-heavy">
    <text>重型潜行者装备</text>
</string>
<string id="Arm-light">
    <text>轻型潜行者装备</text>
</string>
<string id="Arm-medium">
    <text>中型潜行者装备</text>
</string>
<string id="bandage">
    <text>绷带</text>
</string>
<string id="Binocul">
    <text>双筒望远镜</text>
</string>
<string id="Bread">
    <text>面包</text>
</string>
<string id="cit_deadcity_maps_desc">
    <text>一张死城的详细地图，包含了佣兵的位置。</text>
</string>
<string id="cit_deadcity_maps_name">
    <text>死城的地图。</text>
</string>
<string id="cit_doctors_key_desc">
    <text>博士的钥匙，可以开启皮里皮亚特的秘密藏匿物</text>
</string>
<string id="cit_doctors_key_short_desc">
    <text>博士的钥匙</text>
</string>
<string id="Conserva">
    <text>军用罐头</text>
</string>
<string id="Detect1">
    <text>特异点侦测器（DA-2）</text>
</string>
<string id="Detect2">
    <text>辐射量计</text>
</string>
<string id="Detect3">
    <text>特异点探测器。</text>
</string>
<string id="Detect4">
    <text>高级特异点探测器</text>
</string>
<string id="Devic">
    <text>仪器和装备</text>
</string>
<string id="device-PDA">
    <text>'PDA'</text>
</string>
<string id="device-torch">
    <text>手电筒</text>
</string>
<string id="enc_equipment_armors_arm-heavy">
    <text>防护装。 重量：18公斤。 内容：防护软胶、烧绒、大部分的特异点的威胁跟实体伤害。 躯干和背部内建有生化金属垫片。 这个防护装装备有气密功能、强化塑胶头盔和两个氧气瓶。 附记：在经过长时间的使用后防护装会破裂，功能也会逐渐的变差。 </text>
</string>
<string id="enc_equipment_armors_arm-light">
    <text>防护装。 重量：8公斤。 内容：防护较微弱的特异点威胁跟实体伤害。 装备有一个氧气面罩。 附记：在经过长时间的使用后防护装会破裂，功能也会逐渐的丧失。 </text>
</string>
<string id="enc_equipment_armors_arm-medium">
    <text>防护装。 重量：12公斤。 内容：防护软胶、烧绒、大部分的特异点的威胁跟实体伤害。 装备有气密式头盔和一个氧气瓶。 附记：在经过长时间的使用后防护装会破裂，功能也会逐渐的丧失。 </text>
</string>
<string id="enc_equipment_armors_sci2">
    <text>一套红色的S.C.A.P.E防护装和一顶气密式的头盔。说明：防护火、酸、有毒瓦斯、数种特异点、烧绒、和实体伤害。装备有两个氧气瓶。附记：在经过长时间的使用后防护装会破裂，功能也会逐渐的丧失。</text>
</string>
<string id="enc_equipment_devic_binocul1">
    <text>军用野战望远镜</text>
</string>
<string id="enc_equipment_devic_detect1">
    <text>用来侦察特异点和干扰的装置，当发现异常时会发出声音来警告。它需要安装在皮带上面，并且打开开关才能正常工作。</text>
</string>
<string id="enc_equipment_devic_detect2">
    <text>一个用来探测变异点和其他危险物的设备，会发出哔哔声来提示。必须拴在腰带上才有效。</text>
</string>
<string id="enc_equipment_devic_detect3">
    <text>高级变异点探测器，由变异区你的科学家们发明的。它不仅能探测到变异点和其他危险物，还能显示它们的位置所在，并通过声音来提示。必须拴在腰带上才有效。</text>
</string>
<string id="enc_equipment_devic_device-PDA1">
    <text>个人数位助理，是特异区中不可或缺的装备。</text>
</string>
<string id="enc_equipment_devic_device-torch1">
    <text>一支强力的手电筒，在光源不足的地方特别的有用。</text>
</string>
<string id="enc_equipment_devic_device-torch1_m1">
    <text>一支强力的手电筒，拜现代变压器之赐，电池充电的时间已经被缩短了。</text>
</string>
<string id="enc_equipment_energydrink">
    <text>这是一个包含有咖啡因、牛磺酸、以及包含了回复精神的维他命的超棒精力饮料。这是张可以帮助你在太累时重新上路的车票！</text>
</string>
<string id="enc_equipment_energydrinka">
    <text>不明物品。标签上写着的啤酒。</text>
</string>
<string id="enc_equipment_food_bread1">
    <text>很难说出是谁在特异区中烤这些面包，但这些面包没有受到污染，而且可以食用。好吧，至少没有潜行者在抱怨。</text>
</string>
<string id="enc_equipment_food_conserva1">
    <text>潜行者从军方仓库抢来的罐头食物，都还没有过保存期限。</text>
</string>
<string id="enc_equipment_food_kolbasa1">
    <text>由鸡肉和大豆混制而成，是一种常见的"瘦身"香肠，在没有什么选择的情况之下，通常是潜行者的早餐、午餐、也是晚餐。</text>
</string>
<string id="enc_equipment_food_vodka1">
    <text>由GSC公司制造的伏特加。入口顺畅，可以明显的降低辐射的影响。不过为了显著的原因，服用最好不要过量。</text>
</string>
<string id="enc_equipment_medi_antirad1">
    <text>降低辐射的影响。</text>
</string>
<string id="enc_equipment_medi_bandage1">
    <text>帮助，帮助止血。</text>
</string>
<string id="enc_equipment_medi_medkit1">
    <text>一个全方为用途的医药箱，用来治疗数种不同类型的严重伤害--创伤、烧伤、中毒、等等。</text>
</string>
<string id="enc_equipment_medi_medkit2">
    <text>一个专门的医药组合，用来对抗实体伤害和失血。在里面包含有止血用具、抗生素、免疫素、还有止痛剂。</text>
</string>
<string id="enc_equipment_medi_medkit3">
    <text>医药组合，特别设计用在特异区中。这个组合包含了治疗实体伤害和消除人体中的辐射，先期预防电波疾病和降低辐射的堆积。</text>
</string>
<string id="energy_drink_name">
    <text>精力饮料 'S.T.A.L.K.E.R.'</text>
</string>
<string id="energy_drink_name_dbeer">
    <text>来历不明的啤酒</text>
</string>
<string id="energy_drink_name_dbeer_short">
    <text>来自某地的啤酒</text>
</string>
<string id="amk_ballon_name">
    <text>装有胶质瓦斯的罐子</text>
</string>
<string id="amk_ballon_name_short">
    <text>胶质瓦斯罐</text>
</string>
<string id="amk_ballon_opisalovo">
    <text>胶质瓦斯被运输到实验室中以供应给正在被研究的试验 —— 现在情况不明了。只知道容器里的气体具有极其活泼的化学性质，而且易爆，有毒。</text>
</string>
<string id="amk_kanistra_name">
    <text>装有汽油的罐子</text>
</string>
<string id="amk_kanistra_name_short">
    <text>五加仑装的汽油罐</text>
</string>
<string id="amk_kanistra_opisalovo">
    <text>汽油罐</text>
</string>
<string id="energy_drink_short_name">
    <text>精力饮料</text>
</string>
<string id="Equipment">
    <text>装备和食物</text>
</string>
<string id="Food">
    <text>食物</text>
</string>
<string id="Kolbasa">
    <text>营养的香肠</text>
</string>
<string id="Medi">
    <text>药剂</text>
</string>
<string id="Medkit">
    <text>医药箱</text>
</string>
<string id="Medkit_army">
    <text>陆军急救箱</text>
</string>
<string id="Medkit_scientific">
    <text>科学家急救箱</text>
</string>
<string id="Sci2">
    <text>科学用的EXP-4</text>
</string>
<string id="Vodka">
    <text>哥萨克伏特加</text>
</string>
<string id="st_detector">
    <text>特异点探测器'</text>
</string>
<string id="st_detector2">
    <text>进阶特异点探测器</text>
</string>
<string id="st_detector3">
    <text>高级特异点探测器</text>
</string>
<string id="st_detector_descr1">
    <text>作为特异点和辐射污染的区域的侦测之用。</text>
</string>
<string id="st_detector_descr2">
    <text>该装置通过发出哔哔声来报告周围存在着变异区域或者是扰动。探测器必须绑在腰带上才能工使用。</text>
</string>
<string id="st_detector_descr3">
    <text>高级特异点探测器是在特异区的科学家发明的。探测器不仅能探测到变异点和扰动的存在，还能显示其的位置并且装置通过发声提醒使用者。探测器必须绑在腰带上才能使用。</text>
</string>
<string id="st_grenade_gd5">
    <text>烟雾弹</text>
</string>
<string id="zamok">
    <text>Psy射线锁</text>
</string>
<string id="zamok_desc">
    <text>用于保护个人藏匿点的装置。在启动改装置的时候装置会记录下拥有者的PDA的频率，在拥有相同频率的人靠近的时候解除。对于那些没有匹配频率的人，包括IFP频率。会导致他们遭受短暂的痛苦，恐惧，头晕以及头痛这些症状。这些症状会随着靠近藏匿点而增强而在七米以外的位置会消失。</text>
</string>
<string id="st_repair_suit">
		<text>装甲维修工具组</text>
	</string>
	<string id="st_repair_suit_descr">
		<text>一套由极其耐用的材料制作的线，针和补丁的套装，它能够使你的装甲时刻保持最佳状态。</text>
	</string>
	<string id="st_repair_weapon">
		<text>武器修理工具组</text>
	</string>
	<string id="st_repair_weapon_descr">
		<text>使用手则：你所需要维修的武器应该放在对应的武器袋中。一定要记住另一个武器袋子必须是空的。 \n包含一些能够在某种程度上修复你的武器的工具。</text>
        </string>
        <string id="det_art_indy">
		<text>回声神器探测器。</text>
	</string>
	<string id="det_art_indy_info">
		<text>这款过时的特点探测器会在变异微粒进入探测器上一个特殊的小隔间时发出警报，提醒你正在接近一个变异点。它还会显示神器的出现并且对最近的一个进行测距。距离是由仪器发出声响的频率指示出来的。要切换到搜寻神器模式只需打开仪器的前盖板。由于设计简单，Echo探测器只能用来定位最普通的神器。要使用它，只需将其挂在皮带上，按下按钮（6）。初始探测距离：15m /n 有效范围：2m</text>
	</string>
        <string id="det_art_pro">
		<text>“熊”式神器探测器</text>
	</string>
	<string id="det_art_pro_info">
		<text>这一最新一代的探测器将异常现象的位置直接传输到PDA上。要切换到搜寻神器模式，打开前罩。但是这玩意能探测的神器数据早就过时了。使用时，将其挂在腰带上选择按钮（6）。初始探测距离：30m /n 有效范围：5m</text>
	</string>
         <string id="det_art_super">
		<text>维利神器探测器</text>
	</string>
	<string id="det_art_super_info">
		<text>下一代探测器。由于新设计的三个探测腔室，神器的位置可以显示在特殊显示屏上并传输到PDA上。当关闭时，它只测量辐射和探测变异点。要转换到找神器模式只需打开前置LED显示屏。当处于搜寻模式时，探测器可以显示所有已被现代科学研究过的神器。使用时，放在腰带上并按下（6）。
初始探测距离：45m /n 有效范围：9m</text>
	</string>
	<!--暂存区
	-->
	<!-- 自行引导新增说明 -->
	<!-- 武器 -->
	<string id="XM-29_OICW">
    	<text>XM29理想单兵战斗武器</text>
	</string>
	<string id="XM-29_OICW_info">
		<text>XM29理想单兵战斗武器是美军对开发中多功能整合式武器系统的通称，这个武器系统能发射5.56×45 NATO步枪子弹及20毫米电子引信空爆弹，原型版本则20世纪90年代理想单兵战斗武器计划（Objective Individual Combat Weapon program）的一部分。XM29 OICW有时又称为SABR（Selectable Assault Battle Rifle），但这名称并不常用。</text>
	</string>
	<string id="20mm_HE">
    	<text>XM29专用枪榴弹</text>
	</string>
	<string id="20mm_HE_info">
		<text>给XM-29专用的 20公厘 枪榴弹</text>
	</string>
	<string id="CBJ-MS_AMMO">
    	<text>萨博博福斯动力CBJ-MS弹药</text>
	</string>
	<string id="CBJ-MS_AMMO_info">
		<text>这个6x35mm弹药(北约组织供应商 - 萨博博福斯动力) 是新研发的6×35mm子弹，有别于其他5.7×28mm及4.6×30mm子弹，它同样能穿透军用防弹装备，后座力很小，但新子弹有效射程比其他为PDW研发的子弹好，其有效射程达250至300米。</text>
	</string>
	<string id="DM_11">
    	<text>DM 11</text>
	</string>
	<string id="DM_11_info">
		<text>该4.6x30mm子弹（北约标准为DM 11）与穿甲弹是由德国黑克勒·科赫和英国专门为长期的个人自卫武器军事PDW拉德威·格林弹药制造商联合开发的，具有低的重量和低的反冲且具有良好的精度。在MP - 7 PCB使用。</text>
	</string>
	<string id="MosinNagant_1891-30">
    	<text>莫辛-纳甘 M1891/30步枪</text>
	</string>
	<string id="MosinNagant_1891-30_info">
		<text>由谢尔盖·伊万诺维奇·莫辛发明于20世纪之交，从1890年代这种步枪及其变体在俄罗斯以及红军步兵中构成了一个基本的火器，但它们已经被AK突击步枪家族而取代，配备有固定的3.5倍放大范围的光学瞄准镜。</text>
	</string>
	<string id="Remington_870">
    	<text>雷明顿870泵动式霰弹枪</text>
	</string>
	<string id="Remington_870_info">
		<text>雷明顿870[Remington Model 870]，是由美国雷明顿武器公司制造的泵动式霰弹枪。雷明顿870系列在底部装弹，弹壳从机匣右侧排出，管式弹仓在枪管下部，双动式结构、内部击锤设计，枪管内延长式枪机闭锁。它的机匣、扳机系统、保险制、及套筒释放钮与雷明顿Model 7600系列相似，部份零件可与雷明顿1100及雷明顿11-87互换。</text>
	</string>
	<string id="VSSK">
    	<text>VKS“排气者”狙击步枪</text>
	</string>
	<string id="VSSK_info">
		<text>VKS“排气者”：大口径特种狙击步枪 是一枝由俄罗斯图拉市KBP仪器设计厂旗下的运动及狩猎武器中央设计研究局（TsKIB SOO）枪械设计师弗拉基公尺尔·兹洛宾（Vladimir Zlobin）研发生产的12.7 公厘（.50 英吋）大口径重型犊牛式消声狙击步枪（反器材步枪），使用了直拉式枪机，发射12.7×55公厘亚音速步枪子弹。</text>
	</string>
	<string id="ammo-sc130">
    	<text>SC-130：标准狙击弹</text>
	</string>
	<string id="enc_weapons1_ammo_sc130">
		<text>SC-130：标准狙击弹 VKS消音狙击步枪发射专用12.7×55公厘亚音速步枪子弹，全弹总长度为97 公厘（3.82 英吋）。</text>
	</string>
	<string id="L86A1_SA-80_LSW">
   		<text>L86A1 SA-80 LSW</text>
	</string>
	<string id="L86A1_SA-80_LSW_info">
		<text>L86A1 SA-80 LSW 为SA80武器家族的变形版本。作为班支援武器用，与原步枪型相比，枪管较长且厚实，以致子弹射击时初速度较高。此外在枪管下方附有双脚架，枪托下方也多设有一握把，且枪托底板有一肩膀固定夹的设计，以保持枪支在连续射击时的稳定。此枪使用30发弹匣来给弹。除了为英国军方的制式武器外，加拿大及澳洲军方也先后曾对此武器进行测试。</text>
	</string>
	<string id="Tavor">
   		<text>IMI TAR-21突击步枪</text>
	</string>
	<string id="Tavor_info">
		<text>TAR-21是一款采用5.56×45mm NATO弹药的以色列犊牛式突击步枪。TAR-21的含义是“Tavor Assault Rifle - 21st Century”（中文翻译为“塔沃尔21世纪突击步枪”）。它是吉瓦提步兵旅（2006年8月起）、戈兰尼步兵旅（2008年8月起）和纳哈尔步兵旅（2010年）的制式武器。最新型的MTAR-21（微型塔沃尔）会被以色列国防军选作未来的突击步枪，在接下来的几年之内，它将成为以色列的步兵制式武器。其名字是来自他泊山（Mount Tabor）。</text>
	</string>
	<string id="Steyr_AUG-A3">
   		<text>斯泰尔AUG突击步枪</text>
	</string>
	<string id="Steyr_AUG-A3_info">
		<text>Steyr AUG是1977年奥地利公司斯泰尔-曼利夏（Steyr Mannlicher）推出的军用自动步枪，是史上首次正式列装、实际采用犊牛式设计的军用步枪。“AUG”是德文“Armee-Universal-Gewehr”的缩写，意即“陆军通用步枪”。</text>
	</string>
	<string id="FN_FAL">
   		<text>FN FAL自动步枪</text>
	</string>
	<string id="FN_FAL_info">
		<text>由比利时Fabrique Nationale设计的7.62×51公厘口径自动步枪，FAL相对应的英文名称是Light Automatic Rifle，意为“轻型自动步枪”。FAL是世界上著名步枪之一，曾是大量国家的制式装备。</text>
	</string>
	<string id="Protecta">
   		<text>Armsel Striker前锋型散弹枪</text>
	</string>
	<string id="Protecta_info">
		<text>Armsel Striker，又称：哨兵武器Striker-12、是一枝由南非枪械设计师希尔顿·沃克于1980年代研制并且由军售公司、哨兵武器有限公司生产的防暴控制和战斗用途霰弹枪，发射12号口径散弹。</text>
	</string>
	<string id="Tanker_s_Storm">
   		<text>泰克的风暴突击步枪</text>
	</string>
	<string id="Tanker_s_Storm_info">
		<text>OC-14“雷电”全自动榴弹发射器已经在变异点有段时间了,“水母”让它获得了令人难以置信和不可思议的属性。就是说，这玩意已经不仅仅只是能射子弹的枪了。事实上，这个区域里经常有不可思议的事情发生在人或物品身上。这些现象和蜕变已经超出了人类的认知范围。</text>
	</string>
	<string id="BAR-M1918">
   		<text>白朗宁自动步枪 M1918</text>
	</string>
	<string id="BAR-M1918_info">
		<text>白朗宁自动步枪Browning Automatic Rifle，简称：BAR，是美军在20世纪上半叶使用的一种自动步枪。在第一次世界大战期间，美国军队参战后发现，在欧洲大陆环境恶劣的堑壕战中，他们缺乏密集的火力。1917年由武器设计师约翰·白朗宁设计的一种可半自动或全自动步枪很快被军方选中，迅速投产，并被军方正式命名编号为M1918，白朗宁自动步枪虽名为自动步枪但在使用时却往往作为轻机枪。</text>
	</string>
	<string id="MP-40">
   		<text>MP40冲锋枪</text>
	</string>
	<string id="MP-40_info">
		<text>常被称为“施迈瑟冲锋枪”，是一种为方便大量生产而设计，与传统枪械制造观念不同的冲锋枪，亦是第二次世界大战期间德国军队使用最广泛、性能最优良的冲锋枪。</text>
	</string>
	<string id="MP-41">
   		<text>MP41冲锋枪</text>
	</string>
	<string id="MP-41_info">
		<text>由Haenel公司设计的MP40冲锋枪改进型，改装了枪托、弹匣护盖、扳机，改用MP28的射控装置</text>
	</string>
	<string id="Gewehr-43">
   		<text>Gewehr 43半自动步枪。</text>
	</string>
	<string id="Gewehr-43_info">
		<text>德国工程师根据军队的要求，借鉴了SVT-40的导气式工作原理，直接改进了Gew 41，发射枪弹的火药气体导出枪管后，推动一个活塞向后运动带动枪机后坐，完成抛壳、子弹上膛。1943年研制成功并命名为Gewehr 43</text>
	</string>
	<string id="Thompson">
   		<text>汤普森冲锋枪</text>
	</string>
	<string id="Thompson_info">
		<text>汤普森冲锋枪Thompson submachine gun，是美军在二战中最著名的冲锋枪，由约翰·T·汤普森（John T. Thompson）在1910年代末期设计，并由美国的自动军械公司（Auto-Ordnance Company）生产。除了在战争中使用外，汤普森冲锋枪也是当时美国警察与罪犯非常爱用的武器款式。在禁酒令时代以芝加哥黑帮为主的犯罪集团曾利用这款冲锋枪造成许多伤亡，而使得它获得汤米冲锋枪（Tommy Gun）、芝加哥打字机（Chicago Typewriter）、芝加哥小提琴（Chicago Violin）或芝加哥钢琴（Chicago Piano）等浑名</text>
	</string>
	<string id="STG-44">
   		<text>StG44突击步枪</text>
	</string>
	<string id="STG-44_info">
		<text>StG44突击步枪（Sturmgewehr 44，定型投产时名为MP43），是现代步兵史上划时代的成就之一。它是第一支使用了短药筒的中间型威力枪弹并大规模装备、真正意义上的的突击步枪。</text>
	</string>
	<string id="Lewis-MG">
   		<text>路易士机枪</text>
	</string>
	<string id="Lewis-MG_info">
		<text>路易士机枪（Lewis Gun）由美国人路易士上校发明，1910年他应法罗自动武器公司的要求研发并于1911年完成，原本想美国军方购买可是美国军方却无兴趣要，1913年路易士带着路易士机枪来到比利时，在比利时的列日开设路易士自动武器公司但后来被英国伯明罕轻兵器公司收购，从此成为英国武器，英国军方从1914年起装备路易士机枪，发射英式.303弹，随即作为轻机枪参与第一次世界大战。</text>
	</string>
	<string id="M16">
   		<text>M16突击步枪</text>
	</string>
	<string id="M16_info">
		<text>M16是美国军方给由阿玛莱特AR-15发展而来的步枪家族所指定的代号。它是一枝突击步枪，使用北约标准的5.56毫米口径弹药。M16曾经是自1967年以来美国陆军使用的主要步兵轻武器，也被北约15个国家使用，更是同口径枪械中生产得最多的一个型号。</text>
	</string>
	<string id="Winchester_1200">
   		<text>温彻斯特M1200泵动式霰弹枪</text>
	</string>
	<string id="Winchester_1200_info">
		<text>一枝由美国温彻斯特连发武器公司西部分区和奥林公司合作生产的一系列压动式霰弹枪，发射12x70鹿弹、12x76 镖弹或12x76 重鹿弹。温彻斯特M1200在枪管底部装有刺刀座以便近身距离作战时使用。这枝霰弹枪可以分解成为多个部件，以便大量储藏和运输。</text>
	</string>
	<string id="SVD_C">
   		<text>SVD-S 德拉古诺夫狙击步枪 空降／突击兵版本</text>
	</string>
	<string id="SVD_C_info">
		<text>SVD-S [Snayperskaya Vintovka Dragunova Skladnaja] 改用了可向右摺叠的钢管枪托，然而在枪托摺叠的情况下无法射击。另外也取消了刺刀座，枪管在长度上减至590毫米，并缩短了消焰器（flash surpressor）。</text>
	</string>
	<string id="Colt_Merlina">
   		<text>科尔特Merlina专用</text>
	</string>
	<string id="Colt_Merlina_info">
		<text>科尔特M1911 上刻有Merlina专用</text>
	</string>
	<string id="Paramedic_Edge">
   		<text>[急救人员之刃]Paramedic's Edge</text>
	</string>
	<string id="Paramedic_Edge_info">
		<text>著名的 '步枪' 莫辛-纳甘1891-1910型。医生助理重新改装过它，更换了枪管和结实的枪闩。重量明显增加。使用一种特殊的由混合的粉末和“火球”神器制成的子弹。</text>
	</string>
	<string id="ammo_new_info">
    	<text>由混合的粉末和“火球”神器制成的子弹。急救人员之刃专用弹药。		</text>
	</string>
	<string id="USAS_12">
   		<text>USAS-12霰弹枪</text>
	</string>
	<string id="USAS_12_info">
		<text>USAS-12是由美国的吉尔伯特设备有限公司在1980年代设计，交由南韩大宇集团所生产的一种全自动战斗霰弹枪。现在获得南韩陆军和南韩警察的采用。</text>
	</string>
	<string id="AK_9">
   		<text>AK-9突击步枪</text>
	</string>
	<string id="AK_9_info">
		<text>AK-9是一枝由俄罗斯联邦枪械制造商伊茨玛希工厂研制及生产的现代化突击步枪，在2007年8月公开，发射9×39公厘苏联口径步枪子弹。这是流行的卡拉什尼科夫步枪系列的最新款式之一。它是基于“100”系列卡拉什尼科夫突击步枪。</text>
	</string>
	<string id="AKS-74_Stormtrooper">
   		<text>AK-74风暴突击步枪</text>
	</string>
	<string id="AKS-74_Stormtrooper_info">
		<text>卡拉什尼科夫AKS-74型自动步枪现化化可折叠款。在金属复合式框架的枪尾部左侧有一个可折叠式枪托。部件（如前端，外壳，手柄）是由紫色或黑色玻璃纤维填充尼龙制成，使得枪身重量更轻，而且外观更实尚。后来，它的基础型号在变异区被不断的升级。主要部件都时行了自动化的升级，与普通版的卡拉什尼科夫相比，可活动部件的运行时间更短了，因此，全自动射击模式下的射击速度从原先的最高每分钟600发提高到了800发。改进后，也可以装备40毫米GP-25型枪榴弹发射器，枪托上装上了橡胶减震装置, 通过软化和略微增加后座缓冲长度,使得武器操作手感更舒适。可安装“眼镜蛇ekp-1s-03”型反射式瞄准镜，方便快速瞄准目标。配上RPK-74机枪的专用45型弹匣，所以这些改进型的武器也被称做“暴风突击队”。</text>
	</string>
	<string id="Colt_M4-Tactical">
   		<text>战术M4卡宾枪</text>
	</string>
	<string id="Colt_M4-Tactical_info">
		<text>现代化升级后的Ｍ16Ａ1步枪。枪管更重，可切换三种射击模式，容弹量增至30发。还加装了瞄准镜，并且射击速度更快。</text>
	</string>
	<string id="M4A1-SOPMOD">
   		<text>M4A1-SOP改装</text>
	</string>
	<string id="M4A1-SOPMOD_info">
		<text>USSOCOM为其辖下部队开发的M4卡宾枪改装套件Special Operations Peculiar Modification（SOPMOD）有 ACOG光学瞄准镜及KAC灭音器 还将弹夹换成了弹鼓 可装100发弹药</text>
	</string>
	<string id="M-79">
    	<text>M79榴弹发射器</text>
	</string>
	<string id="M-79_info">
    	<text>M79榴弹发射器（英文的别名有“Thump-Gun”、“Thumper”和“Blooper”）首次在越战中崭露头角。它有着大型膛室的设计，与一些大口径的截短型霰弹枪在外型上十分相似。它能够发射许多种不同用途的40公厘榴弹，包括高爆弹、人员杀伤弹（anti-personnel）、烟雾弹、鹿弹（buckshot）、镖弹（flechette）、照明弹和燃烧弹。在越战之后，M79本身的成功使得它的继任者的开发迫不及待，因而出现了M203榴弹发射器，但即使如此，M79榴弹发射器仍然是美军的制式武器。</text>
	</string>
	<string id="ARGES">
    	<text>阿格斯枪榴弹</text>
	</string>
	<string id="ARGES_info">
    	<text>ARGES 40mm LV HE/FRAG 92 枪榴弹。</text>
	</string>
	<string id="Bison_2-01">
    	<text>PP-19野牛冲锋枪2代特改版</text>
	</string>
	<string id="Bison_2-01_info">
    	<text>梦幻改版，弹药为9×18公厘、弹鼓则为64发、Kobra EKP-1S-03红点瞄准，此种改版为特制手工改版</text>
	</string>
	<string id="Colt_M4A1-M">
    	<text>M4A1卡宾枪美军专用型</text>
	</string>
	<string id="Colt_M4A1-M_info">
    	<text>M4A1有“S-1-F”系统（保险／单发／全自动）扳机，此枪为美军发放给一般兵使用，非商业贩卖型，所以可适用于各装置套件</text>
	</string>
	<string id="SCAR-L">
    	<text>FN SCAR突击步枪</text>
	</string>
	<string id="SCAR-L_info">
    	<text>特种部队战斗突击步枪（英文：SOF Combat Assault Rifle，缩写：SCAR），是比利时Fabrique Nationale公司为了满足美国特种作战司令部的SCAR标案而制造的现代步枪，SCAR轻型发射5.56×45公厘北约弹药，使用M16的弹匣（STANAG弹匣）</text>
	</string>
	<string id="OC_14_Storm_Modified">
    	<text>OTs-14突击步枪改造版</text>
	</string>
	<string id="OC_14_Storm_Modified_info">
    	<text>等待翻译 外号“闪电”是俄罗斯现役的全自动无托突击步枪，使用9×39毫米亚音速弹药。此枪开发于1990年代前期，由俄罗斯图拉市的中央运动与捕猎用枪设计局设计，图拉兵工厂负责生产。OC-14“雷电”全自动榴弹发射器已经在“Elektra”变异点有段时间了,让它获得了令人难以置信和不可思议的属性。就是说，这玩意已经不仅仅只是能射子弹的枪了“高斯” 。事实上，这个区域里经常有不可思议的事情发生在人或物品身上。这些现象和变化已经超出了人类的认知范围。</text>
	</string>
	<string id="KAC_PDW">
    	<text>KAC PDW突击步枪</text>
	</string>
	<string id="KAC_PDW_info">
    	<text>奈特军火公司PDW突击步枪（Knight's armament company PDW，缩写 KAC PDW），是奈特军火公司推出的6×35毫米口径短枪管个人防卫武器（PDW），一般归类为突击步枪。KAC PDW的研发是以个人防卫武器用途作定位，它可连发、操作简易(跟M4卡宾枪几乎相似)、尺寸和重量不大于冲锋枪（尺寸方面，KAC PDW的9.5英吋枪管对M16的19.8英吋枪管，连摺叠了的枪托。重量方面，KAC PDW的4.5lbs对M16的6.3lbs）。它使用的是KAC新研发的6×35mm子弹，有别于其他5.7×28mm及4.6×30mm子弹，它同样能穿透军用防弹装备，后座力很小，但新子弹有效射程比其他为PDW研发的子弹好，其有效射程达250至300米。它有两种版本，分别为10英吋及8英吋的枪型。</text>
	</string>
	<string id="Semetskogo_Vintorez">
    	<text>Semetskogo Vintorez狙击步枪</text>
	</string>
	<string id="Semetskogo_Vintorez_info">
    	<text>弹药：9x39毫米SP-6弹，9x39毫米SP-5穿甲弹，Vintorez微声特种狙击步枪（绞丝机），专门设计的一体式消音装置能消音和降低枪口火焰。全自动射击模式便于自卫。隐身迷彩涂装，拆解后能放在手提箱中携带。</text>
	</string>
	<string id="SCS">
    	<text>SKS半自动步枪</text>
	</string>
	<string id="SCS_info">
    	<text>SKS半自动步枪是由苏联枪械设计师西蒙诺夫在1945年设计的半自动步枪。SKS45是Samozaryadniy Karabin sistemi Simonova，中文翻译是自动上膛的卡宾枪－西蒙诺夫系统，1945年的缩写。SKS半自动步枪在苏联的第一线服役后很快的被AK-47取代。但其后它仍然在第二线服务了几十年。直到今天，仍然是俄罗斯、中华人民共和国和多个前苏联国家的仪仗队使用的步枪。SKS半自动步枪被苏联广泛出口到前东欧集团国家和中华人民共和国，部份国家更曾仿制并大量生产。中华人民共和国制造的SKS被命名为56式半自动步枪，东德则命名为“S式卡宾枪（Karabiner S）”，朝鲜则称为“63式”。由于已经被军队淘汰而大量的廉价出售，当今它在许多国家平民使用的半自动步枪市场很受欢迎。SKS是第一个使用7.62×39毫米子弹的武器，其后AK-47及RPD均使用这种子弹。</text>
	</string>
	<string id="Saiga-12K">
    	<text>Saiga-12半自动霰弹枪-型号K</text>
	</string>
	<string id="Saiga-12K_info">
    	<text>Saiga-12是一枝由俄罗斯联邦枪械制造商伊茨玛希工厂现称：卡拉什尼科夫集团，Kalashnikov Concern于1990年代以卡拉什尼科夫的AK系列研制及生产半自动战斗霰弹枪，设计时还预备了可以转换成不同口径的型号的空间，例如其口径设为12号口径霰弹、20号口径霰弹和.410 bore。和各种卡拉什尼科夫步枪的衍生型一样，它是滚转式枪机、瓦斯操作操作和使用弹匣供弹的枪械。所有Saiga-12的型号的机匣右侧都装有可识别为卡拉什尼科夫样式枪族的大型保险杠杆，可以装在机匣左边以安装瞄准镜的瞄准镜导轨，和装上机匣顶部以保护装置于后方的反冲弹簧组件的大型防尘盖。留有容沙槽的设计还使AK系列的设计赢得高度的可靠性—尤其对半自动霰弹枪而言是莫大的恩惠，因为在此枪以前的半自动霰弹枪类武器往往都是不可靠的。此枪几乎完全由金属板冲压件制造，可使其容易大量生产和随时负担得起高膛压弹药。17英吋枪管版本（型号K，即Saiga-12K，已装有AK枪族风格的手枪握把、折叠式枪托和一种在枪托摺叠下防止滚转式枪机操作的特别设计保险（这是由于俄罗斯枪械管制法列明，除了手枪以外，任何人拥有全长度小于800公厘的长管枪械并且射击即属违法，而Saiga-12K的枪托摺叠后的总长度则只有670公厘）。</text>
	</string>
	<string id="Mauser_C96">
    	<text>毛瑟C96手枪</text>
	</string>
	<string id="Marshall-12">
    	<text>雷明顿870泵动式霰弹枪[短枪托]</text>
	</string>
	<string id="Marshall-12_info">
    	<text>雷明顿870[Remington Model 870]，是由美国雷明顿武器公司制造的泵动式霰弹枪。雷明顿870系列在底部装弹，弹壳从机匣右侧排出，管式弹仓在枪管下部，双动式结构、内部击锤设计，枪管内延长式枪机闭锁。它的机匣、扳机系统、保险制、及套筒释放钮与雷明顿Model 7600系列相似，部份零件可与雷明顿1100及雷明顿11-87互换。</text>
	</string>
	<string id="Benelli_M4">
    	<text>伯奈利M4 Super 90民用版霰弹枪</text>
	</string>
	<string id="Benelli_M4_info">
    	<text>伯奈利M4 Super 90[Benelli M4 Super 90]是一枝由义大利伯奈利公司设计和生产的半自动霰弹枪（战斗霰弹枪），发射12号口径霰弹。被美军所采用并命名为M1014战斗霰弹枪。伯奈利M4是第一枝由伯奈利公司生产的瓦斯操作及滚转式枪机战斗霰弹枪。这枪的这个全新的设计功效方法是被称为“自动调节瓦斯操作操作”（Auto Regulating Gas Operated，简称：ARGO）系统，这是一种短行程活塞传动设计，只是把气动部件分成4个部分。它的设计是两个对称的护罩包覆的两个小型不锈钢制气动活塞。该两个会自行清洁的不锈钢制活塞安装于护木前端以协助滚转式枪机能够正常的运作，其好处是不需要重新设计及采用一些更复杂的瓦斯操作自动结构。伯奈利就是通过简单的机构达到这个高度的可靠性，并最大限度地减少故障的发生。后来，自动调节瓦斯操作操作系统亦被同一间公司的R1步枪所使用。其滚转式枪机闭锁机构是在枪机前端左右两侧各设有一个锁耳（英语：Lug），这种双闭锁锁耳式设计使其具有更高的可靠性，使之能够与枪管啮合或分离以实现闭锁或开锁。这同时备有自我调节霰弹的不同长度和威力的能力。它可以使用及发射不同威力水平及任何组合的23⁄4和3英寸麦格农12号口径霰弹而且不需要经过任何在技术上的调整。但很像木棍弹、豆袋弹、橡胶子弹和催泪弹的那些非致命性弹药，就必须要利用机匣右手的拉机柄作手动式操作。民用型版本的管式弹仓的标准容量为4+1发。</text>
	</string>
		<string id="AKM">
    	<text>AK-47突击步枪改装版</text>
	</string>
	<string id="AKM_info">
    	<text>AK-47，意为“卡拉什尼科夫1947年自动步枪”，是由前苏联枪械设计师米哈伊尔·季莫费耶维奇·卡拉什尼科夫设计的突击步枪。此把为弹夹改装成弹鼓，所以可以装75发弹药。</text>
	</string>
	<string id="FN_F2000-Red">
    	<text>FN F2000突击步枪改内红点型</text>
	</string>
	<string id="FN_F2000-Red_info">
    	<text>FN F2000是由比利时公司Fabrique Nationale所制造的一种突击步枪。2001年3月在阿拉伯联合大公国阿布达比举行的IDEX展览会上首次正式展示。此把瞄具已改成内红点瞄准。</text>
	</string>
	<string id="AK-104_Tactical">
    	<text>AK-104突击步枪战术版</text>
	</string>
	<string id="AK-104_Tactical_info">
    	<text>AK-104是一枝由俄罗斯联邦枪械制造商伊茨玛希工厂：Izhmash 现称：Kalashnikov Concern研制及生产的卡宾枪，是AK-103突击步枪的缩短版本，而这又是沿袭自原来的AK-47及其后继的衍生型的AK-74的设计，是AK枪族成员之一。AK-104和AK-102、AK-105的设计上都非常相似，唯一的区别是口径和相应的弹匣类型。AK-104发射的是7.62×39公厘（M43）步枪子弹。此战术版本为加大弹夹由30发增加为45发。</text>
	</string>
	<string id="Browning_Auto-5">
    	<text>白朗宁Auto-5半自动霰弹枪</text>
	</string>
	<string id="Browning_Auto-5_info">
    	<text>白朗宁Auto-5[Browning Automatic 5]，简称：Auto-5、A-5，意为：白朗宁五发霰弹枪）是一枝由美国著名轻兵器设计家约翰·白朗宁、后座作用操作的半自动霰弹枪，可发射12号口径霰弹、16号口径霰弹或20号口径霰弹。这也是全球第一枝成功的自动装填霰弹枪的设计，甚至直到1998年仍然在生产。而“Automatic 5”之名是来自这枝自动装填霰弹枪的5发霰弹装弹量，其中4发霰弹就在管式弹仓内，另外1发就在膛室之内。</text>
	</string>
	<string id="Browning_Auto-5">
    	<text>白朗宁Auto-5半自动霰弹枪</text>
	</string>
	<string id="Browning_Auto-5_info">
    	<text>白朗宁Auto-5[Browning Automatic 5]，简称：Auto-5、A-5，意为：白朗宁五发霰弹枪）是一枝由美国著名轻兵器设计家约翰·白朗宁、后座作用操作的半自动霰弹枪，可发射12号口径霰弹、16号口径霰弹或20号口径霰弹。这也是全球第一枝成功的自动装填霰弹枪的设计，甚至直到1998年仍然在生产。而“Automatic 5”之名是来自这枝自动装填霰弹枪的5发霰弹装弹量，其中4发霰弹就在管式弹仓内，另外1发就在膛室之内。</text>
	</string>
	<string id="FW_900K">
    	<text>FAMAS突击步枪 G1改造型</text>
	</string>
	<string id="FW_900K_info">
    	<text>在特异区中的潜行者以FAMAS突击步枪 G1为基本改造而成，将上方的护木取下后装上3.5倍内红点瞄准镜，不过因为这种修改你无法装上灭音器了。</text>
	</string>
	<string id="M21">
    	<text>M21狙击步枪</text>
	</string>
	<string id="M21_info">
    	<text>M21狙击手武器系统（M21 Sniper Weapon System简称：M21 SWS）是一支半自动狙击步枪，是在M14自动步枪的基础上改进研制的。美军在越南战争时认为作战部队需要装备狙击步枪。结果M14自动步枪因为高精度、可靠及可短时间内再次射击（半自动，而非M40狙击步枪的旋转后拉式枪机）而被选来改装。1969年，岩岛兵工厂（Rock Island Arsenal）把1,435支M14装上国际比赛级枪管、Leatherwood Adjustable Ranging Telescope（ART）9倍瞄准镜、国际比赛级高精度子弹，成为XM21。直到1975年，XM21正式命名为M21 （其实在1969年12月早已非正式命名为M21）。美国陆军装备M21狙击步枪直到1988年，以旋转后拉式枪机的M24狙击步枪替换，然而M21仍然被继续辨用。</text>
	</string>
	<string id="M134_Minigun">
    	<text>M134迷你炮机枪</text>
	</string>
	<string id="M134_Minigun_info">
    	<text>M134迷你炮（Minigun）机枪是7.62mm口径的高转速多管旋转式机枪（每分3,000发），使用以外部供电能的加特林式的旋转枪管。“迷你炮”现在已经成为了外部供电来转动的加特林线膛枪的代名词，但有时候可能不管是不是需要外部供能来转动还是线膛或滑膛都会以“迷你炮”来称之。但较明确的来说，“迷你炮”最先还是指通用电气的产品，会称作“迷你”是因为与M61火神式机炮来比较的关系。</text>
	</string>
	<string id="Ammo_M134">
    	<text>M134迷你炮机枪弹药</text>
	</string>
	<string id="Ammo_M134_info">
    	<text>M134迷你炮（Minigun）机枪弹药炼，一捆两百发。</text>
	</string>
	<string id="Grawigun">
    	<text>重力控制枪</text>
	</string>
	<string id="Grawigun_info">
    	<text>特异区的科学家，使用金鱼等改变重力的神器制作出这把枪，可以将物品吸引过来，或是将物品射出。</text>
	</string>
	<string id="USP-1_info">
    	<text>步枪瞄准器USP-1，提供给PP-19野牛冲锋枪使用，不论白天或夜晚都有良好的射击视野。</text>
	</string>
	<string id="PK-A_info">
    	<text>РКА系列内红点是由位于白俄罗斯国营的Зенит –Беломо企业制造的，该厂从前苏联时代该厂便为苏联军方生产瞄准镜、望远镜、内红点等。</text>
	</string>
	<string id="SU-87/PVS-4">
    	<text>AN/PVS-4可夜视瞄准镜</text>
	</string>
	<string id="SU-87/PVS-4_info">
    	<text>AN/PVS－4式二代武器瞄准镜是由美国瓦洛公司电子器件部生产的一种小质量、被动式夜视瞄准镜，它的用途和早期的一代微光AN/PVS－2式星光镜一样提供轻武器夜间瞄准，但其性能更好。该瞄准具既可装在多种轻武器上，也可手持进行夜间侦察。</text>
	</string>
	<string id="Winchester-Kniazia">
    	<text>杜克的莫斯伯格M500战术型</text>
	</string>
	<string id="Winchester-Kniazia_info">
    	<text>莫斯伯格M500战术型该套件包括一个可伸缩式枪托、“霰弹枪保留系统”（Shotgun Retention System）、MIL-STD-1913式机匣导轨，前护木导轨系统和连破门制退器型枪管。是把好枪，难怪会有人把它从杜克的手中偷走。</text>
	</string>
	<string id="Striker">
    	<text>改进型霰弹枪“保泰特”。</text>
	</string>
	<string id="Striker_info">
    	<text>将霰弹枪-打击者特殊改造为7.62mm特殊弹的专用枪支，这把“保泰特”霰弹枪是根据科学家们的要求改进过的，只能使用一种子弹。一种带有跟踪标记功能的狙击子弹。这种子弹动能很小。几乎杀不死人。</text>
	</string>
	<string id="M16A1_Jurka_Poliaka">
    	<text>M16突击步枪Jurka Poliaka特别改装版</text>
	</string>
	<string id="M16A1_Jurka_Poliaka_info">
    	<text>由Jurka Poliaka进行轻量化改造，由原本的2.8KG降为2.1KG，但是装弹量由原本的30发降低为20发，使用5.56毫米口径弹药。</text>
	</string>
	<!-- 道具-->
	<string id="Krol_s_Diary">
    	<text>克罗尔的日记</text>
	</string>
	<string id="Krol_s_Diary_info">
		<text>“死亡笔记”，根据它的内容可知是属于一名外号叫'克罗尔'的潜行者首领的日志。他死在了死亡之城的地下墓穴里。里面还提到一个叫做'生物雷达[Bioradar]'的特殊机密设备。是从科学家那里偷的几个原型机。如果把'生物雷达[Bioradar]'挂在腰带上，当有变异生物接近时，设备的屏幕上就会显示它们的位置。想得到这种设备你得找一名叫做'泰克'的老潜行者。他最后一次出现在废弃区的某个地方。很显然，他参与了那次对科学家营地的抢劫，搞到了这种设备。</text>
	</string>
	<string id="Korze_Mandragory">
    	<text>曼德拉草</text>
	</string>
	<string id="Korze_Mandragory_info">
		<text>曼德拉草（Atropa Mandragora），茄科茄参属植物。原产地：欧洲。别名毒参茄、向阳花或毒苹果。广泛分布于南欧、北非和阿拉伯地区。叶子呈暗绿色，长20-40厘米，开黄绿色或紫红色的铃状小花，结卵圆形的果实。它的根呈现人型，或男或女，也有人不无嘲讽的说：更像胡萝卜或是防风草。因为外形像人，所以在古代的大多数欧洲人都相信曼德拉草能催情。据一些传说称：由一只母象因吃下了曼得拉草而发疯似地寻找公象。早古代的欧洲，人们常常会把将要接受死刑的男子的精液用来浇水，因为他们坚信这能够使催情的力量更大。曼德拉草，草药学里最令人害怕的一种植物。花语：恐怖（horror）。一种传说认为，曼德拉草具有邪恶的生命，种子则是地下已经死去的人创造的，目的也在于谋杀等等肮脏的目的。</text>
	</string>
	<string id="Kontener_Zachara">
    	<text>扎哈的箱子</text>
	</string>
	<string id="Kontener_Zachara_info">
		<text>扎哈的箱子 内装有神器</text>
	</string>
	<string id="Kontener_z_medykamentami">
    	<text>装有医疗补给的箱子</text>
	</string>
	<string id="Kontener_z_medykamentami_info">
		<text>装有医疗补给的箱子 所罗门正需要它</text>
	</string>
	<string id="Harmonica">
    	<text>口琴</text>
	</string>
	<string id="Harmonica_info">
		<text>老旧的口琴</text>
	</string>
	<string id="Guitar">
    	<text>一把有签名的吉它</text>
	</string>
	<string id="Guitar_info">
		<text>一把有着西洋乐团的签名吉它 上面签着 Richie Sambora</text>
	</string>
	<string id="Repair_kit">
    	<text>修理工具</text>
	</string>
	<string id="Repair_kit_info">
		<text>通用型修理箱，带有一个生物电损伤扫瞄装置。主要用于修理所有小型武器。可修复100%的损坏度。由维和部队的一所秘密军用实验室生产。运作原理是基于神器“水母”的变异特性。要使用这种修理箱，你必须带着“水母”神器。每次修理后，水母神器就会消失。因为要转化它所有的异常特性用于激活生物电扫瞄仪。</text>
	</string>
	<string id="Fleszka_Bandytow">
    	<text>快闪储存记忆体</text>
	</string>
	<string id="Fleszka_Bandytow_info">
		<text>沃洛宁被抢走的装有黑暗山谷通往封索线的快闪储存记忆体</text>
	</string>
	<string id="Mini_Gun_Part">
    	<text>组合M134迷你炮机枪的文件</text>
	</string>
	<string id="Mini_Gun_Part_info">
		<text>组合M134迷你炮机枪文件的其中一份</text>
	</string>
	<string id="Radioactive_Bread">
    	<text>辐射面包</text>
	</string>
	<string id="Radioactive_Bread_info">
		<text>被辐射污染的面包,不可食用!!</text>
	</string>
	<string id="Money">
    	<text>钱</text>
	</string>
	<string id="money_g_info">
		<text>钱，史特列洛克抢夺来的钱</text>
	</string>
	<string id="money_5_info">
		<text>一大笔钱，五千卢布</text>
	</string>
	<string id="money_10_info">
		<text>一大笔钱，一万卢布</text>
	</string>
	<string id="money_15_info">
		<text>一大笔钱，一万五千卢布</text>
	</string>	
	<string id="money_20_info">
		<text>一大笔钱，二万卢布</text>
	</string>
	<string id="money_25_info">
		<text>一大笔钱，二万五千卢布</text>
	</string>
	<string id="money_30_info">
		<text>一大笔钱，三万卢布</text>
	</string>
	<string id="money_50_info">
		<text>一大笔钱，五万卢布</text>
	</string>
	<string id="money_leila_info">
		<text>一大笔钱，丽娜给的两万卢布</text>
	</string>
	<string id="Letter_for_Sidorovich_01">
		<text>给西德洛维奇的信</text>
	</string>
	<string id="Letter_for_Sidorovich_01_info">
		<text>酒保要给西德洛维奇一份已编码后的讯息</text>
	</string>
	<string id="Letter_for_Barkeep">
		<text>给酒保的信</text>
	</string>
	<string id="Letter_for_Barkeep_info">
		<text>西德洛维奇要给酒保一份已编码后的讯息</text>
	</string>
	<string id="Letter_for_Voronin">
		<text>给沃洛宁将军的信</text>
	</string>
	<string id="Letter_for_Voronin_info">
		<text>酒保要给沃洛宁将军一份已编码后的讯息</text>
	</string>
	<string id="Letter_for_Sidorovich_02_info">
		<text>沃洛宁将军要给西德洛维奇一份已编码后的信</text>
	</string>
	<string id="Password">
		<text>代表通行证的徽章</text>
	</string>
	<string id="Password_info">
		<text>可进入维和部队营区的徽章</text>
	</string>
	<string id="Kinovsky_Cognac">
		<text>基诺斯基干邑白兰地</text>
	</string>
	<string id="Kinovsky_Cognac_info">
		<text>基诺斯基干邑白兰地在特异区中非常罕见，味道非常棒，非常好喝</text>
	</string>
	<string id="PDA_scout">
		<text>侦察员的PDA</text>
	</string>
	<string id="PDA_scout_info">
		<text>维和部队侦察员的PDA，在老磨房附近的尸体上发现的</text>
	</string>
	<string id="Skrzynka_z_minami">
		<text>一箱地雷</text>
	</string>
	<string id="Skrzynka_z_minami_info">
		<text>某人需要的一大箱地雷</text>
	</string>
	<string id="Anti_zombin">
		<text>抗丧尸化药</text>
	</string>
	<string id="Anti_zombin_info">
		<text>抗丧尸化药，可持续的抵制PSI射线，避免丧失心智，成为丧尸</text>
	</string>
	<string id="Kopyto_superdzika">
		<text>超级野猪的脚</text>
	</string>
	<string id="Kopyto_superdzika_info">
		<text>超级野猪的脚，肌肉的强轫度超乎想像，比一般野猪强轫快10倍，作成卤猪脚想必更加好吃</text>
	</string>	
	<string id="Stopa_pe_snorka">
    	<text>超史诺克的脚</text>
	</string>
	<string id="Stopa_pe_snorka_info">
    	<text>大概是含辐射的肉吃太多了，整个身体呈现绿色的史诺克所留下的脚</text>
	</string>
	<string id="Rka-poiamaca">
    	<text>骨折[长臂怪人]的手</text>
	</string>
	<string id="Rka-poiamaca_info">
    	<text>骨折[长臂怪人]的手，应该是使用猿人的四肢行动才让手腕拥有强健的肌肉</text>
	</string>
	<string id="Kozyna_paja">
    	<text>大型蜘蛛的脚</text>
	</string>
	<string id="Kozyna_paja_info">
    	<text>大型蜘蛛的脚，这种蜘蛛有着黑黄相间的身体，身体也非常的大</text>
	</string>
	<string id="Specjalny-hem">
    	<text>阻隔PSI射线的安全帽</text>
	</string>
	<string id="Specjalny-hem_info">
    	<text>有效阻隔PSI射线的安全帽</text>
	</string>
	<string id="Detektor-Emisji">
    	<text>电磁风暴侦测器</text>
	</string>
	<string id="Detektor-Emisji_info">
    	<text>可侦测到将要发生的电磁风暴的侦测器</text>
	</string>
	<string id="Dekoder-Charona">
    	<text>卡戎所需要的解码器</text>
	</string>
	<string id="Dekoder-Charona_info">
    	<text>卡戎所需要的解码器</text>
	</string>
	<string id="Przyrzd-￡azariewa">
    	<text>控制者之心-专用探测器</text>
	</string>
	<string id="Przyrzd-￡azariewa_info">
    	<text>克鲁格洛夫教授给的神器控制者之心-专用探测器</text>
	</string>
	<string id="Guide's_PDA">
    	<text>向导的PDA</text>
	</string>
	<string id="Guide's_PDA_info">
    	<text>晴空组织的向导拥有的PDA，其中有秘密通道的资讯</text>
	</string>
	<string id="Bar-Map">
    	<text>酒吧地图</text>
	</string>
	<string id="Bar-Map_info">
    	<text>酒吧及其周围区域的详细地图</text>
	</string>
	<string id="Doctor's_Flash_Drive">
    	<text>医生的快闪储存记忆体</text>
	</string>
	<string id="Doctor's_Flash_Drive_info">
    	<text>要交给探路者的'医生的快闪储存记忆体。你必须把医生的快闪储存记忆体交给探路者。作为交换他会告诉你一条从沼泽区穿过死亡之城通向军方仓库的秘密通道。</text>
	</string>
	<string id="One-time-Teleporter">
    	<text>单人单次使用的传送器</text>
	</string>
	<string id="One-time-Teleporter_info">
    	<text>一次性传送器。在关键时刻你可能用得上。可以从变异区任意地点传送到沼泽区。但传送器只能用一次，而且只能传送一个人。</text>
	</string>
	<string id="Nadajnik">
    	<text>医生的无线发报器</text>
	</string>
	<string id="Nadajnik_info">
    	<text>医生的无线发报器</text>
	</string>
	<string id="Scientist-Flash-card">
    	<text>科学家的快闪储存记忆卡</text>
	</string>
	<string id="Box_of_provisions">
    	<text>一箱粮食补给</text>
	</string>
	<string id="Box_of_provisions_info">
    	<text>一箱粮食补给，弗瑞斯特藏在钢琴中的最后紧急备用粮食，的看样子已经被打开过了，但是还有不少吃的。</text>
	</string>
	<string id="Adulin">
    	<text>阿图灵[Adulin]</text>
	</string>
	<string id="Adulin_info">
    	<text>阿图灵 - 一个强大的生化药剂，用于长时间的保护人类不受到精神方面的各种伤害效应和精神攻击。</text>
	</string>
	<string id="Metropolitan_Vodka">
    	<text>大都会伏特加</text>
	</string>
	<string id="Metropolitan_Vodka_info">
    	<text>大都会伏特加。这种东西在特异区非常的罕见，因此花费的成本也非常的高。好酒！大都会伏特加。</text>
	</string>
	<string id="Bomb">
    	<text>炸弹</text>
	</string>
	<string id="Bomb_info">
    	<text>炸弹。拥有一个10秒计时器。爆炸起来十分强大所以请小心飞出来的弹片。</text>
	</string>
	<string id="Remote_control">
    	<text>炸弹遥控器</text>
	</string>
	<string id="Remote_control_info">
    	<text>炸弹遥控器。设置爆炸时间是通过这个遥控器完成的。</text>
	</string>
	<string id="Ognioodporny-kontener">
    	<text>防火保险箱</text>
	</string>
	<string id="Ognioodporny-kontener_info">
    	<text>防火保险箱内的广域网路资讯</text>
	</string>
	<string id="Dysk-CD">
    	<text>光碟</text>
	</string>
	<string id="Dysk-CD_info">
    	<text>有分析动物的突变和观察的结果的CD，大约五年前由第一研究所到特异区观察与研究的结果，在电磁风暴的第二次爆炸后不久消失</text>
	</string>
	<string id="Plecak-z-medykamentami">
    	<text>装有药物的背包</text>
	</string>
	<string id="Plecak-z-medykamentami_info">
    	<text>装有强效药物的背包</text>
	</string>
	<!-- 神器 -->
	<string id="Ruby_Spring">
    <text>红宝石弹簧</text>
	</string>
	<string id="Ruby_Spring_info">
		<text>红宝石弹簧，一个看起来像“弹簧”独特的神器，但是是红色的。弱放射性，会发光。具有防止撞击和子弹阻力增加的保护效果。</text>
	</string>
		<string id="Ruby_Battery">
    <text>红宝石电池</text>
	</string>
	<string id="Ruby_Battery_info">
		<text>红宝石电池，一个看起来像规则“电池”的独特神器，但是是红色的。弱放射性，会发光，具有恢复强度和保护免受撞击和子弹的冲击，并增加了对电击的保护。</text>
	</string>
	<string id="Liquidator">
    	<text>清算者</text>
	</string>
	<string id="Liquidator_info">
		<text>非常稀有的神器，掉落在地下，它能清除掉半径范围15米内的所有的已知的各种变异点。因为这一特征，它被命名为“清算者”。另外，其它特性的绰号不太显著。而且它还是可以反覆使用的。</text>
	</string>
	<string id="Explorer_Rostok">
    	<text>罗斯托克找到的探测器</text>
	</string>
	<string id="Explorer_Rostok_info">
		<text>罗斯托克找到的探测器 最稀有的神器产地之一。"Elektra" 变异产物和超强的反重力能量场。它被命名为“探测器”，因为它拥有扭曲时空的能力，从而创造空间走廊，就是所谓的'秘密通道[Taynye Tropy]'，让你可以在之前无法到达的地方畅通无阻。用这个神器开通这类新路线只能由经验非常丰富的潜行者来操作。</text>
	</string>
	<string id="Wind-Rose">
    	<text>风玫瑰</text>
	</string>
	<string id="Wind-Rose_info">
		<text>风之玫瑰，最稀有神器产地之一。变异点'Frying' 的衍生产物，具有很强的辐射。但在一年里只有几次会发出强辐射。对于此神器充满未知。</text>
	</string>
	<string id="Himeron">
    	<text>定时器</text>
	</string>
	<string id="Himeron_info">
		<text>“定时器”是神秘护身符的第一类型。如果你把它挂在皮带上，那么佩戴者会受到防止触电10%的保护和防止爆炸的10%保护。具备轻微放射性。</text>
	</string>
	<string id="Dragon">
    	<text>龙</text>
	</string>
	<string id="Dragon_info">
		<text>“龙”是神秘护身符的第二类型。如果你把它挂在皮带上，那么佩戴者会从烧伤包括化学烧伤获得10%的保具备轻微放射性。</text>
	</string>
	<string id="Avalon">
    	<text>远离一切的理想乡</text>
	</string>
	<string id="Avalon_info">
		<text>“远离一切的理想乡”是神秘护身符的第三类型。如果你把它挂在皮带上，那么佩戴者会受到防止爆炸的10%的保护和防止子弹冲击的10%的保护。具备轻微放射性。</text>
	</string>
	<string id="Sarkon">
    	<text>指日可待</text>
	</string>
	<string id="Sarkon_info">
		<text>“指日可待”是神秘护身符的第四类型。如果你把它挂在皮带上，那么佩戴者会得到免受辐射15%真正的保护，在同一时间，还可以小程度的阻止触电。</text>
	</string>
	<string id="Garganon">
    	<text>加尔戈孔恩</text>
	</string>
	<string id="Garganon_info">
		<text>“加尔戈孔恩”是神秘护身符的第五类型。如果你把它挂在皮带上，然后佩戴者会受到对心灵感应的影响15%的保护，具备轻微放射性。	</text>
	</string>
	<string id="Catalonia">
    	<text>“加泰隆尼亚”</text>
	</string>
	<string id="Catalonia_info">
		<text>加泰隆尼亚是神秘护身符的催化剂，具备轻微放射性。如果你把它连同护身符收集所有五以前类型放在一起，它能催化魔法护身符的形成过程从而代替六个（之前的护身符）将成为一个充满“魔力”的护身符，它具备其他五个类型护身符的双倍保护，和这所有的一切，而它并不具备放射性。</text>
	</string>
	<string id="Ward">
    	<text>保卫者</text>
	</string>
	<string id="Ward_info">
		<text>Amulet Charm（魔力护身符）,神奇的催化剂拥有五种特性，带着催化后的护身符。五个“原始”的防护属性加倍，但是，与他们不同的是，它没有放射性，没有负面的特性。此外，增加了40%的冲击保护和显著增加耐力值。</text>
	</string>
	<string id="Snake-Eyes">
    	<text>蛇眼</text>
	</string>
	<string id="Snake-Eyes_info">
		<text>一种独特的神器，能让它的携带者拥有透视能力。</text>
	</string>
	<string id="Conductor-Agroprom">
    	<text>农业研究所找到的鹅卵石[Cobblestone]</text>
	</string>
	<string id="Conductor-Agroprom_info">
		<text>最稀有的神器产地之一。"Elektra" 变异产物和超强的反重力能量场。它被命名为“资源管理器”，因为它拥有扭曲某些时空的能力，从而创造空间走廊，就是所谓的秘密通道[Taynye Tropy]，让你可以在之前无法到达的地方畅通无阻。用这个神器开通这类新路线只能由经验非常丰富的潜行者来操作。</text>
	</string>
	<string id="Conductor-Cordon">
    	<text>封锁线找到的鹅卵石[Cobblestone]</text>
	</string>
	<string id="Conductor-Cordon_info">
		<text>最稀有的神器产地之一。"Elektra" 变异产物和超强的反重力能量场。它被命名为“资源管理器”，因为它拥有扭曲某些时空的能力，从而创造空间走廊，就是所谓的秘密通道[Taynye Tropy]，让你可以在之前无法到达的地方畅通无阻。用这个神器开通这类新路线只能由经验非常丰富的潜行者来操作。</text>
	</string>
	<string id="Conductor-Warehouses">
    	<text>军方仓库找到的鹅卵石[Cobblestone]</text>
	</string>
	<string id="Conductor-Warehouses_info">
		<text>最稀有的神器产地之一。"Elektra" 变异产物和超强的反重力能量场。它被命名为“资源管理器”，因为它拥有扭曲某些时空的能力，从而创造空间走廊，就是所谓的秘密通道[Taynye Tropy]，让你可以在之前无法到达的地方畅通无阻。用这个神器开通这类新路线只能由经验非常丰富的潜行者来操作。</text>
	</string>
	<string id="Superconductor">
    	<text>超级领航员[Superconductor]</text>
	</string>
	<string id="Superconductor_info">
		<text>最稀有的神器产地之一。"Elektra" 变异产物和超强的反重力能量场。它被命名为“超导体”，因为它拥有扭曲很长一段时空的能力，从而创造空间走廊，就是所谓的秘密通道[Taynye Tropy]，让你可以在之前无法到达的地方畅通无阻。不同于更低级的 "mladshih_bratev" 导体，它能同时启动几条时空通路。启动时你只需要拿着这神器。只是要找到这种神器是极其困难的。它只会短暂现身，大概一小时，凌晨一点到两点时才会出现在某些地方。如果在这期间没被找到，它就会消失。再想有机会找到它，最少也是三天后了。用这个神器开通这类新路线只能由经验非常丰富的潜行者来操作。</text>
	</string>
</string_table>

