﻿<?xml version="1.0" encoding="UTF-8"?>
<string_table>
  <string id="wanderer">
    <text>漫游者</text>
  </string>
  <string id="ucheniy">
    <text>生态学家</text>
  </string>
  <string id="usa">
    <text>维和士兵</text>
  </string>
  <string id="hunter">
    <text>佣兵</text>
  </string>
  <string id="newstalk">
    <text>潜行者</text>
  </string>
  <string id="enc_weapons1_rg10_ognemet">
   <text>军用火焰喷射器，“迅雷10”，是Kashalot-1军事基地里的技师们以“旱天雷”为基础研发而成的。弹药：VOG40型燃烧弹。</text>
  	</string>
		<string id="wpn-rg10_ognemet">
		<text>迅雷10火焰喷射器</text>
	</string>
	<string id="mine_1_name">
		<text>土制地雷</text>
	</string>
	<string id="mine_2_name">
		<text>改良版土制地雷</text>
	</string>
	<string id="mine_3_name">
		<text>电击地雷</text>
	</string>
	<string id="mine_1_description">
		<text>土制地雷，军用方面一般用于外围防御。\n 半径 - 1M.伤害:20. 启动时间:10秒。</text>
	</string>
	<string id="mine_2_description">
		<text>升级版土制地雷。它的威力和杀伤半径让它享誉变异区。 \n 半径 -3M.伤害:35. 启动时间:10秒。</text>
	</string>
	<string id="mine_3_description">
		<text>这是军方科学家的最新研究结果。 被引发时是靠放电来杀死敌人。 \n 半径 - 6M. 伤害:60.启动时间:10秒。</text>
	</string>
</string_table>