﻿	<string id="rad_barman_spam">
		<text>史特列洛克！？你还活着！？太好了！那么你打算关闭焦脑器，嗯？每个人都想要经过皮里皮亚特到变异区中心去。没有人知道那边…或许有一堆的神器，或是可以有什么东西实现愿望。\n 现在有一群老兵准备往那里去，如果你动作快一点，你或许可以赶上加入他们。我会让他们知道你要过去，这样他们就会先等你。</text>
	</string>
	<string id="tips_bun_komand">
		<text>第1小队跟第2小队--检查一楼，第3小队--大厅，4跟5小队--检查二楼</text>
	</string>
	<string id="tips_rad_sos_suicide">
		<text>…救我，我要死了…</text>
	</string>
	<string id="tips_rad_switcher_press">
		<text>要关掉机器，按下($$ACTION_USE$$)</text>
	</string>
