﻿<?xml version="1.0" encoding="UTF-8" ?>
<string_table>
<!-- #include "text\eng\string_table_amk_ammo_desc.xml" -->

<string id="wpn-ak47">
    <text>AK-47</text>
</string>
<string id="enc_weapons1_wpn-ak47">
    <text>1947版本的卡拉什尼科夫自动冲锋枪，使用的是7.62x39mm的弹药，虽然大规模生产的便宜价格使得它的实用性以及在战斗中的准确性有一定的折扣，但是它是一把非常简单并且可靠的武器。在特异区这把武器是及其稀少的，因为在军队的兵工厂中不存在它。 \n 弹药： \n 通用7.62x39mm， \n 穿甲弹7.62x39mmAP</text>
</string>
<string id="enc_weapons1_ammo_ammo-7.62x39-ap">
    <text>适用于AK47和AK104T的穿甲弹弹夹。提高了子弹的穿甲性能。</text>
</string>
<string id="enc_weapons1_ammo_ammo-7.62x39-fmj">
    <text>适用于AK47和AK104T的标准弹夹，单核心子弹。</text>
</string>
<string id="ammo-7.62x39-fmj">
    <text>7.62x39mm口径 全金属包覆弹</text>
</string>
<string id="ammo-7.62x39-fmj_s">
    <text>7.62x39mm</text>
</string>
<string id="ammo-7.62x39-ap">
    <text>7.62x39mm口径 穿甲弹</text>
</string>
<string id="ammo-7.62x39-ap_s">
    <text>7.62x39mm</text>
</string>
	<string id="Ammo">
		<text>弹药</text>
	</string>
	<string id="ammo-11.43x23-fmj">
		<text>.45ACP子弹</text>
	</string>
	<string id="ammo-11.43x23-fmj_s">
		<text>.45ACP</text>
	</string>
	<string id="ammo-11.43x23-hydro">
		<text>.45ACP Hydro-Shock 空心弹</text>
	</string>
	<string id="ammo-11.43x23-hydro_s">
		<text>0.45Hydro 弹</text>
	</string>
	<string id="ammo-12x70-buck">
		<text>12х70 鹿弹</text>
	</string>
	<string id="ammo-12x70-buck_s">
		<text>12х70 鹿弹</text>
	</string>
	<string id="ammo-12x76-dart">
		<text>12x76 镖弹</text>
	</string>
	<string id="ammo-12x76-dart_s">
		<text>12x76 镖弹</text>
	</string>
	<string id="ammo-12x76-zhekan">
		<text>12x76 重鹿弹</text>
	</string>
	<string id="ammo-12x76-zhekan_s">
		<text>12x76 重鹿弹</text>
	</string>
	<string id="ammo-5.45x39-ap">
		<text>5.45x39 mm BP弹</text>
	</string>
	<string id="ammo-5.45x39-ap_s">
		<text>5.45x39 mm BP</text>
	</string>
	<string id="ammo-5.45x39-fmj">
		<text>5.45x39 mm弹</text>
	</string>
	<string id="ammo-5.45x39-fmj_s">
		<text>5.45x39</text>
	</string>
	<string id="ammo-5.56x45-ap">
		<text>5.56x45 mm AP穿甲枪弹</text>
	</string>
	<string id="ammo-5.56x45-ap_s">
		<text>5.56 AP穿甲枪</text>
	</string>
	<string id="ammo-5.56x45-ss190">
		<text>5.56x45 mm SS109弹</text>
	</string>
	<string id="ammo-5.56x45-ss190_s">
		<text>5.56 SS</text>
	</string>
	<string id="ammo-7.62x54-7h1">
		<text>7.62x54 mm 7N1弹</text>
	</string>
	<string id="ammo-7.62x54-7h1_s">
		<text>7,62 7N1</text>
	</string>
<string id="ammo-7.62x54-7h13">
    <text>Rounds 7.62x54R 7N13</text>
</string>
<string id="ammo-7.62x54-7h13_s">
    <text>of 7.62x54R 7N13</text>
</string>
<string id="ammo-7.62x54-ap">
    <text>Rounds 7.62x54R 7N14弹</text>
</string>
<string id="ammo-7.62x54-ap_s">
    <text>7.62x54R 7N14</text>
</string>
<string id="ammo-9x18-fmj">
    <text>9x18mm 口径 全金属包覆弹</text>
</string>
<string id="ammo-9x18-fmj_s">
    <text>9x18</text>
</string>
<string id="ammo-9x18-pmm">
    <text>Rounds 9x18mm PBM</text>
</string>
<string id="ammo-9x18-pmm_s">
    <text>9x18 PBM</text>
</string>
<string id="ammo-9x19-fmj">
    <text>9x19口径 全金属包覆弹</text>
</string>
<string id="ammo-9x19-fmj_s">
    <text>9x19 FMJ</text>
</string>
<string id="ammo-9x19-pbp">
    <text>Rounds 9x19 PBP</text>
</string>
<string id="ammo-9x19-pbp_s">
    <text>9x19 PBP</text>
</string>
<string id="ammo-9x39-ap">
    <text>Rounds 9x39 SP-6</text>
</string>
<string id="ammo-9x39-ap_s">
    <text>9x39 SP-6</text>
</string>
<string id="ammo-9x39-pab9">
    <text>Rounds 9x39 PAB-9</text>
</string>
<string id="ammo-9x39-pab9_s">
    <text>9x39 PAB-9</text>
</string>
<string id="ammo-9x39-sp5">
    <text>Rounds 9x39 SP-5</text>
</string>
<string id="ammo-9x39-sp5_s">
    <text>9x39 SP-5</text>
</string>
<string id="ammo-gauss">
    <text>高斯弹</text>
</string>
<string id="ammo-gauss_s">
    <text>高斯步枪</text>
</string>
<string id="ammo-m209">
    <text>M209手榴弹</text>
</string>
<string id="ammo-m209_s">
    <text>M-209</text>
</string>
<string id="ammo-og-7b">
    <text>OG-7V手榴弹</text>
</string>
<string id="ammo-og-7b_s">
    <text>OG-7V</text>
</string>
<string id="ammo-vog-25">
    <text>VOG-25枪榴弹</text>
</string>
<string id="ammo-vog-25_s">
    <text>VOG-25</text>
</string>
<string id="ammo-vog-25p">
    <text>VOG-25R枪榴弹</text>
</string>
<string id="ammo-vog-25p_s">
    <text>VOG-25R</text>
</string>
<string id="enc_weapons1_ammo_ammo-11.43x23-fmj">
    <text>给沙漠之鹰,柯尔特1911, SIG 220, USP手枪用的标准子弹，它拥有标准的核心和全包覆的弹头设计。</text>

</string>
<string id="enc_weapons1_ammo_ammo-11.43x23-hydro">
    <text>空尖弹 - c给沙漠之鹰,柯尔特1911, SIG 220, USP手枪用的空尖弹，对于没有穿着防弹衣的人跟生物而言这种弹头相当致命，但遇上防弹衣的话这种弹种几乎无法造成伤害。</text>

</string>
<string id="enc_weapons1_ammo_ammo-12x70-buck">
    <text>标准12发的6mm霰弹匣，在近距离有强大的杀伤力，专门设计给BM 17、Chaser 13跟SPSA14霰弹枪使用。它的有效距离通常低于30公尺。</text>
</string>
<string id="enc_weapons1_ammo_ammo-12x76-dart">
    <text>一个带鳍的子弹，在飞行时非常稳定，可以提升准确度，专门设计给TOS 34、BM 17、Chaser 13跟SPSA14霰弹枪使用。它有穿甲能力和增强射距的效果。它的有效距离超过150公尺。.</text>

</string>
<string id="enc_weapons1_ammo_ammo-12x76-zhekan">
    <text>一种裸弹，通常用于大型猎捕，也可以做为其他用途。它的重子弹没有穿刺能力，但可以因为自身的力道来穿破防弹背心，专门设计给TOS 34、BM 17、Chaser 13跟SPSA14霰弹枪使用。它的有效距离超过100公尺。</text>
</string>
	<string id="enc_weapons1_ammo_ammo-5.45x39-ap">
		<text>设计给Akm 74/2、Akm 74/2U、ON-94步枪用的穿甲弹。它拥有改进的穿甲能力，但是阻碍效果较差。</text>
	</string>
	<string id="enc_weapons1_ammo_ammo-5.45x39-fmj">
		<text>设计给Akm 74/2、Akm 74/2U和Obokan步枪用的标准子弹，它拥有标准的核心和全包覆的弹头设计。</text>
	</string>
	<string id="enc_weapons1_ammo_ammo-5.56x45-ap">
		<text>设计给IL 86、TRs 301、SGI 5k、GP 37和FT 2000步枪用的穿甲弹。</text>
	</string>
	<string id="enc_weapons1_ammo_ammo-5.56x45-ss190">
		<text>标准的NATO规格子弹，符合闻名的比利时 SS109 index规定，使用在IL 86、TRs 301、SGI 5k、GP 37和FT 200M步枪之上。</text>
	</string>
<string id="enc_weapons1_ammo_ammo-7.62x54-7h13">
    <text>最新的适用于SVD以及SVU-ACE的7.62mm狙击弹药。 \n 7N13，抛开那些近似的狙击子弹弹道数据，它在平均距离上都有极大的弹道散落，即使如此，这种子弹拥有更进一步的穿甲性能，因为其子弹在铸造的时候里面引入了穿甲弹芯。</text>
</string>
<string id="enc_weapons1_ammo_ammo-7.62x54-7h14">
    <text>用于SVDm 2、SVUmk2狙击枪的狙击弹，加强了准度和射距。</text>
</string>
<string id="enc_weapons1_ammo_ammo-7.62x54-7h1">
    <text>7N1（TsP）-狙击步枪SVD，SVU-ACE以及PKM机枪的狙击手授权弹药 \n Nesmotrya在1967年接受了7N1用于军用装备的决定,其比7N13的子弹散落好了2-3倍。但是因为使用钝的末端作为钢10的子弹末端，TsP的子弹并没有太多的击穿伤害。</text>
</string>
	<string id="enc_weapons1_ammo_ammo-9x18-fmj">
		<text>用于PMm、PB1s、Fort-12Mк2手枪的子弹，它拥有标准的核心和全包覆的弹头设计，和轻微的穿甲能力。</text>
	</string>
	<string id="enc_weapons1_ammo_ammo-9x18-pmm">
		<text>用于PMm、PB1s、Fort-12Mк2手枪，改良过弹道特性的子弹。因为该子弹的高初速特性，它的效应比一般子弹来得强，拥有较佳的穿甲能力。</text>
	</string>
	<string id="enc_weapons1_ammo_ammo-9x19-fmj">
		<text>用于Walker P9m跟Viper 5机关枪的标准子弹，它拥有全包覆的弹头设计，和轻微的穿甲能力。</text>
	</string>
	<string id="enc_weapons1_ammo_ammo-9x19-pbp">
		<text>用于Walker P9m跟Viper 5机关枪的改良子弹。配有高爆药的中空弹，拥有穿甲弹心。</text>
	</string>
	<string id="enc_weapons1_ammo_ammo-9x39-ap">
		<text>用于Tunder S14、VLA步枪和Vintar特殊狙击枪的穿甲弹。它是次音速子弹，它的特别设计可以穿透400公尺外大部分的防弹背心。</text>
	</string>
	<string id="enc_weapons1_ammo_ammo-9x39-pab9">
		<text>用于Tunder S14、VLA步枪和Vintar特殊狙击枪的子弹。属于较后期和简单校正的穿甲弹。它是次音速子弹，它的特别设计可以穿透300公尺外大部分的防弹背心。</text>
	</string>
	<string id="enc_weapons1_ammo_ammo-9x39-sp5">
		<text>用于Tunder S14、VLA步枪和Vintar特殊狙击枪的狙击弹。它是次音速子弹，因为它的重量和特别设计，让它可以穿透400公尺外大部分的防弹背心。</text>
	</string>
	<string id="enc_weapons1_ammo_ammo-gauss">
		<text>能源槽已经充满致命元素的高斯枪弹匣。它的能源来源是一个闪光神器的封装物件。</text>
	</string>
	<string id="enc_weapons1_ammo_ammo-m209">
		<text>M203榴弹发射器（可以装备在TRs 301、 GP 37、SGI 5k、IL 86）以及FT 200M榴弹发射器用的榴弹，</text>
	</string>
	<string id="enc_weapons1_ammo_ammo-og-7b">
		<text>给RPG-7u使用的高爆性榴弹。它可以用来对付一群军队和小型的装甲车辆。</text>
	</string>
	<string id="enc_weapons1_ammo_ammo-vog-25">
		<text>给GP-25 Kostyer榴弹发射器、Tunder一体式榴弹发射器、和Bulldog 6转轮式榴弹发射器用的榴弹。</text>
	</string>
	<string id="enc_weapons1_ammo_ammo-vog-25p">
		<text>给GP-25 Kostyer榴弹发射器、Tunder S14榴弹发射器、和Bulldog 6转轮式榴弹发射器用的榴弹。榴弹会在目标一米前炸开以提高它的杀伤力。</text>
	</string>
	<string id="enc_weapons1_grenade-f1">
		<text>一个防御型的手榴弹，拥有大范围的碎片杀伤力。建议在投掷时最好躲在掩体后面。</text>
	</string>
	<string id="enc_weapons1_grenade-gd05">
		<text>烟雾弹，用来制造烟雾幕，持续时间约10秒钟。</text>
	</string>
	<string id="enc_weapons1_grenade-rgd5">
		<text>一个攻击型的手榴弹，拥有小范围的碎片杀伤力。</text>
	</string>
	<string id="enc_weapons1_wpn-abakan">
		<text>俄罗斯菁英部队用的武器。它设计用来取代过时的Akm 74/2。它不只拥有Obokan的内部机心结构，它的弹槽跟进弹器是可以活动的，这个设计降低了枪枝的弹跳，提升了射击的准确度。\n 弹药：\n 标准5.45x39 mm子弹。\n 5.45x39 mm BP穿甲弹。</text>
	</string>
	<string id="enc_weapons1_wpn-abakan_m1">
		<text>机关枪提供了一个瞄准装置来供瞄准射击。这个装置嵌入枪身之中，比起一般型号拥有更高的解析度。</text>
	</string>
	<string id="enc_weapons1_wpn-abakan_m2">
		<text>特定的机关枪在枪管下方拥有一体式的榴弹发射器，这让它变成一个更多用途的武器。</text>
	</string>
	<string id="enc_weapons1_wpn-addon-grenade-launcher">
		<text>给Akm 74/2、km 74/2U用的榴弹发射器。\n 弹药：VOG-25枪榴弹。\n 以及VOG-25R枪榴弹。</text>
	</string>
	<string id="enc_weapons1_wpn-addon-grenade-launcher-m203">
		<text>给SGI 5k、TRs 301、GP 37以及IL 86用的榴弹发射器。\n 弹药：M209枪榴弹。</text>
	</string>
	<string id="enc_weapons1_wpn-addon-scope">
		<text>一个被广泛使用的苏联瞄准镜。瞄准镜可以使用华沙公约规格的镜桥接在枪上使用。</text>
	</string>
	<string id="enc_weapons1_wpn-addon-scope-susat">
		<text>符合NATO规格的4-X瞄准镜。它可以接在标准NATO规格的滑轨上，同时也被称为皮卡汀尼导轨。</text>
	</string>
	<string id="enc_weapons1_wpn-addon-silencer">
		<text>由特异区枪匠打造的高效率灭音器。这个组合包含了一个适用于任何武器的接环。</text>
	</string>
	<string id="enc_weapons1_wpn-ak74">
		<text>拥有折叠托的冲锋枪，1974形式，使用5.45x39 mm子弹。它是简单又可靠的武器，但是廉价的制造品质影响了它的工作和准度。在特异区中，它是军队潜行者跟许多个人战士的武器。\n 弹药：\n 标准5.45x39 mm子弹。\n 5.45x39 mm BP穿甲弹。</text>
	</string>
	<string id="enc_weapons1_wpn-ak74_m1">
		<text>改良过的闭锁系统可以增进射速。</text>
	</string>
	<string id="enc_weapons1_wpn-ak74u">
		<text>Akm 74/2U的重量和尺寸跟那些冲锋枪很接近，但它的操作模式、和它使用的弹药就很像步枪。它的优点在于在城市战或是丛林战时，它的小体积很方便，但却还是拥有较高的穿透力。它主要的缺点在于有限的准确射距和容易过热的枪管。\n 弹药：\n 标准5.45x39 mm子弹。\n 5.45x39 mm BP穿甲弹。</text>
	</string>
<string id="enc_weapons1_wpn-ak74u_m1">
    <text>弹药 - \n ． 5.45x39mm -基本\n ． 5.45x39mm穿甲弹 -穿甲弹 \n 基本版的改进型。据说这个自动机器是在垃圾场那里堆满生锈的废铁之前发现的，不过本身那个地方就有三个月存在着链式重力变异点。不过这就是奇怪的地方了，ACE已经证明了在其最佳状态之前机器存在于变异点之中已经使变异点以一种奇怪的方式作用与其之上了：从这台机器里面出来的子弹会有着更多的能量。它的存在简直拯救了那些带着消音器的武器。</text>
</string>
	<string id="enc_weapons1_wpn-beretta">
		<text>由美国陆军和警察所使用，同时也被世界上许多军警单位使用。因为它的高爆药弹药跟高弹量的弹匣设计，让它也受到了罪犯的青睐。\n 弹药：\n 标准9x19 mm FMJ子弹。\n 改良9x19 mm PB1s子弹。</text>
	</string>
	<string id="enc_weapons1_wpn-bm16">
		<text>一个锯短枪管的BM 17来福枪。跟原始的双管版本它比较轻也比较好携带，但它的有效射距只有很短的距离。这个武器通常被初学者广泛使用。\n 弹药：\n 12x70 鹿弹。\n 12x76 重弹头。\n 12x76弹镖。</text>
	</string>
	<string id="enc_weapons1_wpn-colt_m1">
		<text>受雇杀手的的武器。值得信赖的老式kora枪，装备有不可替换的灭音器。</text>
	</string>
	<string id="enc_weapons1_wpn-colt1911">
		<text>一把好枪，出现在20世纪所有的冲突，带着荣耀和信心进入新的世纪。它的小尺寸弹匣用了高爆性的子弹来补偿。\n 弹药：\n 改良过的.45 ACP水力冲压弹。</text>
	</string>
	<string id="enc_weapons1_wpn-desert-eagle">
		<text>一把给真正英雄的真正好枪。它很大、很重、很具破坏力。因为它的尺寸和价钱让它在特异区中不是很受欢迎。毕竟，你不是每天都需要猎杀大象的！\n 标准.45ACP子弹。\n 改良过的.45 ACP水力冲压弹。</text>
	</string>
	<string id="enc_weapons1_wpn-eagle_m1">
		<text>一把原本就威力十足的枪，又改装使用步枪子弹，在近战中的确是一个杀人机器。</text>
	</string>
	<string id="enc_weapons1_wpn-fn2000">
		<text>一把装有榴弹发射器的步枪。它装有电子射控模组和一个40-mm的榴弹发射器。\n 弹药：标准5.56x45 mm SS109子弹。\n 5.56x45 mm АР穿甲弹。</text>
	</string>
	<string id="enc_weapons1_wpn-fort">
		<text>乌克兰警用手枪，用来取代PMm。跟其它的手枪相比，它改进了准度、人体工学和大型的弹匣，但它少了点可靠性。\n 弹药：\n 标准9x18 mm子弹。\n 改良过的9x18 mm +P+子弹。</text>
	</string>
	<string id="enc_weapons1_wpn-fort_m1">
		<text>实验性要塞枪的原型。</text>
	</string>
	<string id="enc_weapons1_wpn-g36">
		<text>一把德国步枪。它是现代武器一年级生的样本：它很轻、可信赖、并且符合人体工学设计。\n 弹药：\n 标准5.56x45 mm SS109子弹。\n 5.56x45 mm АР穿甲弹。</text>
	</string>
<string id="enc_weapons1_wpn-g36_m1">
    <text>基础性的改进版。即使G36已经是特异区中最好的突击步枪之一了。但是它那极高的战斗性能还是有可能能够提升的。黑石组织里面的一个成员被推测曾经将“重力”神器给磨成了粉并且使用粉末擦拭了抢的内外表面。这样的做法导致了其威力和准确性都有了致命性的提升。 \n 子弹： \n 通用5.56x45mm SS109， \n 穿甲弹 5.56x45mmAR</text>
</string>
	<string id="enc_weapons1_wpn-gauss">
		<text>由特异区科学家制造出来一把超级准的武器。它近乎无声，因为使用了神器的能量来取代原本子弹火药推进的设计。尽管高斯枪的火力强大，它的后座力却非常微小。准度和这把枪的火力远远超越其它小型枪枝。\n 弹药：\n 2-mm高斯弹。</text>
	</string>
	<string id="enc_weapons1_wpn-groza">
		<text>装备有榴弹发射器的步枪，这是一把非常合适特异区状况使用的步枪：它很容易携带、很可靠、多用途但火力强大。Tunder S14是军队潜行者最喜欢的一把步枪。\n 弹药：\n 标准x39 mm PAB-9子弹。\n  9x39 mm SP-6穿甲弹。\n 9x39 mm SP-5狙击弹。\n 用于榴弹发射器的 VOG-25、VOG-25R枪榴弹。</text>
	</string>
	<string id="enc_weapons1_wpn-groza_m1">
		<text>特制的枪管是潜行者工匠的其中一项优异设计，这让步枪可以使用更多种不同的5.45 mm子弹。</text>
	</string>
<string id="enc_weapons1_wpn-groza_m2">
    <text>弹药 - \n ． 7.62x39mm - 基础弹 \n ． 7.62x39mm AP - 穿甲弹 \n 组合榴弹发射器弹药 - \n ． VOG-25榴弹 \n这种武器是其中某个武器制造者上交给沃罗宁将军的，并以此作为拯救生命时的奖励。配备给军队特种部队的“雷暴-1”型号广泛使用的是7x62 x39子弹。自动武器中就70%而言的AKM是标准化的，而且使用的是标准的AKMovskie弹药。</text>
</string>
	<string id="enc_weapons1_wpn-hpsa">
		<text>这把手枪可以说是20世纪最棒的手枪了。它可以信赖、威力强大并且拥很好的弹着点。它的弹匣最多可以装13发子弹。\n 弹药：\n 标准9x19 mm FMJ子弹。\n 改良的9х19 mm PB1s子弹。</text>
	</string>
	<string id="enc_weapons1_wpn-knife">
		<text>猎刀</text>
	</string>
	<string id="enc_weapons1_wpn-l85">
		<text>在英国陆军把他们的步枪改成德国制的GP 37后，它就第一次大量的出现在黑市。然后流入特异区中。IL 86的主要优势是一个标准的4-x瞄准镜和初射的掏准确率。在连发模式，它的准确率会逐渐降低，它的主机械结构并不是那么的值得信赖。\n 弹药：\n 标准5.56x45 mm SS109子弹。\n 5.56x45 mm АР穿甲弹。</text>
	</string>
	<string id="enc_weapons1_wpn-l85_m1">
		<text>经过几次调整枪管的喷火效应降低了。</text>
	</string>
	<string id="enc_weapons1_wpn-l85_m2">
		<text>装备有一体式灭音器的武器。许多地方都改装了比较轻的部件，让这把武器明显的变轻了。</text>
	</string>
	<string id="enc_weapons1_wpn-lr300">
		<text>一把有效射距超过300公尺的轻型步枪。藉由它特殊的轻扣扳机的力道、高人体工学设计和低重量，让这把武器有很高的准确度。不过它对尘土很敏感，并且不适用于恶劣的环境。\n 弹药：\n 标准5.56x45 mm SS109子弹。\n 5.56x45 mm АР穿甲弹。</text>
	</string>
	<string id="enc_weapons1_wpn-lr300_m1">
		<text>调整风暴武器改为单发射击，这是假定它要改为狙击步枪的简单操作。</text>
	</string>
	<string id="enc_weapons1_wpn-mp5">
		<text>一把冲锋枪中的最佳武器。在20世纪的最后十年，它被世界各地许多国家军、警、特殊部队所采用。当它被更新型式的武器取代后，就出现在黑市之中，接着就流入了特异区。\n 弹药：\n 标准9x19 mm FMJ子弹。\n 改良过的9x19 mm PB1s子弹。</text>
	</string>
	<string id="enc_weapons1_wpn-mp5_m1">
		<text>轻量、携带方便、现在更被调整成适合不同的口径，这把机关枪是初学者的最佳选择。</text>
	</string>
	<string id="enc_weapons1_wpn-mp5_m2">
		<text>基本型式的变化版，加入了一个不可以拆卸的灭音器。</text>
	</string>
	<string id="enc_weapons1_wpn-pb">
		<text>装配有一体式灭音器的手枪，曾被苏联特殊部队使用。它现在已经过时了，但在吝啬鬼的手中，仍然是非常有效的。\n 弹药：\n 标准9x18 mm子弹。\n 改良过的9x18 mm +P+子弹。</text>
	</string>
	<string id="enc_weapons1_wpn-pm">
		<text>在特异区中使用最多的手枪，它是苏联时期的传奇。它简单又可靠，低弹量的弹匣、低火力和不是很好的弹着点。它是潜行者新手的主要武器。\n 弹药：\n 标准9x18 mm子弹。\n 改良过的9x18 mm +P+子弹。</text>
	</string>
	<string id="enc_weapons1_wpn-rg-6">
		<text>一个转轮式的榴弹发射器。有时，它是不可或缺的，特别是当面对大量的异种生物、攻击防御良好的固定目标、或是对抗特别强悍的生物时。\n 弹药：\n VOG-25枪榴弹。\n VOG-25R枪榴弹。</text>
	</string>
	<string id="enc_weapons1_wpn-rg6_m1">
		<text>一个变化版的转轮式榴弹发射器。这个形式是特别用来配合西方规格的枪榴弹。</text>
	</string>
	<string id="enc_weapons1_wpn-rpg7">
		<text>一个发展于1960年代的榴弹发射器。像这样的榴弹发射器在陆军仓库中都有大量个存货，有人就从那边偷运到了特异区中。对潜行者来说这是个稀有的武器：它的大体积和高重量让它不受欢迎，不过在某些任务中它是不可或缺的。\n 弹药：\n OG-7V枪榴弹。</text>
	</string>
	<string id="enc_weapons1_wpn-sig_m1">
		<text>这个武器是为了城市战所制造的。为了降低重量，一些部件都被拿掉或是更换，因此，它无法加装瞄准镜或是榴弹发射器。但至少它的重量比起以前要轻了快一半以上。</text>
	</string>
	<string id="enc_weapons1_wpn-sig_m2">
		<text>修改成狙击枪。配置一个无法拆卸的光学瞄准镜来提升对焦。</text>
	</string>
	<string id="enc_weapons1_wpn-sig220">
		<text>发展于1975年的，但现在仍普遍在世界各地受到欢迎。它的弹匣装弹数低，但它的机械结构相当的稳定。它的第二个优势是高爆性Kora子弹。\n 弹药：\n 标准.45 ACP子弹。\n .45 ACP水力冲压弹。</text>
	</string>
	<string id="enc_weapons1_wpn-sig550">
		<text>一个相对比较新的步枪，使用 5.56x45 mm SS109子弹。这个武器因为它的准确度、轻后座力跟高信赖度而非常受欢迎。\n 弹药：\n 标准5.56x45 mm SS109子弹。\n 5.56x45 mm AP穿甲弹。</text>
	</string>
	<string id="enc_weapons1_wpn-spas12">
		<text>SPSA14滑膛来福枪发展于1970年代末期，这把武器好用又值得信赖。不过它比较大一点、贵了点、还有它的机械结构也复杂的点。它可能是特异区中最佳的近距离武器了。\n 弹药：\n 12x70鹿弹。\n 12x76 重弹头。\n 12x76弹镖。</text>
	</string>
	<string id="enc_weapons1_wpn-spas12_m1">
		<text>独特的武器。这把霰弹枪拥有步枪的枪膛，当它在射击重弹或是弹镖时提升了很高的准确性。不管怎样，使用霰弹枪射击是很不容易的。\n 弹药：\n 12x70鹿弹。\n 12x76 重弹头。\n 12x76弹镖。</text>
	</string>
	<string id="enc_weapons1_wpn-svd">
		<text>这把步枪在1960年后，被广泛的使用在苏联和苏俄军队中。它是一把特别的值得信赖和携带方便的武器。在特异区中纪律团有经验的潜行者喜欢用这把枪来猎杀异种生物。\n 弹药：\n 标准7.62x54 mm 7N1子弹。\n 7.62x54 mm BP穿甲弹。\n 7.62x54 mm 7N14狙击弹。</text>
	</string>
	<string id="enc_weapons1_wpn-svd_m1">
		<text>感谢改良过的光学效果，和影像解析度的提升，让这把武器的平衡度提高了，同时它的后座力也变轻了。</text>
	</string>
<string id="enc_weapons1_wpn-svu">
    <text>弹药 - \n ． 7.62x54R 7N13 - 基础，穿甲弹 \n ． 7.62x54R 7N1 - 狙击弹\． 7.62x54R 7N14 - 狙击, 穿甲弹 \n 狙击步枪缩短折叠枪托（SVU-王牌）。现代化室内作战紧凑型SVD，依据“斗犬”方案而被制造（这个方案建立在除了点火装置外，弹药和组件都位于握把后方的基础上） 这个方案的优点是在枪械相对变得更长的事实上武器仍然紧凑。\n 在穿越特异区的长途旅程中携带它是非常不错的，然而，与SVD比较，它增加了枪口的散射，这就限制了有效火力的平均距离。</text>
</string>
<string id="enc_weapons1_wpn-svu_m1">
    <text>基础型号的改进型。如果我们相信潜行者所讲的故事，那么SVU曾经是属于绰号为“小个子”的经验丰富的潜行者的（这个人事实上生长缓慢而且丝毫没有力大无穷的体格）。他改造了自己的SVU，使之明显的减轻了重量而且之后为枪口装备了补偿器。\n 使用弹药： \n 7.62 x54mm 7N1通用弹，\n 7.62 x54mm AP穿甲弹，\n7.62 x54mm 7N14狙击弹。</text>
</string>
	<string id="enc_weapons1_wpn-toz34">
		<text>这是把受欢迎的猎枪，但没有什么特别值得注意的地方。\n 弹药：\n 12x70鹿弹。\n 12x76 重弹头。\n 12x76弹镖。</text>
	</string>
	<string id="enc_weapons1_wpn-usp">
		<text>一把值得信赖的武器。作为一把高品质方便携带的近距离武器，它很受到特异区中老兵的欢迎。\n 弹药：\n 标准.45 ACP子弹。\n改良过的.45 ACP水力冲压弹。</text>
	</string>
	<string id="enc_weapons1_wpn-val">
		<text>这把武器是依据Vintar无声狙击枪的设计，但它有一个折叠托，可以用来连射、和使用更大的弹匣。它原本是因应特殊部队的无声和无火光的要求而设计的。\n 弹药：\n 标准9x39 mm PAB-9子弹。\n 9x39 mm SP-6穿甲弹。\n 9x39 mm SP-5狙击弹。</text>
	</string>
	<string id="enc_weapons1_wpn-val_m1">
		<text>跟基本的形式相比，多了光学瞄准镜PSO-1。</text>
	</string>
	<string id="enc_weapons1_wpn-vintorez">
		<text>一把装备着不可拆卸的灭音管的特殊狙击枪，设计成无声无火光的特性。它可以在400米外射穿任何防弹背心。对所有的潜行者来说，它是很有价值的一把武器。\n 弹药：\n 标准9x39 mm PAB-9子弹。\n 9x39 mm SP-6穿甲弹。\n 9x39 mm SP-5狙击弹。</text>
	</string>
<string id="enc_weapons1_wpn-vintorez_m1">
    <text>拥有更大容量的弹匣和独特的光学系统的基础改进型。在特异区没有人记得关于这把武器来源的任何事情 - 很显然，它真正的主人早就死掉了。这把步枪令人惊讶的特性是 - 它的子弹，他们飞行时在更直的直线轨迹上拥有更快的速度。 \n 使用弹药： \n 9x39mm PUB -9通用弹，\n 9x39mm CP -6穿甲弹，\n 9x39mm CP -5狙击弹。</text>
</string>
	<string id="enc_weapons1_wpn-walther">
		<text>一把完美的手枪。具高度信赖性，使用高容量的弹匣，具有很好的准确性，特别是这个形式设计使用了9 mm FMJ子弹。\n 弹药：\n 标准9x19 mm FMJ子弹。\n 改良过的9х19 mm PB1s子弹。 </text>
	</string>
	<string id="enc_weapons1_wpn-walther_m1">
		<text>这把枪修正过可以使用9x18mm calibre子弹。</text>
	</string>
	<string id="enc_weapons1_wpn-wincheaster1300">
		<text>温彻斯特M1300 [Winchester Model（M） 1300]是一枝由美国温彻斯特连发武器公司西部分区和奥林公司合作生产的一系列压动式霰弹枪，发射12号、16号或20号口径霰弹。它在1978年取代了原来的温彻斯特M1200并且被美国连发武器公司（U.S. Repeating Arms Company，简称：USRAC）选中成为温彻斯特枪械的制造商。然而，在2006年1月，由于美国连发武器公司破产，温彻斯特宣布全面关闭工厂内的设施，温彻斯特M1300最终停产。\n 弹药：\n 12x70mm鹿弹。\n 12x76 重弹头。\n 12x76标枪弹。</text>
	</string>
<string id="enc_weapons1_wpn-wincheaster1100">
    <text>弹药 - \n 12x70mm鹿弹 \n 12x76mm 重弹头\n  12x76mm标枪弹 \n 美国制造的压动式枪的改进型. 所有的细节都布置了防腐涂层. 这个型号可以在持续的辐射作用下运行, 在切利诺贝尔特异区之下放置半年之后，在预计的提高耐磨性，防火性，破坏力以及精确度之上还获得了独特的性能。</text>
</string>
<string id="wpn-fn2000_old">
    <text>独特的FN2000</text>
</string>
<string id="enc_weapons1_wpn-fn2000_old">
    <text>绰号为吝啬鬼的潜行者的独特发明。在喝了将近五箱伏特加的时候他改造了这把枪，使之使用的是5.45子弹。不幸地是，枪管附加榴弹发射器被证明损坏了。</text>
</string>
	<string id="grenade-f1">
		<text>F1手榴弹</text>
	</string>
	<string id="grenade-gd05">
		<text>GD-05手榴弹</text>
	</string>
	<string id="grenade-rgd5">
		<text>RGD-5榴弹</text>
	</string>
	<string id="Weapons1">
		<text>武器</text>
	</string>
<string id="wp_desert_eagle">
    <text>沙漠之鹰</text>
</string>
<string id="wpn_hpsa">
    <text>HPSS-1m</text>
</string>
<string id="wpn_usp">
    <text>USP Compact</text>
</string>
<string id="wpn-abakan">
    <text>Abakan AN-94</text>
</string>
<string id="wpn-abakan_m1">
    <text>AN-94 Abakan 狙击型</text>
</string>
<string id="wpn-abakan_m2">
    <text>AN-94 风暴Abakan</text>
</string>
<string id="wpn-addon-grenade-launcher">
    <text>GP-25 枪榴弹发射器</text>
</string>
<string id="wpn-addon-grenade-launcher-m203">
    <text>M203 枪榴弹发射器</text>
</string>
<string id="wpn-addon-scope">
    <text>PSO-1 瞄准镜</text>
</string>
<string id="wpn-addon-scope-susat">
    <text>SUSAT 瞄准镜</text>
</string>
<string id="wpn-addon-silencer">
    <text>灭音器</text>
</string>
<string id="wpn-ak74">
    <text>AKS-74</text>
</string>
<string id="wpn-ak74_m1">
    <text>快速射击版AKS-74M</text>
</string>
<string id="wpn-ak74u">
    <text>AKS-74U</text>
</string>
<string id="wpn-ak74u_m1">
    <text>改造的AKS-74U</text>
</string>
<string id="wpn-beretta">
    <text>贝瑞塔92FS</text>
</string>
<string id="wpn-beretta_m1">
    <text>贝瑞塔M9A1</text>
</string>
<string id="wpn-bm16">
    <text>短管BM-16霰弹枪</text>
</string>
<string id="wpn-colt_m1">
    <text>科尔特灭音枪</text>
</string>
<string id="wpn-colt1911">
    <text>科尔特1911</text>
</string>
<string id="wpn-eagle_m1">
    <text>大笨钟[沙漠之鹰 9X39版]</text>
</string>
<string id="wpn-fn2000">
    <text>FN2000</text>
</string>
<string id="wpn-fort">
    <text>Fort 12</text>
</string>
<string id="wpn-fort_m">
    <text>Fort 15</text>
</string>
<string id="wpn-g36">
    <text>HK G36</text>
</string>
<string id="wpn-g37">
    <text>HK G36 modified</text>
</string>
<string id="wpn-g36_m1">
    <text>水晶版G36</text>
</string>
<string id="wpn-gauss">
    <text>高斯枪</text>
</string>
<string id="wpn-groza">
    <text>旱天雷[OC-14 Groza]</text>
</string>
<string id="wpn-groza_m1">
    <text>5.45mm口径 旱天雷</text>
</string>
<string id="wpn-groza_m2">
    <text>沃洛宁将军的5.45mm 旱天雷</text>
</string>
<string id="wpn-l85">
    <text>Enfield L85-A2</text>
</string>
<string id="wpn-l85_m1">
    <text>Enfield L85-A2 天秤</text>
</string>
<string id="wpn-l85_m2">
    <text>Enfield L85-A2 闪电</text>
</string>
<string id="wpn-lr300">
    <text>LR300</text>
</string>
<string id="wpn-lr300_m1">
    <text>LR300 狙击枪</text>
</string>
<string id="wpn-mp5">
    <text>HK MP5N-K</text>
</string>
<string id="wpn-mp5_m1">
    <text>HK MP5N-K 9x18</text>
</string>
<string id="wpn-mp5_m2">
    <text>HK MP5 灭音枪</text>
</string>
<string id="wpn-pb">
    <text>PB灭音手枪</text>
</string>
<string id="wpn-pm">
    <text>Pistolet Makarova 马卡洛夫手枪</text>
</string>
<string id="wpn-rg-6">
    <text>RG-6</text>
</string>
<string id="wpn-rg6_m1">
    <text>RG-6 M-209</text>
</string>
<string id="wpn-rpg7">
    <text>RPG-7V</text>
</string>
<string id="wpn-sig_m1">
    <text>SIG 550 轻便型</text>
</string>
<string id="wpn-sig_m2">
    <text>SIG 550 狙击枪</text>
</string>
<string id="wpn-sig220">
    <text>SIG 220</text>
</string>
<string id="wpn-sig550">
    <text>SIG 550</text>
</string>
<string id="wpn-spas12">
    <text>SPAS 12</text>
</string>
<string id="wpn-spas12_m1">
    <text>改造后的 SPAS 12</text>
</string>
<string id="wpn-svd">
    <text>SVD</text>
</string>
<string id="wpn-svd_m1">
    <text>模组化的 SVD</text>
</string>
<string id="wpn-svu">
    <text>SvU[王牌]</text>
</string>
<string id="wpn-svu_m1">
    <text>SVU[小个子]</text>
</string>
<string id="wpn-toz34">
    <text>TOZ-34 "垂直"</text>
</string>
<string id="wpn-val">
    <text>AS VAL</text> <!-- VS Val -->
</string>
<string id="wpn-val_m1">
    <text>狙击镜版 AS VAl</text> <!-- VS Val 'M1' -->
</string>
<string id="wpn-vintorez">
    <text>VSS Vintorez狙击步枪[螺纹剪裁机]</text>
</string>
<string id="wpn-vintorez_m1">
    <text>改造后VSS Vintorez狙击步枪</text>
</string>
<string id="wpn-walther">
    <text>沃尔特 P99</text>
</string>
<string id="wpn-walther_m1">
    <text>沃尔特P99M 9x18版</text>
</string>
<string id="wpn-wincheaster1300">
    <text>温彻斯特 1300</text>
</string>
<string id="wpn-wincheaster1100">
    <text>改造后的温彻斯特 1300</text>
</string>
<string id="enc_weapons1_wpn_dark_gauss">
    <text>幻境高斯，因为在水果酒变异点前放置太久，所以，相比其他高斯枪，它的射速无比狂暴。</text>
</string>
<string id="wpn_dark_gauss">
    <text>幻境高斯。</text>
</string>
<string id="enc_weapons1_wpn-beretta_m1">
    <text>M9的最新改造型号 - 此枪的美国版本。在制造它的过程中使用最新的改枪技术。因为制造者们非常想提升它的准确度和致命性。 \n 使用弹药: \n 9x19mm 口径 全金属包覆弹， \n  9x19mm PBP弹</text>
</string>
<string id="wpn-beretta_m1">
    <text>贝瑞塔 M9A1</text>
</string>
<string id="wpn-flame_readme">
    <text>自制火焰喷射器，斯维布洛夫为吝啬鬼打造的。由瓦斯和汽油两部分混合而成。混合物在空气中发生自燃。虽然制造上最大程度简化了。然而，在细节方面，要使用工艺要求极高的在特殊的实验室环境中才能制造的耐腐蚀材料，因为混合物会发生强烈的化学反应。此外只有吝啬鬼大师掌握着混合技术。基于以上原因，这种喷火器无法大批量生产，尽管它在对付变异区内的某些密集的生物体时有着普通枪械无法比拟的巨大优势。</text>
</string>
<string id="wpn-flame_name">
    <text>火焰喷射器</text>
</string>
<string id="wpn-flame_name_s">
    <text>火焰喷射器</text>
</string>
<string id="ammo_flame_name">
    <text>易燃混合物</text>
</string>
<string id="enc_weapons1_wpn-p90">
    <text>PDW是一款由比利时FN公司开发的单兵自卫武器。应用了与之前不同的新颖的人体工程设计原理。由于FN P90型（项目90）是一款全新的枪械，它使特制的弹药。不同于现有的步枪弹、手枪弹和冲锋枪弹口径。作为第一款PDW（单兵自卫武器，根据它的用途被称作单兵防卫型武器。）FN公司的想法是，适用于装甲车辆驾驶员等二线战斗人员，便于携带，火力强大，所以尺寸不能太长，重量还要轻。用于后方战斗人员对付敌军小规模渗透部队。该枪于20世纪80年代末面世，弹药规格：5.7X28毫米SS190型弹药</text>
</string>
<string id="wpn-p90_name">
    <text>FN P90单兵自卫武器</text>
</string>
<string id="enc_weapons1_ammo_ammo-5.7x28">
    <text>5.7X28毫米SS190型弹药是全金属外壳弹，能够穿透防弹衣。钢制铅芯弹头。</text>
</string>
<string id="ammo-5.7x28_name">
    <text>5.7X28毫米SS190型弹药</text>
</string>
<string id="ammo-5.7x28_s">
    <text>5.7X28毫米SS190型弹药</text>
</string>
<string id="enc_weapons1_wpn-pkm">
    <text>弹药\7.62X54毫米（250发弹鼓）\使用该型弹药的武器通常被军方重装先谴队装备。该型弹药在变异区十分罕见。由于尺寸和重量的原因，必须由装备外骨骼的人员才能使用。 PK / OF RMB 系列的机枪因可靠性好在部队中很受欢迎。采用弹链式供弹，双程进弹、单程输弹。枪管上有一个便携提把方便快速更换过热的枪管。弹匣式供弹，内置封闭式金属弹链，弹链可容弹100发（手持版）。弹链供弹方向从右往左，抛壳口在机匣左侧，有一个用弹簧销定位的防尘盖。弹链供弹方式采用双程进弹，利用前发子弹的反冲力拉动弹链供弹在枪弹向后运动时被会上受弹机盖上的阻弹齿阻止，然后被压弹挺推向拨弹滑板上的拨弹齿，在此前一个抛壳机构会把空弹壳从机匣左侧的抛壳口排出，机框继续后座，当开始向前运动时，枪机把一发新弹推向弹膛，而机框运动时使拨链器向右移动，顶盖上的一个阻链器会防止弹链下滑。仅有全自动开火模式，需打开保险枪栓。 步兵型标准控件包括手持式枪柄，板机，手动保险装置，枪托。</text>
</string>
<string id="wpn-pkm_name">
    <text>PKM</text>
</string>
<string id="enc_weapons1_ammo_ammo-7.62x54r">
    <text>SVD狙击步枪用的子弹，SVU-ACE弹也可做为PKM机枪弹。单兵携带型PKM机枪在枪身尾部可装一条250发子弹的弹链。尽管7N1狙击弹在1967年就发放到部队。但它的射弹散布较先进的7N13的低两三倍。然而，因为钝头10号钢芯技术的应用，该型子弹高穿透的优势荡然无存。</text>
</string>
<string id="ammo-7.62x54r_s">
    <text>7.62x54mm, 250 belt</text>
</string>
<string id="enc_weapons1_wpn-p90">
    <text>弹药 - \5.7x28毫米SS190型子弹 \比利时造冲锋枪,1980年代由比利时埃斯塔勒的FN公司出品。尽管外观造型比较怪异。但却非常实用。FNP90式使用特制的5.7x28毫米SS190弹，该型子弹比其它的手枪子弹有着更强的穿透力。该型子弹的枪口初速达到每秒715米，能够穿透大多数的防弹背心。它的使用操作方便，装弹速度较慢，弹匣装在枪顶，弹容量50发。</text>
</string>
<string id="wpn-p90_name">
    <text>FN P90</text>
</string>
<string id="enc_weapons1_ammo_ammo-5.7x28">
    <text>5.7x28毫米弹药是一款高速、小口径子弹，是比利时埃斯塔勒的FN公司为FNP90式单兵防卫武器（PDW）和FN57式手枪研发的。为迎合北约组织取代9x19毫米巴拉贝鲁姆手枪弹的要求，5.7x28毫米弹药是一款瓶颈形弹体中心底火式子弹，类似于点22 Horne或点22K-Hornet型子弹。SS190全金属被甲弹是从SS90型子弹改良而来，1993年开始装备。它较之原型弹有着更卓越的性能，而且弹体长度略为缩短。这款子弹的枪口初速达到每秒715米，能够穿透防弹背心。</text>
</string>
<string id="ammo-5.7x28_name">
    <text>5.7x28 SS190</text>
</string>
<string id="ammo-5.7x28_s">
    <text>5.7x28 SS190</text>
</string>
<string id="TT-33">
    <text>托卡列夫手枪</text>
</string>
<string id="enc_weapons1_wpn-tt33">
    <text>托卡列夫手枪，1933型（TT－33）使用7.62x25毫米弹药\7.62x25毫米通用TT弹\7.62x39毫米PS钢芯弹。</text>
</string>
<string id="ammo-7.62x25-ps">
    <text>Rounds 7.62x25mm PS</text>
</string>
<string id="ammo-7.62x25-ps_s">
    <text>7.62x25 PS</text>
</string>
<string id="ammo-7.62x25-p">
    <text>Rounds 7.62x39mm TT</text>
</string>
<string id="ammo-7.62x25-p_s">
    <text>7.62x25 TT</text>
</string>

; ------- weapons ZEN ------- ;

<string id="enc_weapons1_kriss_super_v">
    <text>11.43毫米口径冲锋枪是由TDI公司设计研发的，该枪的枪身非常低，几乎与手臂呈同一直线。因此尽管弹药威力很大，但枪身依能保持稳定和密集火力。说到缺点，主要是由于使用克洛克21型手枪的13发弹匣。\弹药\obychny点45ACP弹\改进型点45ACP空尖弹。</text>
</string>
<string id="enc_weapons_wpn-mp7a3">
    <text>MR-7a3冲锋枪（单兵防卫武器）是德国黑克勒和科赫公司军方研发生产的一款PDW单兵防卫武器。弥补全自动武器的不足。 Pp弹原本是由4.6x30毫米弹药改进而来，但这型弹药不是太常见，迫使设计者们转而用9x19毫米巴拉贝鲁姆手枪弹改进，虽然结果是使PP弹失去了大多数的优点。弹药：osnovnoy 9x19毫米巴拉贝鲁姆手枪弹，改进型9x19毫米PBP穿甲弹</text>
</string>
<string id="PP-19_info">
    <text>PP-19野牛冲锋枪是参照全自动武器AK74的标准为前苏联内务部MVD研发的，“野牛”采用了独创的64发弹容量螺旋弹匣。弹匣的安装非常简便，同时也能作为握柄。 \弹药: \osnovnoy的9x18毫米弹, \改进9x18毫米P型</text>
</string>
<string id="wpn_mp7a3">
    <text>HK MP-7a3</text>
</string>
<string id="PP-19">
    <text>PP-19野牛冲锋枪</text>
</string>
<string id="kriss_super_v">
    <text>Kriss Super V</text>
</string>
<string id="enc_weapons1_wpn-9mm_nato-silencer">
    <text>军用型美制灭音器。适用于西方生产的9毫米口径冲锋枪。</text>
</string>
<string id="wpn-9mm_nato-silencer">
    <text>9mm (NATO)灭音器</text>
</string>
<string id="wpn-m1891_30_scope_name">
    <text>M1891/30-PE</text>
</string>
<string id="enc_weapons1_wpn-m1891_30_scope">
    <text>弹药 - \7.62x54毫米7N1普通弹 \7.62x54毫米AP穿甲弹\ 7.62x54毫米 7N14狙击弹\莫辛步枪的枪机结构属于手动弹仓式供弹武器。P型光学瞄准镜。十分典型的前苏联和俄系武器风格，追求实用性而牺牲人机体验和可靠性。生产时要求简单，通用性好和低成本。</text>
</string>
<string id="enc_weapons1_ammo_ammo-357sw-jhp">
    <text>弹药类型：JHP空尖弹(收口扩张型弹头)；子弹质量：8.125克；子弹直径，口径：9.02毫米；枪口初速度，442米每秒；动能，793焦耳</text>
</string>
<string id="ammo-357sw-jhp">
    <text>357 Smith and Wesson Magnum (9x32mm)</text>
</string>
<string id="enc_weapons1_ammo_ammo-357sw-jfp">
    <text>一种子弹：夹套种类的顶端（在平的顶头涂膜），子弹的重量，度：10.27，子弹的直径，毫米：9.02 枪口初速度，  \n377 米每秒 动能，焦耳：898</text>
</string>
<string id="ammo-357sw-jfp">
    <text>357 Smith and Wesson Magnum (9x32mm R)</text>
</string>
<string id="wpn-colt_python">
    <text>“巨蟒”柯尔特</text>
</string>
<string id="enc_weapons_wpn-colt_python">
    <text>子弹： \n ． .357 Magnum \n ．视野范围 60m \n ．开枪速度 1/4秒 \n．弹夹一次上6颗子弹 \n 有着153mm（6英尺）长度枪管的Sportivno-捕猎左轮“巨蟒精英”柯尔特，拥有极高的威力并且在精度上略有提升。现在已经不再进行批量生产，但是它现在还是左轮爱好者的珍藏品。在特异区出现之前存在的原因还未知。</text>
</string>
<string id="enc_weapons1_ammo_50BMG">
    <text>改良型的狙击WA-2000和M82A3的爆破弹。</text>
</string>
<string id="ammo-50BMG">
    <text>12.7x99mm (.50 BMG)</text>
</string>
<string id="enc_weapon_wa2000">
    <text>.50 BMG也用于长射程狙击步枪, .50口径机枪以及小部分的超大威力手枪。有人说2002年加拿大陆军士官Rob Furlong于阿富汗使用TAC-50 .50BMG狙击步枪击毙[1] 2,430 公尺（7972 英尺／1.509 英哩）外的一名基地组织份子创下长程狙击的世界纪录。</text>
</string>
<string id="name_WA-2000">
    <text>Walther WA-2000</text>
</string>
<string id="enc_weapon_m82a3">
    <text>子弹： \n .50 BMG -基本型 \n Dovonio，最有名的巴雷特M82型狙击步枪，现在存在于美国，英国，澳大利亚，智利，保加利亚，巴西，芬兰，德国，以色列以及其他很多国家的军队库房中。最远射程 -6km，尽管如此，最佳有效射程仅有2100m。这把武器的价格大概在8900US左右。这把枪是M821A的改进现代型，拥有通用皮卡丁尼滑槽。</text>
</string>
<string id="M82A3">
    <text>巴雷特M82</text>
</string>
<string id="ars-c96">
    <text>毛瑟[Mauser] C96 Model 712</text>
</string>
<string id="arsenal_mod-c96">
    <text>子弹： \n ． 9x19 FMJ-基本型 \n ． 9x19PBP-改进型 \n Mauser C-96型 712 -拥有20发子弹的自动型，在1895年被制造出来。所有自动手枪的亲属中最具有威力的一把，其自动性来自于利用反冲能量以及其短的枪管。其优势在于它的准确性以及战斗时的使用距离。在战斗中这把枪能发出威力巨大的子弹并且拥有很长的使用寿命。而其弱点在于上弹的复杂性，较重的质量和较大的尺寸。</text>
</string>
<string id="wpn-ppsh">
    <text>波波沙-41[PPSH-41]</text>
</string>
<string id="enc_weapons1_wpn-ppsh">
    <text>是一种苏联在二战期间制造的冲锋枪。发射7.62×25公厘托卡列夫手枪弹。它是苏联在二战期间生产数量最多的武器。该枪的设计目的是以一种较廉价的近距离速射武器取代造价高昂工艺复杂的PPD-40冲锋枪与PPD-1938冲锋枪。PPSh是一枝使用开放式枪机、反冲作用操作的可选射自动武器。 \n子弹： \n通用7.62小5mm，\n穿甲弹 7.62x25mmAP</text>
</string>
</string_table>
