﻿	<?xml version="1.0" encoding="UTF-8"?>
	<string id="gar_actor_looser">
		<text>你是废物，史特列洛克，彻底的没用！别期望感谢--你没有什么可以谢的。</text>
	</string>
	<string id="gar_actor_normal">
		<text>不坏，潜行者！你真的自己射倒了一些异种生物，但你拔枪还没有那么快，对不对？如果你想通过，你就得付些钱出来。</text>
	</string>
	<string id="gar_actor_winner">
		<text>太好了，史特列洛克，你真的帮了我们。我说现在可以让你通过了，往酒吧去吧。</text>
	</string>
	<string id="gar_direction_fire">
		<text>让他们靠近一点，这样就没有人逃得掉。我先开枪，你跟着我的动作。</text>
	</string>
	<string id="gar_dolg_blokpost_warning">
		<text>你现在在纪律团的势力范围中，潜行者。这里不允许争斗。</text>
	</string>
	<string id="gar_dolg_monster_rush">
		<text>注意！这里是纪律团的检查哨。有一群来自黑暗山谷的异种生物往酒吧这边过来了，任何帮助我们阻挡异种的人，都不会后悔的。</text>
	</string>
	<string id="gar_dolg_warning">
		<text>你现在在纪律团的势力范围中，潜行者。如果你到处乱晃，会让这辈子惹上大麻烦的。</text>
	</string>
	<string id="gar_hellcar_victory">
		<text>干得好，先生们，我们把他们都解决掉了。现在可以休息一下。你，潜行者，过来这里，让我们聊一聊。</text>
	</string>
	<string id="tips_gar_hellcar_alarm">
		<text>人们，这是中立阵营的指挥官。我们把盗贼从占领的废弃停车场给逼了出去，他们可能试着把它夺回来。我们的人数不足，所以如果你要帮助我们，我们会为你留个职位的。</text>
	</string>
