﻿<?xml version="1.0" encoding="UTF-8"?>
<!-- ;;;;;;;;;;;;;;;;;;;;;;;;;;;;;;;;;;;;;;;;;;;;;;;;;;;;;;;;;
;	 ,,,,,      ,,,,,,,    ,,,,,,_  ,,,,,,,,  ,,,,,,
;       MMMMM1     M0MMMM&    MMMMM@'  MMMMMM0"  MMMM0!
;       4MMMM#      ^MMMMMr   MMMMMf    #MMMM&    B0'
;      &]MMMMMc      #MMMM# ] MMMMMf    #MMMM&   j#
;      M 0MMMM&       MMMMML# MMMMMf    #MMMM&  pM&
;     pY 4MMMMM     ] #MMMMM# MMMMMf    #MMMM& pMMMt
;     M   MMMMMc    ]& MMMMMf MMMMMf    #MMMM&]MMMM0
;    ]#   0MMMM&    ]M #MMMM  MMMMMf    #MMMM& MMMMM&
;    QfjMMMMMMMM    ]M  MMMf  MMMMMf    #MMMM& 4MMMMM
;   _M    "MMMMMf   ]M  BMM   MMMMMf    #MMMM&  MMMMM&
;  _Q#     MMMMM&   jMg  M8  _MMMMMf    BMMMM&  jMMMMM,
; 4MMMM   #MMMMMM# 0MMM& B  ]MMMMMMM&  0MMMMMM&]MMMMMMMt
;;;;;;;;;;;;;;;;;;;;;;;;;;;;;;;;;;;;;;;;;;;;;;;;;;;;;;;;;
MATRAS v.5.2721 build 492 release 73 -->

<string id="amk_matras">
    <text>睡袋。</text>
</string>
<string id="amk_matras_s">
    <text>睡袋。</text>
</string>
<string id="enc_amk_matras">
    <text>营地睡袋。这或许是待在特意区最方便的方式了。对于辐射没有任何抵抗能力，但是可以防雨。</text>
</string>
<string id="amk_repbox_01">
    <text>ORC-27M修理工具套装</text>
</string>
<string id="amk_repbox_01_s">
    <text>ORC-27M修理工具</text>
</string>
<string id="enc_amk_repbox_01">
    <text>ORC-27M武器修理套装（现代化），适用于维修短柄武器（手枪，微型冲锋枪等）。包含一个高质量的武器润滑油以及其喷涂部分。同时也包含一些能够用于在野外护理和小规模修理的工具盒设备。设计为多次使用。</text>
</string>
<string id="amk_repbox_02">
    <text>JWC42型武器修理箱。</text>
</string>
<string id="amk_repbox_02_s">
    <text>JWC42型武器修理箱。</text>
</string>
<string id="enc_amk_repbox_02">
    <text>JWC42型武器修理箱是用于维修自动武器和步枪。包含高品质的枪油，润滑剂以及备用零件，日常维护用的工具和设备，以及野外环境下的小维修。一款多用途的武器修理箱。</text>
</string>
<string id="amk_repbox_06">
    <text>RCH-86u型护甲修理箱</text>
</string>
<string id="amk_repbox_06_s">
    <text>RCH-86u型护甲修理箱</text>
</string>
<string id="enc_amk_repbox_06">
    <text>RCH-86u型防弹背心维修工具，（通用型），用于维修所有类型的防弹衣，包括：防弹背心和外骨骼。它最近才出现在变异区的新产品，专门为那些脱离主力部队作战的快速反应战斗小分队而设计的，通用型的框架材料和备用零件（外骨骼的装甲和基础零件）。国产自主品牌产品，在全球没有同类产品。之前的系列产品不太受欢迎，因为在野战条件下使用效果不太理想。因此它相当的稀少并且很难搞到。是一款多用途产品。</text>
</string>
<string id="amk_ruksak">
    <text>背包</text>
</string>
<string id="amk_ruksak_s">
    <text>背包</text>
</string>
<string id="enc_amk_ruksak">
    <text>一款野外探险背包。由橡胶材质，所以防水。你可以把某些有价值的东西放进这个背包，然后放到一个隐密的地方。就是一个很好的临时藏物点。</text>
</string>
<!-- 23:52 23.06.2007 -->
