﻿<?xml version="1.0" encoding="UTF-8" ?>
<string_table>

<string id="Chimera">
    <text>奇美拉</text>
</string>
<string id="enc_mutant_chimera_general">
    <text>基因实验的产物UZHAZ（全球性动物保护）工程产物。拥有极佳的再生组织，另外还有双份的内部组织跟一个额外的大脑。这一切让杀掉一只奇美拉十分困难。聪明，强壮又迅速的生物。</text>
</string>

<string id="Fracture">
    <text>骨折[长臂怪人]</text>
</string>
<string id="enc_mutant_fracture_general">
    <text>也不知道究竟是实验的结果还是特异区对原来人类影响的结果。也或许只是某些潜行者的胡编乱造而已......人们认为这种生物很像是瘦小驼背的人类，拥有过长的四肢，他们的脑袋跟神经系统并没有像僵尸那样遭到毁灭性的破坏。他们很狡猾，常常尝试用言语和请求勾引潜行者。有人说要是给跟他们分点东西吃，说不定能听到些特异区的奇闻异事。虽然不少潜行者说偶尔还是能在特异区看到一只长臂怪人的；谁知道呢，说不定被人类发现的经历教会他们还是远远地隐居比较好。</text>
</string>

<string id="Burer">
    <text>狂暴侏儒</text>
</string>
<string id="enc_mutant_burer_general">
    <text>住在洞穴中的丑陋褐色侏儒，它们的眼镜对光很敏感，强光照射下会失明。他们在地下室给潜行者跟科学家设下陷阱、尝试用各种大垃圾挡住出口。他们用强有力的手掌撕碎猎物。矮人会和盲犬打起来。他们十分卑鄙，愤怒驱使它们无恶不作。他们的感知和意念能力高度进化。超强的感知能力让他们不用看就能发现并定位敌人，意念力可以让他们在远处操作大型物体丢向敌人，或者将超强意念力砸向敌人。它们的能力，性格和智力让其成为特异区黑暗处最危险的生物之一。</text>
</string>
<string id="Cat">
    <text>猫</text>
</string>
<string id="enc_mutant_cat_general">
    <text>特异区的猫不仅适应了辐射，还学会了不少实用技巧。辐射对它们的外表几乎没有影响。单独一只猫虽说敏捷，但还是蛮弱的，但是成群结队的话还是很可怕的。想要逃出它们的喵爪简直不要太困难。</text>
</string>
	<string id="Blind">
		<text>盲犬</text>
	</string>
	<string id="Bloodsucker">
		<text>吸血怪</text>
	</string>
	<string id="Boar">
		<text>野猪</text>
	</string>
	<string id="Crow">
		<text>变异乌鸦</text>
	</string>
	<string id="enc_mutant_blind_general">
		<text>在大灾难之后已经有数代的犬只出生和死去，每一代受到特异区的影响都比以前强。迅速的突变改变提升了其它的能力，经常会取代牺牲了过去主要功能的发展。最明显的生理变化是失去了视力，取代的是不可思议的嗅觉发展。当它出现后，盲眼的幼兽在特异区跟正常的生存的一样的好，或是更好。结果，正常的狗很快就变成了特异区中的绝种生物，然后把位置让给新的物种--那就是盲犬。动物本能的发现和避开异种生物、辐射、还有其它在特异区中看不见的危险。就像它们在大自然的祖先--狼--盲犬会结队猎补。遭遇到一大群这种生物，跟面对一个全副武装的潜行者是一样危险的。</text>
	</string>
	<string id="enc_mutant_bloodsucker_general">
		<text>有经验的潜行者把这个这个半传奇式的野兽描述成传说，缩成一团的类人生物，在它的嘴巴拥有一堆触手。根据生还人所述说的故事，这个生物会用它的触手伸入被害者的喉咙中来麻痹他，然后吸光他的血，到最后只会剩下一具干瘪的木乃伊。这是最令人震惊的吸血怪，而不论如何，它还拥有隐形能力。据说有无数死亡或是失踪的潜行者都死在吸血怪残酷的咬弑之下，少数幸运活下来的人就述说着这个在沼泽地的恐怖吓人的恶魔，特异区版本的吸血鬼德古拉传说。</text>
	</string>
	<string id="enc_mutant_boar_general">
		<text>一团乱的异种生物，肩高1.5公尺。特异区的熊个性凶残，而且拥有远胜于在污染地外围生物的生存能力。辐射和异种也在这些动物身上留下标记：它们的毛皮在某些位置都消失了，其它的地方则变得又长又多。它们的脚掌变得结实、爪子变得更锐利、瞳孔则变得无色，还有熊宽阔无毛的头部到处都布满了皱纹和分布着失序的颜色。特异区的熊对放射线的抵抗力很强，可以在严重污染地区停留很长的时间。它们通常会直击它们的受害者，试着把他们击倒再将其撕成碎片。</text>
	</string>
	<string id="enc_mutant_crow_general">
		<text>唯一在特异区中生存的鸟类，耐高辐射、能有效率的避免异种。军方飞行员需要依赖复杂的侦测器来避免重力的干扰，乌鸦看起来只依赖着自己的感官--一个让鸟类学家和生物学家疯狂的谜。许多理论试图要解释这个事迹，而所有的结论都指向一个高度专门发展的鸟脑。</text>
	</string>
	<string id="enc_mutant_flesh_general">
		<text>就像其它生活在特异区的生物，家猪在大灾难后同样的也经历了不小的生理改变。看起来新陈代谢对基因的回应，在这个例子中特别的强烈。异种猪，潜行者称呼它为豚兽，是特异区的灾难颠覆了自然最鲜明的例子。异种猪发展出了保护性的鳞甲和片状的外骨骼。它们的再生能力提升了好几次，同样的它们复杂的神经系统也是。跟一只普通的猪一样，豚兽是杂食性的动物，当它饥饿时也有可能会攻击潜行者。</text>
	</string>
	<string id="enc_mutant_poltergeist_general">
		<text>在某些人的眼中它们是超自然力量，是在特异区深处猎杀的隐形生物，它们通常在老的、遗弃的建筑物中猎杀。没有人知道任何关于它们的来源，不过有人谣传说它们是被巨大放射波击中的潜行者的灵魂。它们神秘的出现和消失，看起来就像是对应了吵闹鬼的传说，就跟它们的名字一样。每个人遇到的吵闹鬼都不尽相同：从调皮的笑声跟令人心寒的嚎叫，到不知从何处出现的致命火球。不幸的，所有关于吵闹鬼的原始讯息，都是来自不明、互相矛盾而且可信度低的故事。</text>
	</string>
	<string id="enc_mutant_pseudodog_general">
		<text>不管字面上的意义，地狱犬是由狼所直接进化而来的。这个动物在大灾祸后就栖息在森林之中，是特异区中最危险的生物之一。地狱犬跟异种生物犬的差异就如同野狼跟狮子狗。这种生物的地域性很强，会攻击任何笨到尝试去侵犯它们领域的人。它的反应迅速，有不可思议的敏捷能力和锋利的牙齿。对异种生物或是装备精良的潜行者来说，它是个相当可怕的敌人。</text>
	</string>
	<string id="enc_mutant_pseudogiant_general">
		<text>巨型地狱犬的外观简直就像一团乱，下垂的腹部连接着一对不成比例的大脚。这对大脚同时是手臂也是腿部，这个生物利用它们来移动，并且来抓取它的受害者。一只成年的地狱犬可以有两吨重，站起来有两米高。不要被它们笨拙的外观欺骗了，有需要的话它们可以很快速的移动。它们的肌肉异常的有力，还有它们的骨骼就如骨钢铁一般的坚硬。它们的脑子被坚硬的头骨（超过10公分厚）保护着，有许多复杂的功能都由脊椎的延髓来控制。另一项惊人的内容是这种野兽有能力制造震波，可以用来伤害附近所有活着的东西。</text>
	</string>
	<string id="enc_mutant_snork_general">
		<text>从某些观点来看这些生物曾经是人类，只是很难想像是什么状况让一个人变成这么恶心的野兽。史诺克是疯狂的生物，它们跟特异区中的肉食性怪物有点不一样。它们用四条长腿跳跃移动，不时的闻着地面想要捕捉到猎物的气味。它们很小心的猎捕猎物，行动会经过计算，经常使用伏击的方式。由于它们不可思议的反射能力和有力的肌肉，史诺克可以准确的跳跃接近受害者，把他压在地上然后撕成碎片。在史诺克的尸体上偶而会发现军队制服或是其它服装的碎片，这就解释了那些失踪的军人或是潜行者的下落。</text>
	</string>
	<string id="enc_mutant_tushkano">
		<text>随然说在某种程度上极为相似，但事实上这些动物跟跳鼠没有关系。虽然它的祖先曾经是群居性的老鼠，但想要分出这个物种的正确发展在目前来说还不是很成功。它们的肩高有40公分，而且远比它们的远亲更为灵巧和贪婪。异种鼠主要生存在废弃建筑的地下室，以所有能吃的东西为食，从植物一直到粗心的潜行者它们都吃。有时成群的老鼠会攻击或杀害大型的生物或是异种，在它们逃脱之前就会先把它们给撕碎了。</text>
	</string>
	<string id="enc_mutant_zombie_general">
		<text>焦脑器会破坏它的受害者的脑部和思考，让他变成活死人，只剩下一具空壳子。那些无脑的人最后会变成僵尸，只依着本能活动，无目标、没有武器、没有穿着衣服的在特异区中游荡。僵尸不过比一具会走路的尸体还先进一点，它们会找吃的，会睡觉。它们吃任何找得到的东西，所以它们身上通常都有辐射跟毒物感染。通常它们都在特异区中漫无目的的闲晃，或是跟个尸体一样的躺在遗弃的建筑物中。不管如何，如果它们发现了人类的存在，它们会很快攻击的。有经验的潜行者应该会学会如何快速的避开它们。</text>
	</string>
<string id="Zombieg">
    <text>僵尸，幻影形态</text>
</string>
<string id="enc_mutant_zombieg_general">
    <text>鬼魂\幽灵僵尸跟普通僵尸不同，焦脑器完全摧毁了他们的人体形态。因此这种僵尸要比普通僵尸耐打。</text>
</string>
	<string id="Flesh">
		<text>豚兽</text>
	</string>
	<string id="General">
		<text>一般的讯息。</text>
	</string>
	<string id="mutant_boar_leg">
		<text>野猪的蹄</text>
	</string>
	<string id="mutant_boar_leg_description">
		<text>野猪的蹄可以用来制作不同的药物，包含了辐射血清。</text>
	</string>
	<string id="mutant_dog_tail">
		<text>狗尾巴</text>
	</string>
	<string id="mutant_dog_tail_description">
		<text>异种狗皮肤对垫和化学物质的抵抗力，一直引起科学家的注意，由于动物的尾巴几乎没有油脂，所以它特别的适合拿去实验室作实验。</text>
	</string>
	<string id="mutant_flesh_eye">
		<text>豚兽的眼睛</text>
	</string>
<string id="mutant_zombie_hand">
    <text>丧尸的手</text>
</string>
<string id="mutant_zombie_hand_description">
    <text>对僵尸手掌的特性正在研究当中。你可以把这玩意卖给科学家研究，就算是为科学做贡献了。</text>
</string>
<string id="mutant_burer_hand">
    <text>狂暴侏儒的手</text>
</string>
<string id="mutant_burer_hand_description">
    <text>狂暴侏儒手掌有很多种特性，其中最为有用的一项是其受到辐射时的高度稳定性。人们对这一机能的细节还不是很清楚。你可以把它卖给科学家研究。</text>
</string>
<string id="mutant_flesh_eye_description">
    <text>异种生物豚兽浮肿的眼睛有很多奇特性，其中最重要的功能是晶体再生的能力。这个过程的内容至今无人清楚，但这个发现将会给现代医学很大的革命。你可以藉由贩卖豚兽的眼睛给科学家去实验，然后扮演在科学发展上的一个角色。</text>
</string>
	<string id="mutant_krovosos_jaw">
		<text>吸血怪的触须</text>
	</string>
	<string id="mutant_krovosos_jaw_description">
		<text>吸血怪的触须有一个特殊的腺体，可以分泌酵素来分解皮肤和同时防止血液凝结。发现酵素的组成会是伟大医学进步的一个基石。</text>
	</string>
	<string id="mutant_psevdodog_tail">
		<text>地狱犬的尾巴</text>
	</string>
	<string id="mutant_psevdodog_tail_description">
		<text>异种狗皮肤对垫和化学物质的抵抗力，一直引起科学家的注意，由于动物的尾巴几乎没有油脂，所以它特别的适合拿去实验室作实验。</text>
	</string>
	<string id="mutant_snork_leg">
		<text>史诺克的脚</text>
	</string>
	<string id="mutant_snork_leg_description">
		<text>史诺克的脚拥有大量的高度弹性肌腱，这解释了这些动物不可思议长跳能力。</text>
	</string>
	<string id="Mutants">
		<text>动物和异种生物</text>
	</string>
	<string id="Poltergeist">
		<text>吵闹鬼</text>
	</string>
	<string id="Pseudodog">
		<text>地狱犬</text>
	</string>
	<string id="Pseudogiant">
		<text>巨型地狱犬</text>
	</string>
	<string id="Snork">
		<text>史诺克</text>
	</string>
	<string id="Tushkano">
		<text>老鼠</text>
	</string>
	<string id="Zombie">
		<text>丧尸</text>
	</string>
<string id="Controller">
    <text>控制者</text>
</string>
<string id="enc_mutant_controller_general">
    <text>一个稀有的异种生物看起来接近着变异区的中心，那是个外表像人，有着不成比例的大头的生物。它拥有良好的感应能力，并且可以控制较低等生物的行为。异种怪人也可以控制人类的脑部。这是一个凶残的敌人，就算是最有经验的潜行者也害怕碰上这样的生物。</text>
</string>
<string id="mutant_face_tushkano">
    <text>跳鼠头</text>
</string>
<string id="mutant_face_tushkano_description">
    <text>跳鼠的智力高度发展，科学家通过解剖它们脑子学到了很多东西。科学家们以此为基础制作药物，所以他们在特异区大肆收集跳鼠，而潜行者们压根不知道科学家们在干吗。</text>
</string>
<string id="mutant_hand_kontroler">
    <text>控制者之手</text>
</string>
<string id="mutant_hand_kontroler_description">
    <text>控制者拥有精神能力。离得较远的时候只能感受到威胁并产生幻觉，但是当你接近它的时候就会受到伤害。科学家们认为这些能力来源于它们的手掌，但是控制者的手掌还没有被分析研究过。</text>
</string>
<string id="mutant_poltergeist_glas">
    <text>吵闹鬼的眼睛</text>
</string>
<string id="mutant_poltergeist_glas_description">
    <text>没人知道他们干吗要买吵闹鬼的眼睛，不过价钱倒是不错。</text>
</string>
<string id="mutant_psevdogigant_hand">
    <text>巨型地狱犬之脚掌</text>
</string>
<string id="mutant_psevdogigant_hand_description">
    <text>巨型地狱犬的脚掌所拥有的特性至今困扰着科学家，但他们还是会花钱买。</text>
</string>
<string id="mutant_tail_cat">
    <text>猫尾巴</text>
</string>
<string id="mutant_tail_cat_description">
    <text>变异猫对于化学以及电击的稳定性很早就引起了科学家的注意了。因为缺乏脂肪组织，所以猫的尾巴是实验研究的最佳选择。</text>
</string>
<string id="mutant_chimera_kogot">
    <text>奇美拉的爪子</text>
</string>
<string id="mutant_chimera_kogot_description">
    <text>在奇美拉身上发现的像金属的爪子更加强壮，所以科学家对此非常感兴趣。</text>
</string>
</string_table>
