﻿<?xml version="1.0" encoding="UTF-8" ?>
<string_table>
	<string id="ui_map_desc_mp_agroprom_large">
		<text>一个奇特的地方。这座沉寂的建筑物有它的秘密，但潜行者们都渴望获得这里的许多神器，不管会有多危险。快速的移动和准确的射击会让你受到幸运女神的眷顾的。</text>
	</string>
	<string id="ui_map_desc_mp_agroprom_short">
		<text>一个奇特的地方。这座沉寂的建筑物有它的秘密，但潜行者们都渴望获得这里的许多神器，不管会有多危险。</text>
	</string>
	<string id="ui_map_desc_mp_atp_large">
		<text>巴士和电车停车场是变异区的大厅。牵引机、公车和卡车就永远的停留在轨道上。这边没有发现过神器的报告。但这个地方受到有潜行者老手的喜爱，他们追捕新手、抢夺任何东西。在建筑物中找好掩蔽，准备好你的装备，并且要小心敌人从天花板上出现。</text>
	</string>
	<string id="ui_map_desc_mp_atp_short">
		<text>巴士和电车停车场是变异区的大厅。牵引机、公车和卡车就永远的停留在轨道上。</text>
	</string>
	<string id="ui_map_desc_mp_bath_large">
		<text>这个神秘的地方对人们有陌生的吸引力。谁建造了那个实验用水池，和为什么--那永远都会是个秘密。这里没有发现过神器。只有残余的奇怪药物和装备吸引着潜行者到这里来。记得将你的眼睛盯着屋顶，记得这个区易的辐射指数是很高的。</text>
	</string>
	<string id="ui_map_desc_mp_bath_short">
		<text>这个神秘的地方对人们有陌生的吸引力。谁建造了那个实验用水池，和为什么--那永远都会是个秘密。</text>
	</string>
	<string id="ui_map_desc_mp_factory_large">
		<text>一座阴沈的废弃工厂。不知道有多少潜行者在这些墙上发现他们的死亡。这里有大量的不同种类的特异点，仍然吸引着潜行者，来这里寻找珍贵的神器。小心这里的辐射污染！</text>
	</string>
	<string id="ui_map_desc_mp_factory_short">
		<text>一座阴沈的废弃工厂。不知道有多少潜行者在这些墙上发现他们的死亡。</text>
	</string>
	<string id="ui_map_desc_mp_garbage_large">
		<text>在86年的大灾难后这里堆积了大量的辐射废料…损坏的吊车、机具等等。你可以发现一些老旧设施的遗迹，和一座大型的机棚。所有的这些都位于靠近变异区入口的地方，而且四处有许多神器，那也是吸引潜行者来捡拾的东西。</text>
	</string>
	<string id="ui_map_desc_mp_garbage_short">
		<text>在86年的大灾难后这里堆积了大量的辐射废料…损坏的吊车、机具等等。</text>
	</string>
	<string id="ui_map_desc_mp_lost_village_large">
		<text>深入在变异区的阴森的废弃村庄。一座小的、浅的、褐色的、丢满了汽车残骸的湖，孕育了一只变异区探险者下意识中最畏惧的吸血怪。小心狙击手，但记得变异区最钟爱的还是勇敢的人。</text>
	</string>
	<string id="ui_map_desc_mp_lost_village_short">
		<text>深入在变异区的阴森的废弃村庄。一座小的、浅的、褐色的、丢满了汽车残骸的湖，孕育了一只变异区探险者下意识中最畏惧的吸血怪。</text>
	</string>
	<string id="ui_map_desc_mp_military_1_large">
		<text>一座荒废的军事基地，里面有坏掉的卡车和装甲运兵车留了下来，一些军营，和一个毁坏的指挥中心。但它不是所见到的那样而已，这座基地有丰富的神器，而敌人可能躲藏在任何一个角落。证明你的勇气和收集你的报酬吧！</text>
	</string>
	<string id="ui_map_desc_mp_military_1_short">
		<text>一座荒废的军事基地，里面有坏掉的卡车和装甲运兵车留了下来，一些军营，和一个毁坏的指挥中心。</text>
	</string>
	<string id="ui_map_desc_mp_military_2_large">
		<text>这个老村庄是一个邪恶的地方和死亡陷阱。但是，如果你忽略一切风险来到这里，要小心突然降临的死亡。这里没有任何安全的地方，希望你的瞄准镜和灭音器可以帮你渡过危险。</text>
	</string>
	<string id="ui_map_desc_mp_military_2_short">
		<text>这个老村庄是一个邪恶的地方和死亡陷阱。但是，如果你忽略一切风险来到这里，要小心突然降临的死亡。</text>
	</string>
	<string id="ui_map_desc_mp_prypiat_large">
		<text>皮里皮亚特城市以前是是核电厂工作人员的居住地，或是它留下的东西。这个废弃的工业残骸充满着立即的危险。你在这里须要好好的保卫你的生命。</text>
	</string>
	<string id="ui_map_desc_mp_prypiat_short">
		<text>皮里皮亚特城市离核电厂不远--车诺比石棺的遗物。</text>
	</string>
	<string id="ui_map_desc_mp_railraod_short">
		<text>在罗斯托克工厂的小铁路车站。</text>
	</string>
	<string id="ui_map_desc_mp_railroad_large">
		<text>一个在罗斯托克的工厂的小火车站。坏掉的列车和柴油车头现在停留在永恒的叉路上。这边发现了许多神器，吸引着所有在变异区的潜行者。</text>
	</string>
	<string id="ui_map_desc_mp_rostok_large">
		<text>在金属堆积的下方和混凝土墙的后方，这座工厂有一个特殊的寂静。上一个世纪，这里到处是活动的工人，急促的忙着他们的行动，扩音机中传来大声的标语…但现在工厂已经完成了它该做的事。</text>
	</string>
	<string id="ui_map_desc_mp_rostok_short">
		<text>在金属堆积的下方和混凝土墙的后方，这座工厂有一个特殊的寂静。</text>
	</string>
	<string id="ui_map_desc_mp_workshop_large">
		<text>在纪律团的到达前的罗斯托克工厂的外围。这个破烂的区域仍然拥有丰富的神器。空机棚和仓库里到处都充满了危险。要非常的小心、并且仔细的观察白色的塔。</text>
	</string>
	<string id="ui_map_desc_mp_workshop_short">
		<text>在纪律团的到达前的罗斯托克工厂的外围。这个破烂的区域仍然拥有丰富的神器。</text>
	</string>
	<string id="ui_map_desc_mp_darkvalley_large">
		<text>这是一个黑暗的山谷.在这里，总是阴沉多雾.经常下雨.另外这里的异常现象非常的频繁... 这里可以弄到相当不错的神器, 并且这里能够让你容易地生存下去...你必将达到老兵,在这里，他们从大多数屁股拔出神器来赚钱...</text>
	</string>
	<string id="ui_map_desc_mp_darkvalley_short">
		<text>一个黑暗的山谷.在特异区东边一个阴沉且永远有雾的地方.</text>
	</string>
	<string id="ui_map_desc_mp_pool_large">
		<text>一个在皮里亚皮特的市郊的小水塘.在这里周期性的煮沸的水到处肆虐.没有足够的异常现象，绝对没有神器.但是经验丰富潜行者们选择了这个地方来训练...</text>
	</string>
	<string id="ui_map_desc_mp_pool_short">
		<text>一个在皮里亚皮特的市郊的小水塘</text>
	</string>
	<string id="ui_map_desc_mp_stadium_large">
		<text>一个在皮里亚皮特的大体育场.今天将有比赛... 不是个足球比赛. 这里安排经验丰富潜行者互相开火杀戮</text>
	</string>
	<string id="ui_map_desc_mp_stadium_short">
		<text>皮里亚皮特的体育场.经验丰富潜行者在此互相开火杀戮</text>
	</string>
</string_table>
