﻿<?xml version="1.0" encoding="UTF-8" ?>
<string_table>
  <string id="mp_art_destroyed">
    <text>神器已经毁灭。</text>
  </string>
  <string id="mp_art_spowned">
    <text>神器产生。将它带回基地可以得到一分。</text>
  </string>
  <string id="mp_artefacts">
    <text>神器</text>
  </string>
  <string id="mp_artefacts_upcase">
    <text>神器</text>
  </string>
  <string id="mp_auto_select">
    <text>自动选择</text>
  </string>
  <string id="mp_back">
    <text>退回</text>
  </string>
  <string id="mp_ban">
    <text>禁止</text>
  </string>
  <string id="mp_by_anomaly">
    <text>依特异点</text>
  </string>
  <string id="mp_cancel">
    <text>取消</text>
  </string>
  <string id="mp_change_map">
    <text>改变地图</text>
  </string>
  <string id="mp_change_weather">
    <text>改变气候</text>
  </string>
  <string id="mp_chat">
    <text>交谈</text>
  </string>
  <string id="mp_connected">
    <text>连结</text>
  </string>
  <string id="mp_deaths">
    <text>死亡</text>
  </string>
  <string id="mp_description">
    <text>说明</text>
  </string>
  <string id="mp_disconnected">
    <text>断线</text>
  </string>
  <string id="mp_enter_text">
    <text>输入文字投票</text>
  </string>
  <string id="mp_entered_game">
    <text>已经进入游戏</text>
  </string>
  <string id="mp_first_eye">
    <text>（第一人称视野）</text>
  </string>
  <string id="mp_frags">
    <text>杀敌数量</text>
  </string>
  <string id="mp_frags_upcase">
    <text>杀敌数量</text>
  </string>
  <string id="mp_free_fly">
    <text>（自由--摄影机）</text>
  </string>
  <string id="mp_free_look">
    <text>（第三人称视野）</text>
  </string>
  <string id="mp_from">
    <text>跟</text>
  </string>
  <string id="mp_go">
    <text>出发！</text>
  </string>
  <string id="mp_has_drop_art">
    <text>丢弃%s神器</text>
  </string>
  <string id="mp_has_tak_art">
    <text>拿取%s神器</text>
  </string>
  <string id="mp_headhuntrs">
    <text>佣兵团</text>
  </string>
  <string id="mp_is_now">
    <text>现在</text>
  </string>
  <string id="mp_joined">
    <text>已经加入</text>
  </string>
  <string id="mp_kick">
    <text>丢弃</text>
  </string>
  <string id="mp_look_at">
    <text>（自由--锁定）</text>
  </string>
  <string id="mp_map_desc">
    <text>地图说明</text>
  </string>
  <string id="mp_match_started">
    <text>对决开始！</text>
  </string>
  <string id="mp_modes">
    <text>模式</text>
  </string>
  <string id="mp_name">
    <text>名称</text>
  </string>
  <string id="mp_next">
    <text>下一个</text>
  </string>
  <string id="mp_no_voted">
    <text>尚未投票</text>
  </string>
  <string id="mp_ping">
    <text>ping</text>
  </string>
  <string id="mp_player_wins">
    <text>玩家%s赢得了对决！</text>
  </string>
  <string id="mp_players">
    <text>玩家</text>
  </string>
  <string id="mp_press_fire2spectator">
    <text>按下发射来切换到观察员模式</text>
  </string>
  <string id="mp_press_jump2pay_spaw">
    <text>按下跳跃来购买立即重生</text>
  </string>
  <string id="mp_press_jump2select_skin">
    <text>按下跳跃来选择外观</text>
  </string>
  <string id="mp_press_jump2select_team">
    <text>按下跳跃来选择队伍</text>
  </string>
  <string id="mp_press_jump2spawn">
    <text>按下跳跃来产生</text>
  </string>
  <string id="mp_press_jump2start">
    <text>按下跳跃开始</text>
  </string>
  <string id="mp_press_to_buy">
    <text>按下($$ACTION_BUY_MENU$$)来进入购买选单</text>
  </string>
  <string id="mp_press_yes2pay">
    <text>你有%d$。你可以用%d$来重生。按下确定来付款。</text>
  </string>
  <string id="mp_ready">
    <text>准备…</text>
  </string>
  <string id="mp_restart">
    <text>重新开始</text>
  </string>
  <string id="mp_restart_fast">
    <text>快速重新开始</text>
  </string>
  <string id="mp_scores">
    <text>获得一分</text>
  </string>
  <string id="mp_select_ban">
    <text>藉由投票来禁止选择的玩家</text>
  </string>
  <string id="mp_select_category">
    <text>选择投票内容</text>
  </string>
  <string id="mp_select_kick">
    <text>选择用投票踢出游戏的玩家</text>
  </string>
  <string id="mp_select_kick_player">
    <text>选择用投票踢出游戏的玩家</text>
  </string>
  <string id="mp_select_map">
    <text>选择要投票的地图</text>
  </string>
  <string id="mp_skin_selection">
    <text>外观选择</text>
  </string>
  <string id="mp_spectator">
    <text>观察员</text>
  </string>
  <string id="mp_spectators">
    <text>观察员</text>
  </string>
  <string id="mp_status">
    <text>状况</text>
  </string>
  <string id="mp_switched_to">
    <text>已经切换至</text>
  </string>
  <string id="mp_team_free_stalkers">
    <text>自由团</text>
  </string>
  <string id="mp_team_selection">
    <text>队伍选择</text>
  </string>
  <string id="mp_team_wins">
    <text>队伍 %s 胜利！</text>
  </string>
  <string id="mp_text">
    <text>文字</text>
  </string>
  <string id="mp_time2respawn">
    <text>剩余重生时间</text>
  </string>
  <string id="mp_time2start">
    <text>剩余开始时间</text>
  </string>
  <string id="mp_timeleft">
    <text>时间尚有：%d:%d; 同意 %.2f</text>
  </string>
  <string id="mp_vote_no">
    <text>不</text>
  </string>
  <string id="mp_vote_yes">
    <text>是</text>
  </string>
  <string id="mp_voted">
    <text>投票</text>
  </string>
  <string id="mp_voted_no">
    <text>对</text>
  </string>
  <string id="mp_voted_yes">
    <text>因为</text>
  </string>
  <string id="mp_voting_broken">
    <text>伺服器取消了投票！</text>
  </string>
  <string id="mp_voting_started">
    <text>投票'%s'已经在%s开始。</text>
  </string>
  <string id="mp_voting_started_msg">
    <text>投票开始！</text>
  </string>
  <string id="mp_weather_clear">
    <text>晴朗</text>
  </string>
  <string id="mp_weather_cloudy">
    <text>多云</text>
  </string>
  <string id="mp_weather_night">
    <text>夜晚</text>
  </string>
  <string id="mp_weather_rain">
    <text>雨天</text>
  </string>
  <string id="mp_with_backstab">
    <text>偷袭!!!</text>
  </string>
  <string id="mp_with_headshot">
    <text>爆脑!!!</text>
  </string>
  <string id="mp_your_rank">
    <text>你的排名现在是</text>
  </string>
  <string id="ui_st_description">
    <text>说明</text>
  </string>
  <string id="ui_st_team1_name">
    <text>自由团</text>
  </string>
  <string id="ui_st_team2_name">
    <text>佣兵团</text>
  </string>
  <string id="af_neutral">
    <text>神器</text>
  </string>
  <string id="self">
    <text>是你</text>
  </string>
  <string id="friend">
    <text>同盟</text>
  </string>
  <string id="team_base_1">
    <text>自由团基地</text>
  </string>
  <string id="team_base_2">
    <text>佣兵团基地</text>
  </string>
  <string id="mp_si_no">
    <text>不</text>
  </string>
  <string id="mp_si_yes">
    <text>是的</text>
  </string>
  <string id="mp_si_min">
    <text>分钟</text>
  </string>
  <string id="mp_si_sec">
    <text>秒钟</text>
  </string>
  <string id="mp_si_maprotation">
    <text>地图旋转</text>
  </string>
  <string id="mp_si_voting">
    <text>投票</text>
  </string>
  <string id="mp_si_enabled">
    <text>开启</text>
  </string>
  <string id="mp_si_disabled">
    <text>关闭</text>
  </string>
  <string id="mp_si_spectatormodes">
    <text>观察员模式：</text>
  </string>
  <string id="mp_si_servername">
    <text>伺服器名称：</text>
  </string>
  <string id="mp_si_version">
    <text>版本：</text>
  </string>
  <string id="mp_si_free_fly">
    <text>- 自由飞行</text>
  </string>
  <string id="mp_si_first_eye">
    <text>- 第一人称</text>
  </string>
  <string id="mp_si_look_at">
    <text>- 第三人称</text>
  </string>
  <string id="mp_si_free_look">
    <text>- 自由观看</text>
  </string>
  <string id="mp_si_team_only">
    <text>- 队伍专用</text>
  </string>
  <string id="mp_si_fraglimit">
    <text>旗帜限制</text>
  </string>
  <string id="mp_si_time_limit">
    <text>时间限制</text>
  </string>
  <string id="mp_si_invinsibility_indicators">
    <text>- 指示器</text>
  </string>
  <string id="mp_si_invinsibility_time">
    <text>- 时间</text>
  </string>
  <string id="mp_si_invinsibility">
    <text>无敌：</text>
  </string>
  <string id="mp_si_anomalies">
    <text>特异点</text>
  </string>
  <string id="mp_si_anomalies_period">
    <text>特异点周期</text>
  </string>
  <string id="mp_si_infinite">
    <text>无限大</text>
  </string>
  <string id="mp_si_forcerespawn">
    <text>势力重生</text>
  </string>
  <string id="mp_si_warmuptime">
    <text>暖身</text>
  </string>
  <string id="mp_si_autoteam_balance">
    <text>自动队伍平衡</text>
  </string>
  <string id="mp_si_autoteam_swap">
    <text>自动队伍交换</text>
  </string>
  <string id="mp_si_friendly_indicators">
    <text>友军指示器</text>
  </string>
  <string id="mp_si_friendly_names">
    <text>友军名称</text>
  </string>
  <string id="mp_si_friendly_fire">
    <text>友军伤害</text>
  </string>
  <string id="mp_si_artefacts">
    <text>神器</text>
  </string>
  <string id="mp_si_afcount">
    <text>-  总计</text>
  </string>
  <string id="mp_si_afstaytime">
    <text>-  停留时间</text>
  </string>
  <string id="mp_si_afrespawntime">
    <text>-  重生时间</text>
  </string>
  <string id="mp_si_players_respawn">
    <text>重生</text>
  </string>
  <string id="mp_si_artefact_captured">
    <text>捕获神器</text>
  </string>
  <string id="mp_si_any_time">
    <text>任何时间</text>
  </string>
  <string id="mp_si_shielded_bases">
    <text>防护基地</text>
  </string>
  <string id="mp_si_return_players">
    <text>玩家回到基地</text>
  </string>
  <string id="mp_si_afbearer_cant_sprint">
    <text>没有带着神器冲刺</text>
  </string>
</string_table>
