﻿<?xml version="1.0" encoding="windows-1252"?>
<string_table>

<string id="mm_mp_filters">
    <text>滤波器</text>
</string>
<string id="mm_mp_server_list">
    <text>伺服器列表</text>
</string>
<string id="st_mp_gsfilter">
    <text>GS滤波器</text>
</string>
<string id="mm_mp_empty">
    <text>空</text>
</string>
<string id="mm_mp_full">
    <text>满</text>
</string>
<string id="mm_mp_withpassword">
    <text>需要密码</text>
</string>
<string id="mm_mp_withoutpassword">
    <text>W/O密码</text>
</string>
<string id="mm_mp_lan">
    <text>区域网路</text>
</string>
<string id="mm_mp_internet">
    <text>网际网路</text>
</string>
<string id="mm_mp_client">
    <text>客户端</text>
</string>
<string id="mm_mp_server">
    <text>伺服器</text>
</string>
<string id="mm_mp_options">
    <text>选项</text>
</string>
<string id="mm_mp_withoutfriendlyfire">
    <text>W/O Friendly Fire[W/O误伤]</text>
</string>
<string id="mm_mp_listenservers">
    <text>监听伺服器</text>
</string>
<string id="mm_mp_player_name">
    <text>玩家名字</text>
</string>
<string id="mm_mp_cd_key">
    <text>CD Key</text>
</string>
<string id="mm_mp_serverinfo">
    <text>伺服器资讯</text>
</string>
<string id="mm_mp_quickrefresh">
    <text>快速更新</text>
</string>
<string id="mm_mp_refresh">
    <text>更新</text>
</string>
<string id="mm_mp_cancel">
    <text>取消</text>
</string>
<string id="mm_mp_join">
    <text>加入</text>
</string>
<string id="mm_mp_create">
    <text>开启</text>
</string>
<string id="mm_mp_network_connection">
    <text>网路联结</text>
</string>
<string id="mm_mp_serversettings">
    <text>伺服器设定</text>
</string>
<string id="mm_mp_servername">
    <text>伺服器名称</text>
</string>
<string id="mm_mp_password">
    <text>密码</text>
</string>
<string id="mm_mp_maxplayers">
    <text>最大玩家数</text>
</string>
<string id="mm_mp_avail_maps">
    <text>可用地图</text>
</string>
<string id="mm_mp_sel_maps">
    <text>选择地图</text>
</string>
<string id="mm_mp_dedicated">
    <text>专用的</text>
</string>
<string id="mm_mp_gamemode">
    <text>游戏模式</text>
</string>

<string id="mm_mp_publicserver">
    <text>公开伺服器</text>
</string>
<string id="mm_mp_max_ping">
    <text>最高网路回传时间</text>
</string>
<string id="mm_mp_spectator">
    <text>旁观者</text>
</string>
<string id="mm_mp_allowvoting">
    <text>允许投票</text>
</string>
<string id="mm_mp_forcerespawn">
    <text>Force Respawn[力重生]</text>
</string>
<string id="mm_mp_reinforcement">
    <text>加强</text>
</string>
<string id="mm_mp_artefactcapture">
    <text>Artifact Capture[神器猎取]</text>
</string>
<string id="mm_mp_damageblock">
    <text>阻止伤害</text>
</string>
<string id="mm_mp_damageblockindicator">
    <text>Damage Block Indicator[阻止伤害指示器]</text>
</string>
<string id="mm_mp_weatheroptions">
    <text>天气选项</text>
</string>
<string id="mm_mp_startweather">
    <text>开始天气r</text>
</string>
<string id="mm_mp_rateofchange">
    <text>变化率</text>
</string>
<string id="mm_mp_spectator_teamonly">
    <text>只有旁观者队伍</text>
</string>
<string id="mm_mp_spectator_freefly">
    <text>Spectator Freefly[旁观者自由飞行]</text>
</string>
<string id="mm_mp_spectator_firsteye">
    <text>Spectator First Person[旁观者第1人称]</text>
</string>
<string id="mm_mp_spectator_lookat">
    <text>Spectator Lookat[瞧旁观者]</text>
</string>
<string id="mm_mp_spectator_freelook">
    <text>Spectator Freelook[旁观者自由观看]</text>
</string>
<string id="mm_mp_serverlist">
    <text>伺服器列表</text>
</string>
<string id="mm_mp_friendlyfire">
    <text>Friendly Fire[友好开火]</text>
</string>
<string id="mm_mp_fraglimit">
    <text>Frag Limit[旗帜限制]</text>
</string>
<string id="mm_mp_timelimit">
    <text>时限</text>
</string>
<string id="mm_mp_artefstay">
    <text>Artifact Stay[留神器]</text>
</string>
<string id="mm_mp_artefnum">
    <text>Artifact Number[神器号码]</text>
</string>
<string id="mm_mp_artefdelay">
    <text>Artifact Delay[神器迟滞]</text>
</string>
<string id="mm_mp_anomalytime">
    <text>Anomaly Time[不规则时刻]</text>
</string>
<string id="mm_mp_warmuptime">
    <text>Warmup Time[热身时间]</text>
</string>
<string id="mm_mp_autoteambalance">
    <text>Auto Team Balance[自动小队平衡]</text>
</string>
<string id="mm_mp_autoteamswap">
    <text>Auto Team Swap[自动小队交换]</text>
</string>
<string id="mm_mp_friendlyindicators">
    <text>Friendly Indicators[好友的指标]</text>
</string>
<string id="mm_mp_friendlynames">
    <text>Friendly Names[好友的名字]</text>
</string>
<string id="mm_mp_noanomalies">
    <text>无异常现象</text>
</string>
<string id="mp_players">
    <text>玩家</text>
</string>
<string id="mp_description">
    <text>军用的仓库</text>
</string>
<string id="mm_mp_server_prop">
    <text>伺服器属性</text>
</string>
<string id="mm_mp_players">
    <text>玩家</text>
</string>
<string id="mm_mp_frags">
    <text>Frags[断支]</text>
</string>
<string id="mm_mp_deaths">
    <text>Deaths[死亡人数]</text>
</string>
<string id="mm_mp_free_stalkers">
    <text>Free Stalkers[自由潜行者]</text>
</string>
<string id="mm_mp_headhunters">
    <text>猎头者</text>
</string>

</string_table>
