<?xml version="1.0" encoding="UTF-8" ?>
<string_table>
	<string id="Duty">
		<text>"纪律团"</text>
	</string>
	<string id="Freedom">
		<text>"自由团"</text>
	</string>
	<string id="bar_bar_guard_name">
		<text>加里克</text>
	</string>
	<string id="bar_beast_name">
		<text>野兽</text>
	</string>
	<string id="bar_ivancov_name">
		<text>伊万科夫队长</text>
	</string>
	<string id="bar_kicenko_name">
		<text>基辛格警长</text>
	</string>
	<string id="bar_lisiy_name">
		<text>秃子</text>
	</string>
	<string id="cit_bandits_leader_name">
		<text>飞毛腿</text>
	</string>
	<string id="cit_killers_leader_name">
		<text>圣战者</text>
	</string>
	<string id="dar_kalugin_name">
		<text>卡卢金 P.I.</text>
	</string>
	<string id="enc_weapons1_wpn-bizon">
		<text>PP-19'野牛'冲锋枪是在宽标准化自动步枪AK-74的基础上为MVD军械开发的。“野牛”装备了高容量64发的弹筒。弹筒位置十分便利，并且发挥了握柄的作用。\n弹药：\n9x18mm\n9x18mm P</text>
	</string>
	<string id="enc_weapons1_wpn-g37">
		<text>弹药 - \n • 5.56x45mm SS109 \n • 5.56x45mm 穿甲弹 \n 黑克勒和科赫型G36 - 德国生产的突击步枪，这是最新武器的优秀范例 - 人体工程学。这种把枪在“果冻”异常点泡了很久，并获得了独特的性能 - 极大的增加了破坏力和射程。除了这一点，还配备了M-203下的集成北约枪榴弹发射器。</text>
	</string>
	<string id="gar_dolg_blokpost_leader_name">
		<text>布拉伯</text>
	</string>
	<string id="maroder">
		<text>掠夺者</text>
	</string>
	<string id="maroderka">
		<text>掠夺者</text>
	</string>
	<string id="mil_Svoboda_engineer_name">
		<text>螺丝钉</text>
	</string>
	<string id="mil_Svoboda_leader_name">
		<text>卢卡斯</text>
	</string>
	<string id="mil_Svoboda_stukach_name">
		<text>帕夫利克</text>
	</string>
	<string id="mil_klyak_start_dialog_10">
		<text>好吧，我这就去，可能会发现一些有趣的事情。</text>
	</string>
	<string id="mil_klyak_start_dialog_6">
		<text>好了，我们现在怎么办？</text>
	</string>
	<string id="mil_klyak_start_dialog_7">
		<text>我们仍然不知道是谁在背后搞鬼。但是，我们已经了解到，有这样一群人，在X-16实验室对人类进行可怕的实验。顺便说一句，我觉得她不是一个人，肯定的。你看，有必要去X-18实验室探索一番。</text>
	</string>
	<string id="mil_klyak_start_dialog_8">
		<text>为什么呢？有勇士去了，真是不可理喻，我们要走了。</text>
	</string>
	<string id="mil_klyak_start_dialog_9">
		<text>这个笔记本有一条相对较新的条目。甚至不到一个月，你知道我的意思吗？有人最近来过。</text>
	</string>

	<string id="modes">
		<text>模式</text>
	</string>

	<string id="osvedom_trade_semeckii_est_4">
		<text>好吧，还有什么需要我的呢？</text>
	</string>
	<string id="osvedom_trade_semeckii_est_5">
		<text>我们得搭个车。您提供的信息很少, 但仍然...</text>
	</string>
	<string id="osvedom_trade_semeckii_est_6">
		<text>什么？别藏着掖着。</text>
	</string>
	<string id="osvedom_trade_semeckii_est_7">
		<text>噢, 怎么了!别急, 没关系,给我你的PDA，拿着这个藏匿点的坐标。</text>
	</string>
	<string id="pri_monolith_leader_name">
		<text>冥卫一</text>
	</string>
	<string id="rad_ecolog_guard_name">
		<text>助理</text>
	</string>
	<string id="rad_ecolog_name">
		<text>助理</text>
	</string>
	<string id="sar2_arena_manager_name">
		<text>阿尼</text>
	</string>
	<string id="sar2_arena_savage_name">
		<text>野兽</text>
	</string>
	<string id="sar2_bandit_leader_name">
		<text>瓦斯亚 "野猪"</text>
	</string>
	<string id="sar2_borov_name">
		<text>猪</text>
	</string>
	<string id="sar2_dolg_blokpost_leader_name">
		<text>布拉伯</text>
	</string>
	<string id="sar2_dram_novice_name">
		<text>尤里克</text>
	</string>
	<string id="sar2_fox_name">
		<text>"狐狸"</text>
	</string>
	<string id="sar2_haron_name">
		<text>冥卫一</text>
	</string>
	<string id="sar2_hellcar_name">
		<text>"魔鬼"</text>
	</string>
	<string id="sar2_informator_name">
		<text>鹦鹉</text>
	</string>
	<string id="sar2_ivancov_name">
		<text>伊万索夫队长</text>
	</string>
	<string id="sar2_krot_name">
		<text>潜行者“鼹鼠”</text>
	</string>
	<string id="sar2_kruglov_name">
		<text>克鲁格洛夫教授</text>
	</string>
	<string id="sar2_kuznetsov_name">
		<text>库兹涅佐夫主任</text>
	</string>
	<string id="sar2_lucky_name">
		<text>幸运儿</text>
	</string>
	<string id="sar2_petrenko_name">
		<text>彼得连科</text>
	</string>
	<string id="sar2_petruha_name">
		<text>佐利克</text>
	</string>
	<string id="sar2_professor_name">
		<text>萨哈罗夫教授</text>
	</string>
	<string id="sar2_ryaboy_name">
		<text>麻子</text>
	</string>
	<string id="sar2_seryi_name">
		<text>"灰色"</text>
	</string>
	<string id="sar2_svoboda_blockpost_leader_name">
		<text>"肯"</text>
	</string>
	<string id="sar2_svoboda_cook_name">
		<text>"厨师"</text>
	</string>
	<string id="sar2_svoboda_engeneer_name">
		<text>螺钉</text>
	</string>
	<string id="sar2_svoboda_leader_name">
		<text>"卢卡什"</text>
	</string>
	<string id="sar2_svoboda_max_name">
		<text>"麦克斯"</text>
	</string>
	<string id="sar2_svoboda_stukach_name">
		<text>帕弗里克</text>
	</string>
	<string id="sar2_svoboda_trader_name">
		<text>"帅哥"</text>
	</string>
	<string id="sar2_svoboda_ugrumyi_name">
		<text>"穆迪"</text>
	</string>
	<string id="sar2_tiran_name">
		<text>暴君</text>
	</string>
	<string id="sar2_tolik_name">
		<text>托里克</text>
	</string>
	<string id="sar2_volkodav_name">
		<text>猎狼犬</text>
	</string>
	<string id="sar2_voronin_name">
		<text>沃罗宁将军</text>
	</string>
	<string id="sar2_wolf_name">
		<text>沃夫</text>
	</string>

	<string id="sverhprovodnik_dialog_10">
		<text>我很清楚。 是的, 挑战是很难的, 但我不信邪, 所以一定要找到 "超导体", 找到去沼泽的路。</text>
	</string>
	<string id="sverhprovodnik_dialog_6">
		<text>他还说, 你可以向我展示从陆军仓库穿过死城到沼泽地的秘密道路。我刚来这里, 但还在什么都不懂。</text>
	</string>
	<string id="sverhprovodnik_dialog_7">
		<text>嗯, 医生说了, 我会帮助你的, 有更多的道路当然更好。但只有一件事。您只能通过使用一个非常罕见的神器来打开此路径。它被命名为 "超导体", 因为它能在很长一段时间里打破空间, 从而创造空间走廊, 即所谓的 "秘密通道", 可以用来在先前无法进入的路线上移动。与它的"弟弟"低阶导体需要好几步来激活不同，你只要拿起超导体就可以。有一点: 找到这个神器是非常困难的。它出现时间很短, 大约一个小时, 在某处的夜晚一点到两点间。如果你那时找不到它, 它就会消失。就是这样...</text>
	</string>
	<string id="sverhprovodnik_dialog_8">
		<text>哦, 很有意思。我会试着去找这个超导体。这是一条重要的道路, 未来会派上用场的。告诉我一个能找到它的大概的位置。</text>
	</string>
	<string id="sverhprovodnik_dialog_9">
		<text>好吧, 说到线索, 它打开的路径在一个仓库里，我们需要搜索仓库。在特异区中其他地方我见过一次，你可能已经猜到了-在沼泽。仓库里具体什么地方很难说, 但我认为, 在偏远的地方。只要记住, 它只出现一小时, 凌晨一点到两点之间。如果你发现了它, 把它带给我, 你会打开经由死城从仓库到沼泽的通道。哦, 还有一件事: 你将有三天时间寻找, 最多四天。那之后, 整个月都不会有很好的条件去寻找了。所以, 不要浪费时间。</text>
	</string>
	<string id="tm_job_completed">
		<text>我完成了任务.</text>
	</string>

	<string id="ui_st_btn_copy_url">
		<text>复制链接</text>
	</string>
	<string id="ui_st_btn_download_map">
		<text>载入地图</text>
	</string>
	<string id="ui_st_map_data_corrupted">
		<text>地图不正确或损坏</text>
	</string>
	<string id="ui_st_map_not_found">
		<text>未找到地图</text>
	</string>

	<string id="ui_st_team">
		<text>小队</text>
	</string>
	<string id="val_pulia_name">
		<text>子弹</text>
	</string>
	<string id="wpn-bizon">
		<text>PP-19 野牛</text>
	</string>
	<string id="wpn-tt33">
		<text>TT-33</text>
	</string>
	<string id="yan_find_lab">
		<text>进入实验室.</text>
	</string>
	<string id="yan_semenov_name">
		<text>谢苗诺夫</text>
	</string>
	<string id="yantar_general_ucheniy_story_0">
		<text>我听说过一个在死区的外国探险队...</text>
	</string>
</string_table>